
Trial 1: N=318488145898361 (49 bits), p=11951699, q=26647939
  m=105 (primes<= 7), m0=8, X=m*m0=840, S=[5, 7], t=2, M=35, rho=0.571, Y=2.000
  lambda0~733.0, Lambda_R=10369, Lambda_S=601, L*=20774
  RESULT: factor 26647939  via collision mod p (multipoint gcd)  (0.0s)
  oracle (correct candidate): branch=regular, i in [0,2Lambda]=True, i==Q(k_p) mod ell=True, e* in E_R=True, alpha^e*==giant mod p=True
  giantsteps: regular=496, skinny=80
  babysteps: sieved |E_R|=11872 of dense 20774 (ratio 0.571, rho=0.571); skinny 1203; plain HH shortest-vector baseline 2233

Trial 2: N=426628557426787 (49 bits), p=15484817, q=27551411
  m=105 (primes<= 7), m0=8, X=m*m0=840, S=[5, 7], t=2, M=35, rho=0.571, Y=2.000
  lambda0~848.4, Lambda_R=12001, Lambda_S=695, L*=24038
  RESULT: factor 27551411  via collision mod p (multipoint gcd)  (0.0s)
  oracle (correct candidate): branch=regular, i in [0,2Lambda]=True, i==Q(k_p) mod ell=True, e* in E_R=True, alpha^e*==giant mod p=True
  giantsteps: regular=448, skinny=128
  babysteps: sieved |E_R|=13736 of dense 24038 (ratio 0.571, rho=0.571); skinny 1391; plain HH shortest-vector baseline 2585

Trial 3: N=241704053049497 (48 bits), p=10742717, q=22499341
  m=105 (primes<= 7), m0=7, X=m*m0=735, S=[5, 7], t=2, M=35, rho=0.571, Y=2.000
  lambda0~780.2, Lambda_R=11036, Lambda_S=640, L*=22108
  RESULT: factor 22499341  via collision mod p (multipoint gcd)  (0.0s)
  oracle (correct candidate): branch=skinny, i in [0,2Lambda]=True, i==Q(k_p) mod ell=True, e* in E_R=None, alpha^e*==giant mod p=True
  giantsteps: regular=392, skinny=136
  babysteps: sieved |E_R|=12634 of dense 22108 (ratio 0.571, rho=0.571); skinny 1281; plain HH shortest-vector baseline 2377

Trial 4: N=261506466758371 (48 bits), p=12583217, q=20782163
  m=105 (primes<= 7), m0=7, X=m*m0=735, S=[5, 7], t=2, M=35, rho=0.571, Y=2.000
  lambda0~811.5, Lambda_R=11479, Lambda_S=665, L*=22994
  RESULT: factor 12583217  via collision mod p (multipoint gcd)  (0.0s)
  oracle (correct candidate): branch=regular, i in [0,2Lambda]=True, i==Q(k_p) mod ell=True, e* in E_R=True, alpha^e*==giant mod p=True
  giantsteps: regular=344, skinny=184
  babysteps: sieved |E_R|=13139 of dense 22994 (ratio 0.571, rho=0.571); skinny 1331; plain HH shortest-vector baseline 2473

Trial 5: N=153494162540933 (48 bits), p=8625913, q=17794541
  m=105 (primes<= 7), m0=7, X=m*m0=735, S=[5, 7], t=2, M=35, rho=0.571, Y=2.000
  lambda0~621.7, Lambda_R=8795, Lambda_S=510, L*=17626
  RESULT: factor 17794541  via collision mod p (multipoint gcd)  (0.0s)
  oracle (correct candidate): branch=regular, i in [0,2Lambda]=True, i==Q(k_p) mod ell=True, e* in E_R=True, alpha^e*==giant mod p=True
  giantsteps: regular=368, skinny=160
  babysteps: sieved |E_R|=10073 of dense 17626 (ratio 0.571, rho=0.571); skinny 1021; plain HH shortest-vector baseline 1895

Trial 6: N=372568702636271 (49 bits), p=16294973, q=22864027
  m=105 (primes<= 7), m0=8, X=m*m0=840, S=[5, 7], t=2, M=35, rho=0.571, Y=2.000
  lambda0~792.8, Lambda_R=11215, Lambda_S=650, L*=22466
  RESULT: factor 16294973  via collision mod p (multipoint gcd)  (0.0s)
  oracle (correct candidate): branch=regular, i in [0,2Lambda]=True, i==Q(k_p) mod ell=True, e* in E_R=True, alpha^e*==giant mod p=True
  giantsteps: regular=392, skinny=184
  babysteps: sieved |E_R|=12839 of dense 22466 (ratio 0.571, rho=0.571); skinny 1301; plain HH shortest-vector baseline 2415

Trial 7: N=200192896240177 (48 bits), p=9300149, q=21525773
  m=105 (primes<= 7), m0=7, X=m*m0=735, S=[5, 7], t=2, M=35, rho=0.571, Y=2.000
  lambda0~710.1, Lambda_R=10044, Lambda_S=582, L*=20124
  RESULT: factor 9300149  via collision mod p (multipoint gcd)  (0.0s)
  oracle (correct candidate): branch=skinny, i in [0,2Lambda]=True, i==Q(k_p) mod ell=True, e* in E_R=None, alpha^e*==giant mod p=True
  giantsteps: regular=392, skinny=136
  babysteps: sieved |E_R|=11499 of dense 20124 (ratio 0.571, rho=0.571); skinny 1165; plain HH shortest-vector baseline 2165

Trial 8: N=420507354718747 (49 bits), p=16079117, q=26152391
  m=105 (primes<= 7), m0=8, X=m*m0=840, S=[5, 7], t=2, M=35, rho=0.571, Y=2.000
  lambda0~842.3, Lambda_R=11914, Lambda_S=690, L*=23864
  RESULT: factor 16079117  via collision mod p (multipoint gcd)  (0.0s)
  oracle (correct candidate): branch=regular, i in [0,2Lambda]=True, i==Q(k_p) mod ell=True, e* in E_R=True, alpha^e*==giant mod p=True
  giantsteps: regular=448, skinny=128
  babysteps: sieved |E_R|=13637 of dense 23864 (ratio 0.571, rho=0.571); skinny 1381; plain HH shortest-vector baseline 2567

Trial 9: N=163718022211741 (48 bits), p=11803709, q=13870049
  m=105 (primes<= 7), m0=7, X=m*m0=735, S=[5, 7], t=2, M=35, rho=0.571, Y=2.000
  lambda0~642.1, Lambda_R=9083, Lambda_S=527, L*=18202
  RESULT: factor 13870049  via collision mod p (multipoint gcd)  (0.0s)
  oracle (correct candidate): branch=regular, i in [0,2Lambda]=True, i==Q(k_p) mod ell=True, e* in E_R=True, alpha^e*==giant mod p=True
  giantsteps: regular=344, skinny=184
  babysteps: sieved |E_R|=10402 of dense 18202 (ratio 0.571, rho=0.571); skinny 1055; plain HH shortest-vector baseline 1957

Trial 10: N=173358048269599 (48 bits), p=9833441, q=17629439
  m=105 (primes<= 7), m0=7, X=m*m0=735, S=[5, 7], t=2, M=35, rho=0.571, Y=2.000
  lambda0~660.8, Lambda_R=9347, Lambda_S=542, L*=18730
  RESULT: factor 9833441  via collision mod p (multipoint gcd)  (0.0s)
  oracle (correct candidate): branch=regular, i in [0,2Lambda]=True, i==Q(k_p) mod ell=True, e* in E_R=True, alpha^e*==giant mod p=True
  giantsteps: regular=344, skinny=184
  babysteps: sieved |E_R|=10703 of dense 18730 (ratio 0.571, rho=0.571); skinny 1085; plain HH shortest-vector baseline 2015

Trial 11: N=240277238800987 (48 bits), p=8595781, q=27952927
  m=105 (primes<= 7), m0=7, X=m*m0=735, S=[5, 7], t=2, M=35, rho=0.571, Y=2.000
  lambda0~777.9, Lambda_R=11004, Lambda_S=638, L*=22044
  RESULT: factor 8595781  via collision mod p (multipoint gcd)  (0.0s)
  oracle (correct candidate): branch=regular, i in [0,2Lambda]=True, i==Q(k_p) mod ell=True, e* in E_R=True, alpha^e*==giant mod p=True
  giantsteps: regular=456, skinny=72
  babysteps: sieved |E_R|=12597 of dense 22044 (ratio 0.571, rho=0.571); skinny 1277; plain HH shortest-vector baseline 2371

Trial 12: N=214808874916787 (48 bits), p=12334501, q=17415287
  m=105 (primes<= 7), m0=7, X=m*m0=735, S=[5, 7], t=2, M=35, rho=0.571, Y=2.000
  lambda0~735.5, Lambda_R=10404, Lambda_S=603, L*=20844
  RESULT: factor 17415287  via collision mod p (multipoint gcd)  (0.0s)
  oracle (correct candidate): branch=skinny, i in [0,2Lambda]=True, i==Q(k_p) mod ell=True, e* in E_R=None, alpha^e*==giant mod p=True
  giantsteps: regular=368, skinny=160
  babysteps: sieved |E_R|=11912 of dense 20844 (ratio 0.571, rho=0.571); skinny 1207; plain HH shortest-vector baseline 2241

Trial 13: N=358759065966263 (49 bits), p=13504093, q=26566691
  m=105 (primes<= 7), m0=8, X=m*m0=840, S=[5, 7], t=2, M=35, rho=0.571, Y=2.000
  lambda0~778.0, Lambda_R=11005, Lambda_S=638, L*=22046
  RESULT: factor 13504093  via collision mod p (multipoint gcd)  (0.0s)
  oracle (correct candidate): branch=regular, i in [0,2Lambda]=True, i==Q(k_p) mod ell=True, e* in E_R=True, alpha^e*==giant mod p=True
  giantsteps: regular=408, skinny=168
  babysteps: sieved |E_R|=12599 of dense 22046 (ratio 0.571, rho=0.571); skinny 1277; plain HH shortest-vector baseline 2371

Trial 14: N=218719749262811 (48 bits), p=12468739, q=17541449
  m=105 (primes<= 7), m0=7, X=m*m0=735, S=[5, 7], t=2, M=35, rho=0.571, Y=2.000
  lambda0~742.2, Lambda_R=10499, Lambda_S=608, L*=21034
  RESULT: factor 17541449  via collision mod p (multipoint gcd)  (0.0s)
  oracle (correct candidate): branch=regular, i in [0,2Lambda]=True, i==Q(k_p) mod ell=True, e* in E_R=True, alpha^e*==giant mod p=True
  giantsteps: regular=480, skinny=48
  babysteps: sieved |E_R|=12019 of dense 21034 (ratio 0.571, rho=0.571); skinny 1217; plain HH shortest-vector baseline 2261

Trial 15: N=138579537358387 (47 bits), p=11144153, q=12435179
  m=105 (primes<= 7), m0=6, X=m*m0=630, S=[5, 7], t=2, M=35, rho=0.571, Y=2.000
  lambda0~744.5, Lambda_R=10531, Lambda_S=610, L*=21098
  RESULT: factor 11144153  via collision mod p (multipoint gcd)  (0.0s)
  oracle (correct candidate): branch=skinny, i in [0,2Lambda]=True, i==Q(k_p) mod ell=True, e* in E_R=None, alpha^e*==giant mod p=True
  giantsteps: regular=368, skinny=64
  babysteps: sieved |E_R|=12056 of dense 21098 (ratio 0.571, rho=0.571); skinny 1221; plain HH shortest-vector baseline 2269

Trial 16: N=361811321411329 (49 bits), p=12147007, q=29786047
  m=105 (primes<= 7), m0=8, X=m*m0=840, S=[5, 7], t=2, M=35, rho=0.571, Y=2.000
  lambda0~781.3, Lambda_R=11052, Lambda_S=640, L*=22140
  RESULT: factor 12147007  via collision mod p (multipoint gcd)  (0.0s)
  oracle (correct candidate): branch=regular, i in [0,2Lambda]=True, i==Q(k_p) mod ell=True, e* in E_R=True, alpha^e*==giant mod p=True
  giantsteps: regular=464, skinny=112
  babysteps: sieved |E_R|=12652 of dense 22140 (ratio 0.571, rho=0.571); skinny 1281; plain HH shortest-vector baseline 2381

Trial 17: N=465663751151861 (49 bits), p=16074449, q=28969189
  m=105 (primes<= 7), m0=8, X=m*m0=840, S=[5, 7], t=2, M=35, rho=0.571, Y=2.000
  lambda0~886.4, Lambda_R=12538, Lambda_S=726, L*=25112
  RESULT: factor 16074449  via collision mod p (multipoint gcd)  (0.1s)
  oracle (correct candidate): branch=regular, i in [0,2Lambda]=True, i==Q(k_p) mod ell=True, e* in E_R=True, alpha^e*==giant mod p=True
  giantsteps: regular=496, skinny=80
  babysteps: sieved |E_R|=14351 of dense 25112 (ratio 0.571, rho=0.571); skinny 1453; plain HH shortest-vector baseline 2699

Trial 18: N=138717620272397 (47 bits), p=9339857, q=14852221
  m=105 (primes<= 7), m0=6, X=m*m0=630, S=[5, 7], t=2, M=35, rho=0.571, Y=2.000
  lambda0~744.8, Lambda_R=10536, Lambda_S=611, L*=21108
  RESULT: factor 14852221  via collision mod p (multipoint gcd)  (0.0s)
  oracle (correct candidate): branch=regular, i in [0,2Lambda]=True, i==Q(k_p) mod ell=True, e* in E_R=True, alpha^e*==giant mod p=True
  giantsteps: regular=304, skinny=128
  babysteps: sieved |E_R|=12062 of dense 21108 (ratio 0.571, rho=0.571); skinny 1223; plain HH shortest-vector baseline 2269

Trial 19: N=367603559426239 (49 bits), p=13375169, q=27484031
  m=105 (primes<= 7), m0=8, X=m*m0=840, S=[5, 7], t=2, M=35, rho=0.571, Y=2.000
  lambda0~787.5, Lambda_R=11140, Lambda_S=646, L*=22316
  RESULT: factor 27484031  via collision mod p (multipoint gcd)  (0.0s)
  oracle (correct candidate): branch=regular, i in [0,2Lambda]=True, i==Q(k_p) mod ell=True, e* in E_R=True, alpha^e*==giant mod p=True
  giantsteps: regular=464, skinny=112
  babysteps: sieved |E_R|=12753 of dense 22316 (ratio 0.571, rho=0.571); skinny 1293; plain HH shortest-vector baseline 2399

Trial 20: N=530434630939429 (49 bits), p=16607839, q=31938811
  m=105 (primes<= 7), m0=8, X=m*m0=840, S=[5, 7], t=2, M=35, rho=0.571, Y=2.000
  lambda0~946.0, Lambda_R=13381, Lambda_S=775, L*=26798
  RESULT: factor 16607839  via collision mod p (multipoint gcd)  (0.1s)
  oracle (correct candidate): branch=regular, i in [0,2Lambda]=True, i==Q(k_p) mod ell=True, e* in E_R=True, alpha^e*==giant mod p=True
  giantsteps: regular=464, skinny=112
  babysteps: sieved |E_R|=15314 of dense 26798 (ratio 0.571, rho=0.571); skinny 1551; plain HH shortest-vector baseline 2881

Trial 21: N=157461972350197 (48 bits), p=10087703, q=15609299
  m=105 (primes<= 7), m0=7, X=m*m0=735, S=[5, 7], t=2, M=35, rho=0.571, Y=2.000
  lambda0~629.7, Lambda_R=8908, Lambda_S=517, L*=17852
  RESULT: factor 10087703  via collision mod p (multipoint gcd)  (0.0s)
  oracle (correct candidate): branch=regular, i in [0,2Lambda]=True, i==Q(k_p) mod ell=True, e* in E_R=True, alpha^e*==giant mod p=True
  giantsteps: regular=392, skinny=136
  babysteps: sieved |E_R|=10202 of dense 17852 (ratio 0.571, rho=0.571); skinny 1035; plain HH shortest-vector baseline 1919

Trial 22: N=174027688632547 (48 bits), p=12309239, q=14137973
  m=105 (primes<= 7), m0=7, X=m*m0=735, S=[5, 7], t=2, M=35, rho=0.571, Y=2.000
  lambda0~662.0, Lambda_R=9365, Lambda_S=543, L*=18766
  RESULT: factor 14137973  via collision mod p (multipoint gcd)  (0.0s)
  oracle (correct candidate): branch=skinny, i in [0,2Lambda]=True, i==Q(k_p) mod ell=True, e* in E_R=None, alpha^e*==giant mod p=True
  giantsteps: regular=392, skinny=136
  babysteps: sieved |E_R|=10723 of dense 18766 (ratio 0.571, rho=0.571); skinny 1087; plain HH shortest-vector baseline 2019

Trial 23: N=186196776172051 (48 bits), p=11245499, q=16557449
  m=105 (primes<= 7), m0=7, X=m*m0=735, S=[5, 7], t=2, M=35, rho=0.571, Y=2.000
  lambda0~684.8, Lambda_R=9687, Lambda_S=562, L*=19410
  RESULT: factor 16557449  via exact match + Lemma 2.4  (0.0s)
  oracle (correct candidate): branch=skinny, i in [0,2Lambda]=True, i==Q(k_p) mod ell=True, e* in E_R=None, alpha^e*==giant mod p=True
  giantsteps: regular=344, skinny=184
  babysteps: sieved |E_R|=11092 of dense 19410 (ratio 0.571, rho=0.571); skinny 1125; plain HH shortest-vector baseline 2087

Trial 24: N=349262599190651 (49 bits), p=16479227, q=21194113
  m=105 (primes<= 7), m0=8, X=m*m0=840, S=[5, 7], t=2, M=35, rho=0.571, Y=2.000
  lambda0~767.6, Lambda_R=10859, Lambda_S=629, L*=21754
  RESULT: factor 21194113  via collision mod p (multipoint gcd)  (0.0s)
  oracle (correct candidate): branch=skinny, i in [0,2Lambda]=True, i==Q(k_p) mod ell=True, e* in E_R=None, alpha^e*==giant mod p=True
  giantsteps: regular=496, skinny=80
  babysteps: sieved |E_R|=12432 of dense 21754 (ratio 0.571, rho=0.571); skinny 1259; plain HH shortest-vector baseline 2339

Trial 25: N=193531145512709 (48 bits), p=11503433, q=16823773
  m=105 (primes<= 7), m0=7, X=m*m0=735, S=[5, 7], t=2, M=35, rho=0.571, Y=2.000
  lambda0~698.1, Lambda_R=9876, Lambda_S=573, L*=19788
  RESULT: factor 11503433  via collision mod p (multipoint gcd)  (0.0s)
  oracle (correct candidate): branch=skinny, i in [0,2Lambda]=True, i==Q(k_p) mod ell=True, e* in E_R=None, alpha^e*==giant mod p=True
  giantsteps: regular=376, skinny=152
  babysteps: sieved |E_R|=11307 of dense 19788 (ratio 0.571, rho=0.571); skinny 1147; plain HH shortest-vector baseline 2127

Trial 26: N=490993483898483 (49 bits), p=15512663, q=31651141
  m=105 (primes<= 7), m0=8, X=m*m0=840, S=[5, 7], t=2, M=35, rho=0.571, Y=2.000
  lambda0~910.2, Lambda_R=12874, Lambda_S=746, L*=25784
  RESULT: factor 31651141  via collision mod p (multipoint gcd)  (0.0s)
  oracle (correct candidate): branch=regular, i in [0,2Lambda]=True, i==Q(k_p) mod ell=True, e* in E_R=True, alpha^e*==giant mod p=True
  giantsteps: regular=416, skinny=160
  babysteps: sieved |E_R|=14735 of dense 25784 (ratio 0.571, rho=0.571); skinny 1493; plain HH shortest-vector baseline 2773

Trial 27: N=164320678686559 (48 bits), p=8507467, q=19314877
  m=105 (primes<= 7), m0=7, X=m*m0=735, S=[5, 7], t=2, M=35, rho=0.571, Y=2.000
  lambda0~643.3, Lambda_R=9100, Lambda_S=528, L*=18236
  RESULT: factor 8507467  via collision mod p (multipoint gcd)  (0.0s)
  oracle (correct candidate): branch=regular, i in [0,2Lambda]=True, i==Q(k_p) mod ell=True, e* in E_R=True, alpha^e*==giant mod p=True
  giantsteps: regular=432, skinny=96
  babysteps: sieved |E_R|=10421 of dense 18236 (ratio 0.571, rho=0.571); skinny 1057; plain HH shortest-vector baseline 1961

Trial 28: N=379187016378889 (49 bits), p=14840443, q=25550923
  m=105 (primes<= 7), m0=8, X=m*m0=840, S=[5, 7], t=2, M=35, rho=0.571, Y=2.000
  lambda0~799.8, Lambda_R=11314, Lambda_S=656, L*=22664
  RESULT: factor 14840443  via collision mod p (multipoint gcd)  (0.0s)
  oracle (correct candidate): branch=regular, i in [0,2Lambda]=True, i==Q(k_p) mod ell=True, e* in E_R=True, alpha^e*==giant mod p=True
  giantsteps: regular=464, skinny=112
  babysteps: sieved |E_R|=12952 of dense 22664 (ratio 0.571, rho=0.571); skinny 1313; plain HH shortest-vector baseline 2437

Trial 29: N=185899418929589 (48 bits), p=13449571, q=13821959
  m=105 (primes<= 7), m0=7, X=m*m0=735, S=[5, 7], t=2, M=35, rho=0.571, Y=2.000
  lambda0~684.2, Lambda_R=9679, Lambda_S=561, L*=19394
  RESULT: factor 13449571  via collision mod p (multipoint gcd)  (0.0s)
  oracle (correct candidate): branch=regular, i in [0,2Lambda]=True, i==Q(k_p) mod ell=True, e* in E_R=True, alpha^e*==giant mod p=True
  giantsteps: regular=376, skinny=152
  babysteps: sieved |E_R|=11082 of dense 19394 (ratio 0.571, rho=0.571); skinny 1123; plain HH shortest-vector baseline 2085

Trial 30: N=256662239422873 (48 bits), p=10204223, q=25152551
  m=105 (primes<= 7), m0=7, X=m*m0=735, S=[5, 7], t=2, M=35, rho=0.571, Y=2.000
  lambda0~804.0, Lambda_R=11373, Lambda_S=659, L*=22782
  RESULT: factor 25152551  via collision mod p (multipoint gcd)  (0.0s)
  oracle (correct candidate): branch=regular, i in [0,2Lambda]=True, i==Q(k_p) mod ell=True, e* in E_R=True, alpha^e*==giant mod p=True
  giantsteps: regular=392, skinny=136
  babysteps: sieved |E_R|=13019 of dense 22782 (ratio 0.571, rho=0.571); skinny 1319; plain HH shortest-vector baseline 2449

Trial 31: N=230392704279863 (48 bits), p=9737639, q=23660017
  m=105 (primes<= 7), m0=7, X=m*m0=735, S=[5, 7], t=2, M=35, rho=0.571, Y=2.000
  lambda0~761.7, Lambda_R=10775, Lambda_S=624, L*=21586
  RESULT: factor 9737639  via collision mod p (multipoint gcd)  (0.0s)
  oracle (correct candidate): branch=skinny, i in [0,2Lambda]=True, i==Q(k_p) mod ell=True, e* in E_R=None, alpha^e*==giant mod p=True
  giantsteps: regular=392, skinny=136
  babysteps: sieved |E_R|=12336 of dense 21586 (ratio 0.571, rho=0.571); skinny 1249; plain HH shortest-vector baseline 2321

Trial 32: N=385707903137309 (49 bits), p=12268801, q=31438109
  m=105 (primes<= 7), m0=8, X=m*m0=840, S=[5, 7], t=2, M=35, rho=0.571, Y=2.000
  lambda0~806.7, Lambda_R=11411, Lambda_S=661, L*=22858
  RESULT: factor 12268801  via Lemma 3.11 certification  (0.0s)

Trial 33: N=272044052605547 (48 bits), p=13130659, q=20718233
  m=105 (primes<= 7), m0=7, X=m*m0=735, S=[5, 7], t=2, M=35, rho=0.571, Y=2.000
  lambda0~827.7, Lambda_R=11708, Lambda_S=678, L*=23452
  RESULT: factor 13130659  via collision mod p (multipoint gcd)  (0.0s)
  oracle (correct candidate): branch=skinny, i in [0,2Lambda]=True, i==Q(k_p) mod ell=True, e* in E_R=None, alpha^e*==giant mod p=True
  giantsteps: regular=392, skinny=136
  babysteps: sieved |E_R|=13402 of dense 23452 (ratio 0.571, rho=0.571); skinny 1357; plain HH shortest-vector baseline 2521

Trial 34: N=429198143918617 (49 bits), p=13565207, q=31639631
  m=105 (primes<= 7), m0=8, X=m*m0=840, S=[5, 7], t=2, M=35, rho=0.571, Y=2.000
  lambda0~851.0, Lambda_R=12037, Lambda_S=697, L*=24110
  RESULT: factor 31639631  via collision mod p (multipoint gcd)  (0.0s)
  oracle (correct candidate): branch=regular, i in [0,2Lambda]=True, i==Q(k_p) mod ell=True, e* in E_R=True, alpha^e*==giant mod p=True
  giantsteps: regular=480, skinny=96
  babysteps: sieved |E_R|=13778 of dense 24110 (ratio 0.571, rho=0.571); skinny 1395; plain HH shortest-vector baseline 2593

Trial 35: N=358865262268493 (49 bits), p=14133079, q=25391867
  m=105 (primes<= 7), m0=8, X=m*m0=840, S=[5, 7], t=2, M=35, rho=0.571, Y=2.000
  lambda0~778.1, Lambda_R=11007, Lambda_S=638, L*=22050
  RESULT: factor 14133079  via collision mod p (multipoint gcd)  (0.0s)
  oracle (correct candidate): branch=skinny, i in [0,2Lambda]=True, i==Q(k_p) mod ell=True, e* in E_R=None, alpha^e*==giant mod p=True
  giantsteps: regular=408, skinny=168
  babysteps: sieved |E_R|=12600 of dense 22050 (ratio 0.571, rho=0.571); skinny 1277; plain HH shortest-vector baseline 2371

Trial 36: N=396634323267443 (49 bits), p=13539313, q=29295011
  m=105 (primes<= 7), m0=8, X=m*m0=840, S=[5, 7], t=2, M=35, rho=0.571, Y=2.000
  lambda0~818.0, Lambda_R=11571, Lambda_S=670, L*=23178
  RESULT: factor 29295011  via collision mod p (multipoint gcd)  (0.0s)
  oracle (correct candidate): branch=regular, i in [0,2Lambda]=True, i==Q(k_p) mod ell=True, e* in E_R=True, alpha^e*==giant mod p=True
  giantsteps: regular=408, skinny=168
  babysteps: sieved |E_R|=13244 of dense 23178 (ratio 0.571, rho=0.571); skinny 1341; plain HH shortest-vector baseline 2493

Trial 37: N=335496235654091 (49 bits), p=15413939, q=21765769
  m=105 (primes<= 7), m0=8, X=m*m0=840, S=[5, 7], t=2, M=35, rho=0.571, Y=2.000
  lambda0~752.4, Lambda_R=10642, Lambda_S=617, L*=21320
  RESULT: factor 21765769  via collision mod p (multipoint gcd)  (0.0s)
  oracle (correct candidate): branch=regular, i in [0,2Lambda]=True, i==Q(k_p) mod ell=True, e* in E_R=True, alpha^e*==giant mod p=True
  giantsteps: regular=392, skinny=184
  babysteps: sieved |E_R|=12183 of dense 21320 (ratio 0.571, rho=0.571); skinny 1235; plain HH shortest-vector baseline 2293

Trial 38: N=152902746864743 (48 bits), p=11465149, q=13336307
  m=105 (primes<= 7), m0=7, X=m*m0=735, S=[5, 7], t=2, M=35, rho=0.571, Y=2.000
  lambda0~620.5, Lambda_R=8778, Lambda_S=509, L*=17592
  RESULT: factor 13336307  via collision mod p (multipoint gcd)  (0.0s)
  oracle (correct candidate): branch=skinny, i in [0,2Lambda]=True, i==Q(k_p) mod ell=True, e* in E_R=None, alpha^e*==giant mod p=True
  giantsteps: regular=368, skinny=160
  babysteps: sieved |E_R|=10054 of dense 17592 (ratio 0.572, rho=0.571); skinny 1019; plain HH shortest-vector baseline 1893

Trial 39: N=283144011553049 (49 bits), p=15462869, q=18311221
  m=105 (primes<= 7), m0=7, X=m*m0=735, S=[5, 7], t=2, M=35, rho=0.571, Y=2.000
  lambda0~844.4, Lambda_R=11945, Lambda_S=692, L*=23926
  RESULT: factor 15462869  via collision mod p (multipoint gcd)  (0.0s)
  oracle (correct candidate): branch=regular, i in [0,2Lambda]=True, i==Q(k_p) mod ell=True, e* in E_R=True, alpha^e*==giant mod p=True
  giantsteps: regular=480, skinny=48
  babysteps: sieved |E_R|=13673 of dense 23926 (ratio 0.571, rho=0.571); skinny 1385; plain HH shortest-vector baseline 2573

Trial 40: N=232138179867521 (48 bits), p=14768329, q=15718649
  m=105 (primes<= 7), m0=7, X=m*m0=735, S=[5, 7], t=2, M=35, rho=0.571, Y=2.000
  lambda0~764.6, Lambda_R=10816, Lambda_S=627, L*=21668
  RESULT: factor 15718649  via exact match + Lemma 2.4  (0.0s)
  oracle (correct candidate): branch=skinny, i in [0,2Lambda]=True, i==Q(k_p) mod ell=True, e* in E_R=None, alpha^e*==giant mod p=True
  giantsteps: regular=376, skinny=152
  babysteps: sieved |E_R|=12382 of dense 21668 (ratio 0.571, rho=0.571); skinny 1255; plain HH shortest-vector baseline 2329

Trial 41: N=284414408015317 (49 bits), p=15953111, q=17828147
  m=105 (primes<= 7), m0=7, X=m*m0=735, S=[5, 7], t=2, M=35, rho=0.571, Y=2.000
  lambda0~846.3, Lambda_R=11972, Lambda_S=694, L*=23980
  RESULT: factor 17828147  via collision mod p (multipoint gcd)  (0.0s)
  oracle (correct candidate): branch=regular, i in [0,2Lambda]=True, i==Q(k_p) mod ell=True, e* in E_R=True, alpha^e*==giant mod p=True
  giantsteps: regular=456, skinny=72
  babysteps: sieved |E_R|=13703 of dense 23980 (ratio 0.571, rho=0.571); skinny 1389; plain HH shortest-vector baseline 2579

Trial 42: N=132878027374723 (47 bits), p=8494841, q=15642203
  m=105 (primes<= 7), m0=6, X=m*m0=630, S=[5, 7], t=2, M=35, rho=0.571, Y=2.000
  lambda0~729.0, Lambda_R=10312, Lambda_S=598, L*=20660
  RESULT: factor 8494841  via collision mod p (multipoint gcd)  (0.0s)
  oracle (correct candidate): branch=regular, i in [0,2Lambda]=True, i==Q(k_p) mod ell=True, e* in E_R=True, alpha^e*==giant mod p=True
  giantsteps: regular=336, skinny=96
  babysteps: sieved |E_R|=11806 of dense 20660 (ratio 0.571, rho=0.571); skinny 1197; plain HH shortest-vector baseline 2221

Trial 43: N=217630392060143 (48 bits), p=9535451, q=22823293
  m=105 (primes<= 7), m0=7, X=m*m0=735, S=[5, 7], t=2, M=35, rho=0.571, Y=2.000
  lambda0~740.3, Lambda_R=10472, Lambda_S=607, L*=20980
  RESULT: factor 9535451  via collision mod p (multipoint gcd)  (0.0s)
  oracle (correct candidate): branch=skinny, i in [0,2Lambda]=True, i==Q(k_p) mod ell=True, e* in E_R=None, alpha^e*==giant mod p=True
  giantsteps: regular=392, skinny=136
  babysteps: sieved |E_R|=11989 of dense 20980 (ratio 0.571, rho=0.571); skinny 1215; plain HH shortest-vector baseline 2257

Trial 44: N=314797266671219 (49 bits), p=9413909, q=33439591
  m=105 (primes<= 7), m0=8, X=m*m0=840, S=[5, 7], t=2, M=35, rho=0.571, Y=2.000
  lambda0~728.8, Lambda_R=10309, Lambda_S=598, L*=20654
  RESULT: factor 9413909  via collision mod p (multipoint gcd)  (0.0s)
  oracle (correct candidate): branch=regular, i in [0,2Lambda]=True, i==Q(k_p) mod ell=True, e* in E_R=True, alpha^e*==giant mod p=True
  giantsteps: regular=496, skinny=80
  babysteps: sieved |E_R|=11802 of dense 20654 (ratio 0.571, rho=0.571); skinny 1197; plain HH shortest-vector baseline 2221

Trial 45: N=307812048363829 (49 bits), p=15764467, q=19525687
  m=105 (primes<= 7), m0=8, X=m*m0=840, S=[5, 7], t=2, M=35, rho=0.571, Y=2.000
  lambda0~720.6, Lambda_R=10194, Lambda_S=591, L*=20424
  RESULT: factor 19525687  via collision mod p (multipoint gcd)  (0.0s)
  oracle (correct candidate): branch=regular, i in [0,2Lambda]=True, i==Q(k_p) mod ell=True, e* in E_R=True, alpha^e*==giant mod p=True
  giantsteps: regular=360, skinny=216
  babysteps: sieved |E_R|=11672 of dense 20424 (ratio 0.571, rho=0.571); skinny 1183; plain HH shortest-vector baseline 2197

Trial 46: N=219272297615783 (48 bits), p=8689943, q=25232881
  m=105 (primes<= 7), m0=7, X=m*m0=735, S=[5, 7], t=2, M=35, rho=0.571, Y=2.000
  lambda0~743.1, Lambda_R=10512, Lambda_S=609, L*=21060
  RESULT: factor 25232881  via collision mod p (multipoint gcd)  (0.0s)
  oracle (correct candidate): branch=regular, i in [0,2Lambda]=True, i==Q(k_p) mod ell=True, e* in E_R=True, alpha^e*==giant mod p=True
  giantsteps: regular=392, skinny=136
  babysteps: sieved |E_R|=12035 of dense 21060 (ratio 0.571, rho=0.571); skinny 1219; plain HH shortest-vector baseline 2265

Trial 47: N=317468064476963 (49 bits), p=14534491, q=21842393
  m=105 (primes<= 7), m0=8, X=m*m0=840, S=[5, 7], t=2, M=35, rho=0.571, Y=2.000
  lambda0~731.9, Lambda_R=10353, Lambda_S=600, L*=20742
  RESULT: factor 21842393  via collision mod p (multipoint gcd)  (0.0s)
  oracle (correct candidate): branch=regular, i in [0,2Lambda]=True, i==Q(k_p) mod ell=True, e* in E_R=True, alpha^e*==giant mod p=True
  giantsteps: regular=408, skinny=168
  babysteps: sieved |E_R|=11854 of dense 20742 (ratio 0.571, rho=0.571); skinny 1201; plain HH shortest-vector baseline 2231

Trial 48: N=146657127129553 (48 bits), p=8455669, q=17344237
  m=105 (primes<= 7), m0=6, X=m*m0=630, S=[5, 7], t=2, M=35, rho=0.571, Y=2.000
  lambda0~765.8, Lambda_R=10833, Lambda_S=628, L*=21702
  RESULT: factor 8455669  via collision mod p (multipoint gcd)  (0.0s)
  oracle (correct candidate): branch=skinny, i in [0,2Lambda]=True, i==Q(k_p) mod ell=True, e* in E_R=None, alpha^e*==giant mod p=True
  giantsteps: regular=368, skinny=64
  babysteps: sieved |E_R|=12402 of dense 21702 (ratio 0.571, rho=0.571); skinny 1257; plain HH shortest-vector baseline 2333

Trial 49: N=186045331350139 (48 bits), p=11338277, q=16408607
  m=105 (primes<= 7), m0=7, X=m*m0=735, S=[5, 7], t=2, M=35, rho=0.571, Y=2.000
  lambda0~684.5, Lambda_R=9683, Lambda_S=561, L*=19402
  RESULT: factor 16408607  via collision mod p (multipoint gcd)  (0.0s)
  oracle (correct candidate): branch=regular, i in [0,2Lambda]=True, i==Q(k_p) mod ell=True, e* in E_R=True, alpha^e*==giant mod p=True
  giantsteps: regular=344, skinny=184
  babysteps: sieved |E_R|=11087 of dense 19402 (ratio 0.571, rho=0.571); skinny 1123; plain HH shortest-vector baseline 2087

Trial 50: N=387641830276241 (49 bits), p=15484783, q=25033727
  m=105 (primes<= 7), m0=8, X=m*m0=840, S=[5, 7], t=2, M=35, rho=0.571, Y=2.000
  lambda0~808.7, Lambda_R=11439, Lambda_S=663, L*=22914
  RESULT: factor 25033727  via collision mod p (multipoint gcd)  (0.0s)
  oracle (correct candidate): branch=skinny, i in [0,2Lambda]=True, i==Q(k_p) mod ell=True, e* in E_R=None, alpha^e*==giant mod p=True
  giantsteps: regular=392, skinny=184
  babysteps: sieved |E_R|=13095 of dense 22914 (ratio 0.571, rho=0.571); skinny 1327; plain HH shortest-vector baseline 2463

Trial 51: N=180648997594073 (48 bits), p=9599977, q=18817649
  m=105 (primes<= 7), m0=7, X=m*m0=735, S=[5, 7], t=2, M=35, rho=0.571, Y=2.000
  lambda0~674.5, Lambda_R=9541, Lambda_S=553, L*=19118
  RESULT: factor 9599977  via collision mod p (multipoint gcd)  (0.0s)
  oracle (correct candidate): branch=skinny, i in [0,2Lambda]=True, i==Q(k_p) mod ell=True, e* in E_R=None, alpha^e*==giant mod p=True
  giantsteps: regular=368, skinny=160
  babysteps: sieved |E_R|=10924 of dense 19118 (ratio 0.571, rho=0.571); skinny 1107; plain HH shortest-vector baseline 2057

Trial 52: N=266769339549239 (48 bits), p=12618721, q=21140759
  m=105 (primes<= 7), m0=7, X=m*m0=735, S=[5, 7], t=2, M=35, rho=0.571, Y=2.000
  lambda0~819.7, Lambda_R=11594, Lambda_S=672, L*=23224
  RESULT: factor 21140759  via collision mod p (multipoint gcd)  (0.0s)
  oracle (correct candidate): branch=regular, i in [0,2Lambda]=True, i==Q(k_p) mod ell=True, e* in E_R=True, alpha^e*==giant mod p=True
  giantsteps: regular=376, skinny=152
  babysteps: sieved |E_R|=13272 of dense 23224 (ratio 0.571, rho=0.571); skinny 1345; plain HH shortest-vector baseline 2497

Trial 53: N=288595598250829 (49 bits), p=8971799, q=32166971
  m=105 (primes<= 7), m0=7, X=m*m0=735, S=[5, 7], t=2, M=35, rho=0.571, Y=2.000
  lambda0~852.5, Lambda_R=12059, Lambda_S=699, L*=24154
  RESULT: factor 8971799  via collision mod p (multipoint gcd)  (0.0s)
  oracle (correct candidate): branch=regular, i in [0,2Lambda]=True, i==Q(k_p) mod ell=True, e* in E_R=True, alpha^e*==giant mod p=True
  giantsteps: regular=344, skinny=184
  babysteps: sieved |E_R|=13802 of dense 24154 (ratio 0.571, rho=0.571); skinny 1399; plain HH shortest-vector baseline 2597

Trial 54: N=410361177425063 (49 bits), p=15276889, q=26861567
  m=105 (primes<= 7), m0=8, X=m*m0=840, S=[5, 7], t=2, M=35, rho=0.571, Y=2.000
  lambda0~832.1, Lambda_R=11770, Lambda_S=682, L*=23576
  RESULT: factor 26861567  via collision mod p (multipoint gcd)  (0.0s)
  oracle (correct candidate): branch=regular, i in [0,2Lambda]=True, i==Q(k_p) mod ell=True, e* in E_R=True, alpha^e*==giant mod p=True
  giantsteps: regular=408, skinny=168
  babysteps: sieved |E_R|=13473 of dense 23576 (ratio 0.571, rho=0.571); skinny 1365; plain HH shortest-vector baseline 2535

Trial 55: N=247156242260533 (48 bits), p=11702657, q=21119669
  m=105 (primes<= 7), m0=7, X=m*m0=735, S=[5, 7], t=2, M=35, rho=0.571, Y=2.000
  lambda0~789.0, Lambda_R=11160, Lambda_S=647, L*=22356
  RESULT: factor 21119669  via collision mod p (multipoint gcd)  (0.0s)
  oracle (correct candidate): branch=regular, i in [0,2Lambda]=True, i==Q(k_p) mod ell=True, e* in E_R=True, alpha^e*==giant mod p=True
  giantsteps: regular=392, skinny=136
  babysteps: sieved |E_R|=12776 of dense 22356 (ratio 0.571, rho=0.571); skinny 1295; plain HH shortest-vector baseline 2403

Trial 56: N=387129901304389 (49 bits), p=11770153, q=32890813
  m=105 (primes<= 7), m0=8, X=m*m0=840, S=[5, 7], t=2, M=35, rho=0.571, Y=2.000
  lambda0~808.2, Lambda_R=11432, Lambda_S=662, L*=22900
  RESULT: factor 11770153  via collision mod p (multipoint gcd)  (0.0s)
  oracle (correct candidate): branch=regular, i in [0,2Lambda]=True, i==Q(k_p) mod ell=True, e* in E_R=True, alpha^e*==giant mod p=True
  giantsteps: regular=464, skinny=112
  babysteps: sieved |E_R|=13086 of dense 22900 (ratio 0.571, rho=0.571); skinny 1325; plain HH shortest-vector baseline 2463

Trial 57: N=195946083418577 (48 bits), p=9543593, q=20531689
  m=105 (primes<= 7), m0=7, X=m*m0=735, S=[5, 7], t=2, M=35, rho=0.571, Y=2.000
  lambda0~702.5, Lambda_R=9937, Lambda_S=576, L*=19910
  RESULT: factor 20531689  via collision mod p (multipoint gcd)  (0.0s)
  oracle (correct candidate): branch=regular, i in [0,2Lambda]=True, i==Q(k_p) mod ell=True, e* in E_R=True, alpha^e*==giant mod p=True
  giantsteps: regular=368, skinny=160
  babysteps: sieved |E_R|=11378 of dense 19910 (ratio 0.571, rho=0.571); skinny 1153; plain HH shortest-vector baseline 2141

Trial 58: N=148412179647113 (48 bits), p=10006109, q=14832157
  m=105 (primes<= 7), m0=7, X=m*m0=735, S=[5, 7], t=2, M=35, rho=0.571, Y=2.000
  lambda0~611.4, Lambda_R=8649, Lambda_S=502, L*=17334
  RESULT: factor 14832157  via collision mod p (multipoint gcd)  (0.0s)
  oracle (correct candidate): branch=regular, i in [0,2Lambda]=True, i==Q(k_p) mod ell=True, e* in E_R=True, alpha^e*==giant mod p=True
  giantsteps: regular=368, skinny=160
  babysteps: sieved |E_R|=9905 of dense 17334 (ratio 0.571, rho=0.571); skinny 1005; plain HH shortest-vector baseline 1865

Trial 59: N=309782116605271 (49 bits), p=16026209, q=19329719
  m=105 (primes<= 7), m0=8, X=m*m0=840, S=[5, 7], t=2, M=35, rho=0.571, Y=2.000
  lambda0~723.0, Lambda_R=10227, Lambda_S=593, L*=20490
  RESULT: factor 19329719  via exact match + Lemma 2.4  (0.0s)
  oracle (correct candidate): branch=skinny, i in [0,2Lambda]=True, i==Q(k_p) mod ell=True, e* in E_R=None, alpha^e*==giant mod p=True
  giantsteps: regular=360, skinny=216
  babysteps: sieved |E_R|=11709 of dense 20490 (ratio 0.571, rho=0.571); skinny 1187; plain HH shortest-vector baseline 2203

Trial 60: N=118552015630591 (47 bits), p=10147309, q=11683099
  m=105 (primes<= 7), m0=6, X=m*m0=630, S=[5, 7], t=2, M=35, rho=0.571, Y=2.000
  lambda0~688.6, Lambda_R=9740, Lambda_S=565, L*=19516
  RESULT: factor 10147309  via collision mod p (multipoint gcd)  (0.0s)
  oracle (correct candidate): branch=regular, i in [0,2Lambda]=True, i==Q(k_p) mod ell=True, e* in E_R=True, alpha^e*==giant mod p=True
  giantsteps: regular=296, skinny=136
  babysteps: sieved |E_R|=11153 of dense 19516 (ratio 0.571, rho=0.571); skinny 1131; plain HH shortest-vector baseline 2099

Trial 61: N=293965518807439 (49 bits), p=8892379, q=33058141
  m=105 (primes<= 7), m0=7, X=m*m0=735, S=[5, 7], t=2, M=35, rho=0.571, Y=2.000
  lambda0~860.4, Lambda_R=12171, Lambda_S=705, L*=24378
  RESULT: factor 8892379  via collision mod p (multipoint gcd)  (0.0s)
  oracle (correct candidate): branch=regular, i in [0,2Lambda]=True, i==Q(k_p) mod ell=True, e* in E_R=True, alpha^e*==giant mod p=True
  giantsteps: regular=432, skinny=96
  babysteps: sieved |E_R|=13931 of dense 24378 (ratio 0.571, rho=0.571); skinny 1411; plain HH shortest-vector baseline 2621

Trial 62: N=433426558121173 (49 bits), p=15206329, q=28503037
  m=105 (primes<= 7), m0=8, X=m*m0=840, S=[5, 7], t=2, M=35, rho=0.571, Y=2.000
  lambda0~855.1, Lambda_R=12096, Lambda_S=701, L*=24228
  RESULT: factor 15206329  via collision mod p (multipoint gcd)  (0.0s)
  oracle (correct candidate): branch=regular, i in [0,2Lambda]=True, i==Q(k_p) mod ell=True, e* in E_R=True, alpha^e*==giant mod p=True
  giantsteps: regular=448, skinny=128
  babysteps: sieved |E_R|=13844 of dense 24228 (ratio 0.571, rho=0.571); skinny 1403; plain HH shortest-vector baseline 2605

Trial 63: N=274076527146857 (48 bits), p=9722071, q=28191167
  m=105 (primes<= 7), m0=7, X=m*m0=735, S=[5, 7], t=2, M=35, rho=0.571, Y=2.000
  lambda0~830.8, Lambda_R=11752, Lambda_S=681, L*=23540
  RESULT: factor 9722071  via collision mod p (multipoint gcd)  (0.0s)
  oracle (correct candidate): branch=skinny, i in [0,2Lambda]=True, i==Q(k_p) mod ell=True, e* in E_R=None, alpha^e*==giant mod p=True
  giantsteps: regular=368, skinny=160
  babysteps: sieved |E_R|=13452 of dense 23540 (ratio 0.571, rho=0.571); skinny 1363; plain HH shortest-vector baseline 2531

Trial 64: N=156557969844469 (48 bits), p=8582863, q=18240763
  m=105 (primes<= 7), m0=7, X=m*m0=735, S=[5, 7], t=2, M=35, rho=0.571, Y=2.000
  lambda0~627.9, Lambda_R=8883, Lambda_S=515, L*=17802
  RESULT: factor 18240763  via exact match + Lemma 2.4  (0.0s)
  oracle (correct candidate): branch=skinny, i in [0,2Lambda]=True, i==Q(k_p) mod ell=True, e* in E_R=None, alpha^e*==giant mod p=True
  giantsteps: regular=344, skinny=184
  babysteps: sieved |E_R|=10174 of dense 17802 (ratio 0.572, rho=0.571); skinny 1031; plain HH shortest-vector baseline 1915

Trial 65: N=456883123944899 (49 bits), p=16300861, q=28028159
  m=105 (primes<= 7), m0=8, X=m*m0=840, S=[5, 7], t=2, M=35, rho=0.571, Y=2.000
  lambda0~878.0, Lambda_R=12419, Lambda_S=719, L*=24874
  RESULT: factor 16300861  via collision mod p (multipoint gcd)  (0.0s)
  oracle (correct candidate): branch=regular, i in [0,2Lambda]=True, i==Q(k_p) mod ell=True, e* in E_R=True, alpha^e*==giant mod p=True
  giantsteps: regular=392, skinny=184
  babysteps: sieved |E_R|=14215 of dense 24874 (ratio 0.571, rho=0.571); skinny 1439; plain HH shortest-vector baseline 2675

Trial 66: N=288282200000369 (49 bits), p=14165449, q=20351081
  m=105 (primes<= 7), m0=7, X=m*m0=735, S=[5, 7], t=2, M=35, rho=0.571, Y=2.000
  lambda0~852.1, Lambda_R=12053, Lambda_S=698, L*=24142
  RESULT: factor 14165449  via collision mod p (multipoint gcd)  (0.0s)
  oracle (correct candidate): branch=regular, i in [0,2Lambda]=True, i==Q(k_p) mod ell=True, e* in E_R=True, alpha^e*==giant mod p=True
  giantsteps: regular=376, skinny=152
  babysteps: sieved |E_R|=13796 of dense 24142 (ratio 0.571, rho=0.571); skinny 1397; plain HH shortest-vector baseline 2595

Trial 67: N=241781643910717 (48 bits), p=10307989, q=23455753
  m=105 (primes<= 7), m0=7, X=m*m0=735, S=[5, 7], t=2, M=35, rho=0.571, Y=2.000
  lambda0~780.3, Lambda_R=11038, Lambda_S=640, L*=22112
  RESULT: factor 10307989  via collision mod p (multipoint gcd)  (0.0s)
  oracle (correct candidate): branch=regular, i in [0,2Lambda]=True, i==Q(k_p) mod ell=True, e* in E_R=True, alpha^e*==giant mod p=True
  giantsteps: regular=392, skinny=136
  babysteps: sieved |E_R|=12636 of dense 22112 (ratio 0.571, rho=0.571); skinny 1281; plain HH shortest-vector baseline 2377

Trial 68: N=141602448286711 (48 bits), p=9486487, q=14926753
  m=105 (primes<= 7), m0=6, X=m*m0=630, S=[5, 7], t=2, M=35, rho=0.571, Y=2.000
  lambda0~752.5, Lambda_R=10645, Lambda_S=617, L*=21326
  RESULT: factor 14926753  via collision mod p (multipoint gcd)  (0.0s)
  oracle (correct candidate): branch=regular, i in [0,2Lambda]=True, i==Q(k_p) mod ell=True, e* in E_R=True, alpha^e*==giant mod p=True
  giantsteps: regular=376, skinny=56
  babysteps: sieved |E_R|=12186 of dense 21326 (ratio 0.571, rho=0.571); skinny 1235; plain HH shortest-vector baseline 2293

Trial 69: N=377399456130943 (49 bits), p=15318509, q=24636827
  m=105 (primes<= 7), m0=8, X=m*m0=840, S=[5, 7], t=2, M=35, rho=0.571, Y=2.000
  lambda0~798.0, Lambda_R=11287, Lambda_S=654, L*=22610
  RESULT: factor 15318509  via collision mod p (multipoint gcd)  (0.0s)
  oracle (correct candidate): branch=regular, i in [0,2Lambda]=True, i==Q(k_p) mod ell=True, e* in E_R=True, alpha^e*==giant mod p=True
  giantsteps: regular=448, skinny=128
  babysteps: sieved |E_R|=12920 of dense 22610 (ratio 0.571, rho=0.571); skinny 1309; plain HH shortest-vector baseline 2431

Trial 70: N=339673180445453 (49 bits), p=12895919, q=26339587
  m=105 (primes<= 7), m0=8, X=m*m0=840, S=[5, 7], t=2, M=35, rho=0.571, Y=2.000
  lambda0~757.0, Lambda_R=10708, Lambda_S=621, L*=21452
  RESULT: factor 26339587  via collision mod p (multipoint gcd)  (0.0s)
  oracle (correct candidate): branch=regular, i in [0,2Lambda]=True, i==Q(k_p) mod ell=True, e* in E_R=True, alpha^e*==giant mod p=True
  giantsteps: regular=408, skinny=168
  babysteps: sieved |E_R|=12259 of dense 21452 (ratio 0.571, rho=0.571); skinny 1243; plain HH shortest-vector baseline 2307

Trial 71: N=212185991577689 (48 bits), p=9025999, q=23508311
  m=105 (primes<= 7), m0=7, X=m*m0=735, S=[5, 7], t=2, M=35, rho=0.571, Y=2.000
  lambda0~731.0, Lambda_R=10341, Lambda_S=599, L*=20718
  RESULT: factor 9025999  via collision mod p (multipoint gcd)  (0.0s)
  oracle (correct candidate): branch=regular, i in [0,2Lambda]=True, i==Q(k_p) mod ell=True, e* in E_R=True, alpha^e*==giant mod p=True
  giantsteps: regular=480, skinny=48
  babysteps: sieved |E_R|=11839 of dense 20718 (ratio 0.571, rho=0.571); skinny 1199; plain HH shortest-vector baseline 2227

Trial 72: N=366703565766973 (49 bits), p=12801947, q=28644359
  m=105 (primes<= 7), m0=8, X=m*m0=840, S=[5, 7], t=2, M=35, rho=0.571, Y=2.000
  lambda0~786.6, Lambda_R=11126, Lambda_S=645, L*=22288
  RESULT: factor 28644359  via collision mod p (multipoint gcd)  (0.0s)
  oracle (correct candidate): branch=regular, i in [0,2Lambda]=True, i==Q(k_p) mod ell=True, e* in E_R=True, alpha^e*==giant mod p=True
  giantsteps: regular=448, skinny=128
  babysteps: sieved |E_R|=12736 of dense 22288 (ratio 0.571, rho=0.571); skinny 1291; plain HH shortest-vector baseline 2397

Trial 73: N=325666804496713 (49 bits), p=16681307, q=19522859
  m=105 (primes<= 7), m0=8, X=m*m0=840, S=[5, 7], t=2, M=35, rho=0.571, Y=2.000
  lambda0~741.3, Lambda_R=10485, Lambda_S=608, L*=21006
  RESULT: factor 16681307  via collision mod p (multipoint gcd)  (0.0s)
  oracle (correct candidate): branch=skinny, i in [0,2Lambda]=True, i==Q(k_p) mod ell=True, e* in E_R=None, alpha^e*==giant mod p=True
  giantsteps: regular=448, skinny=128
  babysteps: sieved |E_R|=12003 of dense 21006 (ratio 0.571, rho=0.571); skinny 1217; plain HH shortest-vector baseline 2259

Trial 74: N=496144921977073 (49 bits), p=16586501, q=29912573
  m=105 (primes<= 7), m0=8, X=m*m0=840, S=[5, 7], t=2, M=35, rho=0.571, Y=2.000
  lambda0~914.9, Lambda_R=12941, Lambda_S=750, L*=25918
  RESULT: factor 16586501  via Lemma 3.11 certification  (0.0s)

Trial 75: N=121211945453251 (47 bits), p=9931279, q=12205069
  m=105 (primes<= 7), m0=6, X=m*m0=630, S=[5, 7], t=2, M=35, rho=0.571, Y=2.000
  lambda0~696.2, Lambda_R=9849, Lambda_S=571, L*=19734
  RESULT: factor 9931279  via collision mod p (multipoint gcd)  (0.0s)
  oracle (correct candidate): branch=regular, i in [0,2Lambda]=True, i==Q(k_p) mod ell=True, e* in E_R=True, alpha^e*==giant mod p=True
  giantsteps: regular=296, skinny=136
  babysteps: sieved |E_R|=11277 of dense 19734 (ratio 0.571, rho=0.571); skinny 1143; plain HH shortest-vector baseline 2123

Trial 76: N=334089338378857 (49 bits), p=13782829, q=24239533
  m=105 (primes<= 7), m0=8, X=m*m0=840, S=[5, 7], t=2, M=35, rho=0.571, Y=2.000
  lambda0~750.8, Lambda_R=10620, Lambda_S=616, L*=21276
  RESULT: factor 24239533  via collision mod p (multipoint gcd)  (0.0s)
  oracle (correct candidate): branch=regular, i in [0,2Lambda]=True, i==Q(k_p) mod ell=True, e* in E_R=True, alpha^e*==giant mod p=True
  giantsteps: regular=480, skinny=96
  babysteps: sieved |E_R|=12159 of dense 21276 (ratio 0.571, rho=0.571); skinny 1233; plain HH shortest-vector baseline 2287

Trial 77: N=152810032263191 (48 bits), p=10804099, q=14143709
  m=105 (primes<= 7), m0=7, X=m*m0=735, S=[5, 7], t=2, M=35, rho=0.571, Y=2.000
  lambda0~620.4, Lambda_R=8776, Lambda_S=509, L*=17588
  RESULT: factor 10804099  via collision mod p (multipoint gcd)  (0.0s)
  oracle (correct candidate): branch=skinny, i in [0,2Lambda]=True, i==Q(k_p) mod ell=True, e* in E_R=None, alpha^e*==giant mod p=True
  giantsteps: regular=376, skinny=152
  babysteps: sieved |E_R|=10051 of dense 17588 (ratio 0.571, rho=0.571); skinny 1019; plain HH shortest-vector baseline 1891

Trial 78: N=509014666017943 (49 bits), p=16017767, q=31778129
  m=105 (primes<= 7), m0=8, X=m*m0=840, S=[5, 7], t=2, M=35, rho=0.571, Y=2.000
  lambda0~926.7, Lambda_R=13108, Lambda_S=759, L*=26252
  RESULT: factor 31778129  via collision mod p (multipoint gcd)  (0.1s)
  oracle (correct candidate): branch=regular, i in [0,2Lambda]=True, i==Q(k_p) mod ell=True, e* in E_R=True, alpha^e*==giant mod p=True
  giantsteps: regular=448, skinny=128
  babysteps: sieved |E_R|=15002 of dense 26252 (ratio 0.571, rho=0.571); skinny 1519; plain HH shortest-vector baseline 2823

Trial 79: N=159325683252719 (48 bits), p=11162491, q=14273309
  m=105 (primes<= 7), m0=7, X=m*m0=735, S=[5, 7], t=2, M=35, rho=0.571, Y=2.000
  lambda0~633.4, Lambda_R=8961, Lambda_S=520, L*=17958
  RESULT: factor 11162491  via collision mod p (multipoint gcd)  (0.0s)
  oracle (correct candidate): branch=regular, i in [0,2Lambda]=True, i==Q(k_p) mod ell=True, e* in E_R=True, alpha^e*==giant mod p=True
  giantsteps: regular=376, skinny=152
  babysteps: sieved |E_R|=10262 of dense 17958 (ratio 0.571, rho=0.571); skinny 1041; plain HH shortest-vector baseline 1931

Trial 80: N=160445192373841 (48 bits), p=8817493, q=18196237
  m=105 (primes<= 7), m0=7, X=m*m0=735, S=[5, 7], t=2, M=35, rho=0.571, Y=2.000
  lambda0~635.7, Lambda_R=8992, Lambda_S=522, L*=18020
  RESULT: factor 18196237  via collision mod p (multipoint gcd)  (0.0s)
  oracle (correct candidate): branch=skinny, i in [0,2Lambda]=True, i==Q(k_p) mod ell=True, e* in E_R=None, alpha^e*==giant mod p=True
  giantsteps: regular=344, skinny=184
  babysteps: sieved |E_R|=10298 of dense 18020 (ratio 0.571, rho=0.571); skinny 1045; plain HH shortest-vector baseline 1939

Trial 81: N=314292886561111 (49 bits), p=10566989, q=29742899
  m=105 (primes<= 7), m0=8, X=m*m0=840, S=[5, 7], t=2, M=35, rho=0.571, Y=2.000
  lambda0~728.2, Lambda_R=10301, Lambda_S=597, L*=20638
  RESULT: factor 10566989  via collision mod p (multipoint gcd)  (0.0s)
  oracle (correct candidate): branch=regular, i in [0,2Lambda]=True, i==Q(k_p) mod ell=True, e* in E_R=True, alpha^e*==giant mod p=True
  giantsteps: regular=464, skinny=112
  babysteps: sieved |E_R|=11794 of dense 20638 (ratio 0.571, rho=0.571); skinny 1195; plain HH shortest-vector baseline 2219

Trial 82: N=376271106340873 (49 bits), p=13948579, q=26975587
  m=105 (primes<= 7), m0=8, X=m*m0=840, S=[5, 7], t=2, M=35, rho=0.571, Y=2.000
  lambda0~796.8, Lambda_R=11270, Lambda_S=653, L*=22576
  RESULT: factor 13948579  via collision mod p (multipoint gcd)  (0.0s)
  oracle (correct candidate): branch=regular, i in [0,2Lambda]=True, i==Q(k_p) mod ell=True, e* in E_R=True, alpha^e*==giant mod p=True
  giantsteps: regular=448, skinny=128
  babysteps: sieved |E_R|=12901 of dense 22576 (ratio 0.571, rho=0.571); skinny 1307; plain HH shortest-vector baseline 2427

Trial 83: N=352760870892629 (49 bits), p=12902621, q=27340249
  m=105 (primes<= 7), m0=8, X=m*m0=840, S=[5, 7], t=2, M=35, rho=0.571, Y=2.000
  lambda0~771.5, Lambda_R=10913, Lambda_S=632, L*=21862
  RESULT: factor 27340249  via collision mod p (multipoint gcd)  (0.0s)
  oracle (correct candidate): branch=regular, i in [0,2Lambda]=True, i==Q(k_p) mod ell=True, e* in E_R=True, alpha^e*==giant mod p=True
  giantsteps: regular=496, skinny=80
  babysteps: sieved |E_R|=12494 of dense 21862 (ratio 0.571, rho=0.571); skinny 1265; plain HH shortest-vector baseline 2351

Trial 84: N=140721333210697 (47 bits), p=11842711, q=11882527
  m=105 (primes<= 7), m0=6, X=m*m0=630, S=[5, 7], t=2, M=35, rho=0.571, Y=2.000
  lambda0~750.2, Lambda_R=10612, Lambda_S=615, L*=21260
  RESULT: factor 11882527  via collision mod p (multipoint gcd)  (0.0s)
  oracle (correct candidate): branch=skinny, i in [0,2Lambda]=True, i==Q(k_p) mod ell=True, e* in E_R=None, alpha^e*==giant mod p=True
  giantsteps: regular=336, skinny=96
  babysteps: sieved |E_R|=12149 of dense 21260 (ratio 0.571, rho=0.571); skinny 1231; plain HH shortest-vector baseline 2287

Trial 85: N=337543611044569 (49 bits), p=14786407, q=22827967
  m=105 (primes<= 7), m0=8, X=m*m0=840, S=[5, 7], t=2, M=35, rho=0.571, Y=2.000
  lambda0~754.7, Lambda_R=10675, Lambda_S=619, L*=21386
  RESULT: factor 14786407  via collision mod p (multipoint gcd)  (0.0s)
  oracle (correct candidate): branch=regular, i in [0,2Lambda]=True, i==Q(k_p) mod ell=True, e* in E_R=True, alpha^e*==giant mod p=True
  giantsteps: regular=464, skinny=112
  babysteps: sieved |E_R|=12221 of dense 21386 (ratio 0.571, rho=0.571); skinny 1239; plain HH shortest-vector baseline 2299

Trial 86: N=514486993396681 (49 bits), p=15460961, q=33276521
  m=105 (primes<= 7), m0=8, X=m*m0=840, S=[5, 7], t=2, M=35, rho=0.571, Y=2.000
  lambda0~931.7, Lambda_R=13178, Lambda_S=763, L*=26392
  RESULT: factor 33276521  via exact match + Lemma 2.4  (0.0s)
  oracle (correct candidate): branch=skinny, i in [0,2Lambda]=True, i==Q(k_p) mod ell=True, e* in E_R=None, alpha^e*==giant mod p=True
  giantsteps: regular=360, skinny=216
  babysteps: sieved |E_R|=15082 of dense 26392 (ratio 0.571, rho=0.571); skinny 1527; plain HH shortest-vector baseline 2837

Trial 87: N=245763259132477 (48 bits), p=8456761, q=29061157
  m=105 (primes<= 7), m0=7, X=m*m0=735, S=[5, 7], t=2, M=35, rho=0.571, Y=2.000
  lambda0~786.7, Lambda_R=11129, Lambda_S=645, L*=22294
  RESULT: factor 8456761  via collision mod p (multipoint gcd)  (0.0s)
  oracle (correct candidate): branch=skinny, i in [0,2Lambda]=True, i==Q(k_p) mod ell=True, e* in E_R=None, alpha^e*==giant mod p=True
  giantsteps: regular=392, skinny=136
  babysteps: sieved |E_R|=12739 of dense 22294 (ratio 0.571, rho=0.571); skinny 1291; plain HH shortest-vector baseline 2397

Trial 88: N=449569626928999 (49 bits), p=14802401, q=30371399
  m=105 (primes<= 7), m0=8, X=m*m0=840, S=[5, 7], t=2, M=35, rho=0.571, Y=2.000
  lambda0~870.9, Lambda_R=12319, Lambda_S=714, L*=24674
  RESULT: factor 14802401  via collision mod p (multipoint gcd)  (0.0s)
  oracle (correct candidate): branch=regular, i in [0,2Lambda]=True, i==Q(k_p) mod ell=True, e* in E_R=True, alpha^e*==giant mod p=True
  giantsteps: regular=464, skinny=112
  babysteps: sieved |E_R|=14099 of dense 24674 (ratio 0.571, rho=0.571); skinny 1429; plain HH shortest-vector baseline 2653

Trial 89: N=168433433233469 (48 bits), p=10390957, q=16209617
  m=105 (primes<= 7), m0=7, X=m*m0=735, S=[5, 7], t=2, M=35, rho=0.571, Y=2.000
  lambda0~651.3, Lambda_R=9213, Lambda_S=534, L*=18462
  RESULT: factor 10390957  via collision mod p (multipoint gcd)  (0.0s)
  oracle (correct candidate): branch=regular, i in [0,2Lambda]=True, i==Q(k_p) mod ell=True, e* in E_R=True, alpha^e*==giant mod p=True
  giantsteps: regular=480, skinny=48
  babysteps: sieved |E_R|=10551 of dense 18462 (ratio 0.571, rho=0.571); skinny 1069; plain HH shortest-vector baseline 1985

Trial 90: N=371154164583073 (49 bits), p=13516331, q=27459683
  m=105 (primes<= 7), m0=8, X=m*m0=840, S=[5, 7], t=2, M=35, rho=0.571, Y=2.000
  lambda0~791.3, Lambda_R=11194, Lambda_S=649, L*=22424
  RESULT: factor 13516331  via collision mod p (multipoint gcd)  (0.0s)
  oracle (correct candidate): branch=regular, i in [0,2Lambda]=True, i==Q(k_p) mod ell=True, e* in E_R=True, alpha^e*==giant mod p=True
  giantsteps: regular=448, skinny=128
  babysteps: sieved |E_R|=12815 of dense 22424 (ratio 0.571, rho=0.571); skinny 1299; plain HH shortest-vector baseline 2411

Trial 91: N=418154679907753 (49 bits), p=16648901, q=25116053
  m=105 (primes<= 7), m0=8, X=m*m0=840, S=[5, 7], t=2, M=35, rho=0.571, Y=2.000
  lambda0~839.9, Lambda_R=11881, Lambda_S=688, L*=23798
  RESULT: factor 16648901  via collision mod p (multipoint gcd)  (0.0s)
  oracle (correct candidate): branch=regular, i in [0,2Lambda]=True, i==Q(k_p) mod ell=True, e* in E_R=True, alpha^e*==giant mod p=True
  giantsteps: regular=480, skinny=96
  babysteps: sieved |E_R|=13599 of dense 23798 (ratio 0.571, rho=0.571); skinny 1377; plain HH shortest-vector baseline 2559

Trial 92: N=332681381262353 (49 bits), p=10553327, q=31523839
  m=105 (primes<= 7), m0=8, X=m*m0=840, S=[5, 7], t=2, M=35, rho=0.571, Y=2.000
  lambda0~749.2, Lambda_R=10598, Lambda_S=614, L*=21232
  RESULT: factor 10553327  via collision mod p (multipoint gcd)  (0.0s)
  oracle (correct candidate): branch=regular, i in [0,2Lambda]=True, i==Q(k_p) mod ell=True, e* in E_R=True, alpha^e*==giant mod p=True
  giantsteps: regular=408, skinny=168
  babysteps: sieved |E_R|=12134 of dense 21232 (ratio 0.571, rho=0.571); skinny 1229; plain HH shortest-vector baseline 2283

Trial 93: N=243042954398063 (48 bits), p=13501193, q=18001591
  m=105 (primes<= 7), m0=7, X=m*m0=735, S=[5, 7], t=2, M=35, rho=0.571, Y=2.000
  lambda0~782.4, Lambda_R=11067, Lambda_S=641, L*=22170
  RESULT: factor 18001591  via collision mod p (multipoint gcd)  (0.0s)
  oracle (correct candidate): branch=regular, i in [0,2Lambda]=True, i==Q(k_p) mod ell=True, e* in E_R=True, alpha^e*==giant mod p=True
  giantsteps: regular=368, skinny=160
  babysteps: sieved |E_R|=12669 of dense 22170 (ratio 0.571, rho=0.571); skinny 1283; plain HH shortest-vector baseline 2383

Trial 94: N=368727461514571 (49 bits), p=11386139, q=32383889
  m=105 (primes<= 7), m0=8, X=m*m0=840, S=[5, 7], t=2, M=35, rho=0.571, Y=2.000
  lambda0~788.7, Lambda_R=11157, Lambda_S=647, L*=22350
  RESULT: factor 11386139  via collision mod p (multipoint gcd)  (0.0s)
  oracle (correct candidate): branch=regular, i in [0,2Lambda]=True, i==Q(k_p) mod ell=True, e* in E_R=True, alpha^e*==giant mod p=True
  giantsteps: regular=464, skinny=112
  babysteps: sieved |E_R|=12772 of dense 22350 (ratio 0.571, rho=0.571); skinny 1295; plain HH shortest-vector baseline 2403

Trial 95: N=306045577752331 (49 bits), p=14360963, q=21310937
  m=105 (primes<= 7), m0=8, X=m*m0=840, S=[5, 7], t=2, M=35, rho=0.571, Y=2.000
  lambda0~718.6, Lambda_R=10165, Lambda_S=589, L*=20366
  RESULT: factor 21310937  via collision mod p (multipoint gcd)  (0.0s)
  oracle (correct candidate): branch=regular, i in [0,2Lambda]=True, i==Q(k_p) mod ell=True, e* in E_R=True, alpha^e*==giant mod p=True
  giantsteps: regular=360, skinny=216
  babysteps: sieved |E_R|=11639 of dense 20366 (ratio 0.571, rho=0.571); skinny 1179; plain HH shortest-vector baseline 2191

Trial 96: N=230242614281947 (48 bits), p=10101361, q=22793227
  m=105 (primes<= 7), m0=7, X=m*m0=735, S=[5, 7], t=2, M=35, rho=0.571, Y=2.000
  lambda0~761.5, Lambda_R=10772, Lambda_S=624, L*=21580
  RESULT: factor 22793227  via collision mod p (multipoint gcd)  (0.0s)
  oracle (correct candidate): branch=regular, i in [0,2Lambda]=True, i==Q(k_p) mod ell=True, e* in E_R=True, alpha^e*==giant mod p=True
  giantsteps: regular=392, skinny=136
  babysteps: sieved |E_R|=12332 of dense 21580 (ratio 0.571, rho=0.571); skinny 1249; plain HH shortest-vector baseline 2321

Trial 97: N=260199689623157 (48 bits), p=12802931, q=20323447
  m=105 (primes<= 7), m0=7, X=m*m0=735, S=[5, 7], t=2, M=35, rho=0.571, Y=2.000
  lambda0~809.5, Lambda_R=11451, Lambda_S=663, L*=22938
  RESULT: factor 12802931  via collision mod p (multipoint gcd)  (0.0s)
  oracle (correct candidate): branch=skinny, i in [0,2Lambda]=True, i==Q(k_p) mod ell=True, e* in E_R=None, alpha^e*==giant mod p=True
  giantsteps: regular=368, skinny=160
  babysteps: sieved |E_R|=13107 of dense 22938 (ratio 0.571, rho=0.571); skinny 1327; plain HH shortest-vector baseline 2467

Trial 98: N=307918106499449 (49 bits), p=15158149, q=20313701
  m=105 (primes<= 7), m0=8, X=m*m0=840, S=[5, 7], t=2, M=35, rho=0.571, Y=2.000
  lambda0~720.8, Lambda_R=10196, Lambda_S=591, L*=20428
  RESULT: factor 20313701  via collision mod p (multipoint gcd)  (0.0s)
  oracle (correct candidate): branch=skinny, i in [0,2Lambda]=True, i==Q(k_p) mod ell=True, e* in E_R=None, alpha^e*==giant mod p=True
  giantsteps: regular=496, skinny=80
  babysteps: sieved |E_R|=11674 of dense 20428 (ratio 0.571, rho=0.571); skinny 1183; plain HH shortest-vector baseline 2197

Trial 99: N=186747634887139 (48 bits), p=9724103, q=19204613
  m=105 (primes<= 7), m0=7, X=m*m0=735, S=[5, 7], t=2, M=35, rho=0.571, Y=2.000
  lambda0~685.8, Lambda_R=9701, Lambda_S=562, L*=19438
  RESULT: factor 19204613  via collision mod p (multipoint gcd)  (0.0s)
  oracle (correct candidate): branch=regular, i in [0,2Lambda]=True, i==Q(k_p) mod ell=True, e* in E_R=True, alpha^e*==giant mod p=True
  giantsteps: regular=344, skinny=184
  babysteps: sieved |E_R|=11107 of dense 19438 (ratio 0.571, rho=0.571); skinny 1125; plain HH shortest-vector baseline 2091

Trial 100: N=223547020832167 (48 bits), p=9092933, q=24584699
  m=105 (primes<= 7), m0=7, X=m*m0=735, S=[5, 7], t=2, M=35, rho=0.571, Y=2.000
  lambda0~750.3, Lambda_R=10614, Lambda_S=615, L*=21264
  RESULT: factor 9092933  via collision mod p (multipoint gcd)  (0.0s)
  oracle (correct candidate): branch=regular, i in [0,2Lambda]=True, i==Q(k_p) mod ell=True, e* in E_R=True, alpha^e*==giant mod p=True
  giantsteps: regular=392, skinny=136
  babysteps: sieved |E_R|=12152 of dense 21264 (ratio 0.571, rho=0.571); skinny 1231; plain HH shortest-vector baseline 2287

Trial 101: N=355972890636953 (49 bits), p=14198693, q=25070821
  m=105 (primes<= 7), m0=8, X=m*m0=840, S=[5, 7], t=2, M=35, rho=0.571, Y=2.000
  lambda0~775.0, Lambda_R=10962, Lambda_S=635, L*=21960
  RESULT: factor 14198693  via collision mod p (multipoint gcd)  (0.0s)
  oracle (correct candidate): branch=skinny, i in [0,2Lambda]=True, i==Q(k_p) mod ell=True, e* in E_R=None, alpha^e*==giant mod p=True
  giantsteps: regular=408, skinny=168
  babysteps: sieved |E_R|=12549 of dense 21960 (ratio 0.571, rho=0.571); skinny 1271; plain HH shortest-vector baseline 2361

Trial 102: N=246588582788809 (48 bits), p=15514589, q=15893981
  m=105 (primes<= 7), m0=7, X=m*m0=735, S=[5, 7], t=2, M=35, rho=0.571, Y=2.000
  lambda0~788.1, Lambda_R=11147, Lambda_S=646, L*=22330
  RESULT: factor 15514589  via collision mod p (multipoint gcd)  (0.0s)
  oracle (correct candidate): branch=regular, i in [0,2Lambda]=True, i==Q(k_p) mod ell=True, e* in E_R=True, alpha^e*==giant mod p=True
  giantsteps: regular=344, skinny=184
  babysteps: sieved |E_R|=12760 of dense 22330 (ratio 0.571, rho=0.571); skinny 1293; plain HH shortest-vector baseline 2401

Trial 103: N=430489610940101 (49 bits), p=12874051, q=33438551
  m=105 (primes<= 7), m0=8, X=m*m0=840, S=[5, 7], t=2, M=35, rho=0.571, Y=2.000
  lambda0~852.2, Lambda_R=12055, Lambda_S=698, L*=24146
  RESULT: factor 12874051  via Lemma 3.11 certification  (0.0s)

Trial 104: N=344261290032811 (49 bits), p=15535343, q=22159877
  m=105 (primes<= 7), m0=8, X=m*m0=840, S=[5, 7], t=2, M=35, rho=0.571, Y=2.000
  lambda0~762.1, Lambda_R=10781, Lambda_S=625, L*=21598
  RESULT: factor 15535343  via collision mod p (multipoint gcd)  (0.0s)
  oracle (correct candidate): branch=regular, i in [0,2Lambda]=True, i==Q(k_p) mod ell=True, e* in E_R=True, alpha^e*==giant mod p=True
  giantsteps: regular=360, skinny=216
  babysteps: sieved |E_R|=12342 of dense 21598 (ratio 0.571, rho=0.571); skinny 1251; plain HH shortest-vector baseline 2323

Trial 105: N=169562662822243 (48 bits), p=12485303, q=13580981
  m=105 (primes<= 7), m0=7, X=m*m0=735, S=[5, 7], t=2, M=35, rho=0.571, Y=2.000
  lambda0~653.5, Lambda_R=9244, Lambda_S=536, L*=18524
  RESULT: factor 12485303  via collision mod p (multipoint gcd)  (0.0s)
  oracle (correct candidate): branch=regular, i in [0,2Lambda]=True, i==Q(k_p) mod ell=True, e* in E_R=True, alpha^e*==giant mod p=True
  giantsteps: regular=456, skinny=72
  babysteps: sieved |E_R|=10585 of dense 18524 (ratio 0.571, rho=0.571); skinny 1073; plain HH shortest-vector baseline 1993

Trial 106: N=299756164401649 (49 bits), p=15985639, q=18751591
  m=105 (primes<= 7), m0=7, X=m*m0=735, S=[5, 7], t=2, M=35, rho=0.571, Y=2.000
  lambda0~868.9, Lambda_R=12290, Lambda_S=712, L*=24616
  RESULT: factor 18751591  via collision mod p (multipoint gcd)  (0.0s)
  oracle (correct candidate): branch=regular, i in [0,2Lambda]=True, i==Q(k_p) mod ell=True, e* in E_R=True, alpha^e*==giant mod p=True
  giantsteps: regular=344, skinny=184
  babysteps: sieved |E_R|=14066 of dense 24616 (ratio 0.571, rho=0.571); skinny 1425; plain HH shortest-vector baseline 2647

Trial 107: N=198353469247343 (48 bits), p=8563183, q=23163521
  m=105 (primes<= 7), m0=7, X=m*m0=735, S=[5, 7], t=2, M=35, rho=0.571, Y=2.000
  lambda0~706.8, Lambda_R=9998, Lambda_S=580, L*=20032
  RESULT: factor 23163521  via collision mod p (multipoint gcd)  (0.0s)
  oracle (correct candidate): branch=regular, i in [0,2Lambda]=True, i==Q(k_p) mod ell=True, e* in E_R=True, alpha^e*==giant mod p=True
  giantsteps: regular=368, skinny=160
  babysteps: sieved |E_R|=11447 of dense 20032 (ratio 0.571, rho=0.571); skinny 1161; plain HH shortest-vector baseline 2155

Trial 108: N=398983487161309 (49 bits), p=15336011, q=26016119
  m=105 (primes<= 7), m0=8, X=m*m0=840, S=[5, 7], t=2, M=35, rho=0.571, Y=2.000
  lambda0~820.5, Lambda_R=11606, Lambda_S=672, L*=23248
  RESULT: factor 15336011  via collision mod p (multipoint gcd)  (0.0s)
  oracle (correct candidate): branch=regular, i in [0,2Lambda]=True, i==Q(k_p) mod ell=True, e* in E_R=True, alpha^e*==giant mod p=True
  giantsteps: regular=360, skinny=216
  babysteps: sieved |E_R|=13284 of dense 23248 (ratio 0.571, rho=0.571); skinny 1345; plain HH shortest-vector baseline 2499

Trial 109: N=420714931293403 (49 bits), p=16204403, q=25963001
  m=105 (primes<= 7), m0=8, X=m*m0=840, S=[5, 7], t=2, M=35, rho=0.571, Y=2.000
  lambda0~842.5, Lambda_R=11917, Lambda_S=690, L*=23870
  RESULT: factor 25963001  via collision mod p (multipoint gcd)  (0.0s)
  oracle (correct candidate): branch=regular, i in [0,2Lambda]=True, i==Q(k_p) mod ell=True, e* in E_R=True, alpha^e*==giant mod p=True
  giantsteps: regular=480, skinny=96
  babysteps: sieved |E_R|=13640 of dense 23870 (ratio 0.571, rho=0.571); skinny 1381; plain HH shortest-vector baseline 2567

Trial 110: N=215436177380833 (48 bits), p=8729309, q=24679637
  m=105 (primes<= 7), m0=7, X=m*m0=735, S=[5, 7], t=2, M=35, rho=0.571, Y=2.000
  lambda0~736.6, Lambda_R=10420, Lambda_S=604, L*=20876
  RESULT: factor 24679637  via collision mod p (multipoint gcd)  (0.0s)
  oracle (correct candidate): branch=skinny, i in [0,2Lambda]=True, i==Q(k_p) mod ell=True, e* in E_R=None, alpha^e*==giant mod p=True
  giantsteps: regular=456, skinny=72
  babysteps: sieved |E_R|=11930 of dense 20876 (ratio 0.571, rho=0.571); skinny 1209; plain HH shortest-vector baseline 2245

Trial 111: N=141726214627331 (48 bits), p=11314403, q=12526177
  m=105 (primes<= 7), m0=6, X=m*m0=630, S=[5, 7], t=2, M=35, rho=0.571, Y=2.000
  lambda0~752.9, Lambda_R=10650, Lambda_S=617, L*=21336
  RESULT: factor 12526177  via collision mod p (multipoint gcd)  (0.0s)
  oracle (correct candidate): branch=regular, i in [0,2Lambda]=True, i==Q(k_p) mod ell=True, e* in E_R=True, alpha^e*==giant mod p=True
  giantsteps: regular=360, skinny=72
  babysteps: sieved |E_R|=12193 of dense 21336 (ratio 0.571, rho=0.571); skinny 1235; plain HH shortest-vector baseline 2295

Trial 112: N=447017967962591 (49 bits), p=14006357, q=31915363
  m=105 (primes<= 7), m0=8, X=m*m0=840, S=[5, 7], t=2, M=35, rho=0.571, Y=2.000
  lambda0~868.4, Lambda_R=12284, Lambda_S=712, L*=24604
  RESULT: factor 14006357  via collision mod p (multipoint gcd)  (0.0s)
  oracle (correct candidate): branch=regular, i in [0,2Lambda]=True, i==Q(k_p) mod ell=True, e* in E_R=True, alpha^e*==giant mod p=True
  giantsteps: regular=392, skinny=184
  babysteps: sieved |E_R|=14059 of dense 24604 (ratio 0.571, rho=0.571); skinny 1425; plain HH shortest-vector baseline 2645

Trial 113: N=309344843400799 (49 bits), p=11202071, q=27614969
  m=105 (primes<= 7), m0=8, X=m*m0=840, S=[5, 7], t=2, M=35, rho=0.571, Y=2.000
  lambda0~722.4, Lambda_R=10219, Lambda_S=592, L*=20474
  RESULT: factor 27614969  via collision mod p (multipoint gcd)  (0.0s)
  oracle (correct candidate): branch=regular, i in [0,2Lambda]=True, i==Q(k_p) mod ell=True, e* in E_R=True, alpha^e*==giant mod p=True
  giantsteps: regular=464, skinny=112
  babysteps: sieved |E_R|=11699 of dense 20474 (ratio 0.571, rho=0.571); skinny 1185; plain HH shortest-vector baseline 2201

Trial 114: N=313021699302827 (49 bits), p=9673207, q=32359661
  m=105 (primes<= 7), m0=8, X=m*m0=840, S=[5, 7], t=2, M=35, rho=0.571, Y=2.000
  lambda0~726.7, Lambda_R=10280, Lambda_S=596, L*=20596
  RESULT: factor 9673207  via collision mod p (multipoint gcd)  (0.0s)
  oracle (correct candidate): branch=regular, i in [0,2Lambda]=True, i==Q(k_p) mod ell=True, e* in E_R=True, alpha^e*==giant mod p=True
  giantsteps: regular=408, skinny=168
  babysteps: sieved |E_R|=11770 of dense 20596 (ratio 0.571, rho=0.571); skinny 1193; plain HH shortest-vector baseline 2215

Trial 115: N=160724786523013 (48 bits), p=12125413, q=13255201
  m=105 (primes<= 7), m0=7, X=m*m0=735, S=[5, 7], t=2, M=35, rho=0.571, Y=2.000
  lambda0~636.2, Lambda_R=9000, Lambda_S=522, L*=18036
  RESULT: factor 13255201  via Lemma 3.11 certification  (0.0s)

Trial 116: N=278031271415813 (48 bits), p=13116949, q=21196337
  m=105 (primes<= 7), m0=7, X=m*m0=735, S=[5, 7], t=2, M=35, rho=0.571, Y=2.000
  lambda0~836.8, Lambda_R=11836, Lambda_S=686, L*=23708
  RESULT: factor 21196337  via collision mod p (multipoint gcd)  (0.0s)
  oracle (correct candidate): branch=regular, i in [0,2Lambda]=True, i==Q(k_p) mod ell=True, e* in E_R=True, alpha^e*==giant mod p=True
  giantsteps: regular=392, skinny=136
  babysteps: sieved |E_R|=13547 of dense 23708 (ratio 0.571, rho=0.571); skinny 1373; plain HH shortest-vector baseline 2549

Trial 117: N=192584420273657 (48 bits), p=12717599, q=15143143
  m=105 (primes<= 7), m0=7, X=m*m0=735, S=[5, 7], t=2, M=35, rho=0.571, Y=2.000
  lambda0~696.4, Lambda_R=9852, Lambda_S=571, L*=19740
  RESULT: factor 12717599  via collision mod p (multipoint gcd)  (0.0s)
  oracle (correct candidate): branch=regular, i in [0,2Lambda]=True, i==Q(k_p) mod ell=True, e* in E_R=True, alpha^e*==giant mod p=True
  giantsteps: regular=392, skinny=136
  babysteps: sieved |E_R|=11280 of dense 19740 (ratio 0.571, rho=0.571); skinny 1143; plain HH shortest-vector baseline 2123

Trial 118: N=502066950478399 (49 bits), p=15171491, q=33092789
  m=105 (primes<= 7), m0=8, X=m*m0=840, S=[5, 7], t=2, M=35, rho=0.571, Y=2.000
  lambda0~920.4, Lambda_R=13018, Lambda_S=754, L*=26072
  RESULT: factor 33092789  via collision mod p (multipoint gcd)  (0.1s)
  oracle (correct candidate): branch=regular, i in [0,2Lambda]=True, i==Q(k_p) mod ell=True, e* in E_R=True, alpha^e*==giant mod p=True
  giantsteps: regular=464, skinny=112
  babysteps: sieved |E_R|=14899 of dense 26072 (ratio 0.571, rho=0.571); skinny 1509; plain HH shortest-vector baseline 2803

Trial 119: N=327139338901213 (49 bits), p=12399857, q=26382509
  m=105 (primes<= 7), m0=8, X=m*m0=840, S=[5, 7], t=2, M=35, rho=0.571, Y=2.000
  lambda0~742.9, Lambda_R=10509, Lambda_S=609, L*=21054
  RESULT: factor 26382509  via collision mod p (multipoint gcd)  (0.0s)
  oracle (correct candidate): branch=regular, i in [0,2Lambda]=True, i==Q(k_p) mod ell=True, e* in E_R=True, alpha^e*==giant mod p=True
  giantsteps: regular=480, skinny=96
  babysteps: sieved |E_R|=12032 of dense 21054 (ratio 0.571, rho=0.571); skinny 1219; plain HH shortest-vector baseline 2265

Trial 120: N=369286646906887 (49 bits), p=12443399, q=29677313
  m=105 (primes<= 7), m0=8, X=m*m0=840, S=[5, 7], t=2, M=35, rho=0.571, Y=2.000
  lambda0~789.3, Lambda_R=11165, Lambda_S=647, L*=22366
  RESULT: factor 29677313  via collision mod p (multipoint gcd)  (0.0s)
  oracle (correct candidate): branch=regular, i in [0,2Lambda]=True, i==Q(k_p) mod ell=True, e* in E_R=True, alpha^e*==giant mod p=True
  giantsteps: regular=480, skinny=96
  babysteps: sieved |E_R|=12781 of dense 22366 (ratio 0.571, rho=0.571); skinny 1295; plain HH shortest-vector baseline 2405

Trial 121: N=229266567557903 (48 bits), p=10041673, q=22831511
  m=105 (primes<= 7), m0=7, X=m*m0=735, S=[5, 7], t=2, M=35, rho=0.571, Y=2.000
  lambda0~759.9, Lambda_R=10749, Lambda_S=623, L*=21534
  RESULT: factor 10041673  via collision mod p (multipoint gcd)  (0.0s)
  oracle (correct candidate): branch=skinny, i in [0,2Lambda]=True, i==Q(k_p) mod ell=True, e* in E_R=None, alpha^e*==giant mod p=True
  giantsteps: regular=368, skinny=160
  babysteps: sieved |E_R|=12305 of dense 21534 (ratio 0.571, rho=0.571); skinny 1247; plain HH shortest-vector baseline 2315

Trial 122: N=169516523928439 (48 bits), p=8970133, q=18897883
  m=105 (primes<= 7), m0=7, X=m*m0=735, S=[5, 7], t=2, M=35, rho=0.571, Y=2.000
  lambda0~653.4, Lambda_R=9243, Lambda_S=536, L*=18522
  RESULT: factor 18897883  via exact match + Lemma 2.4  (0.0s)
  oracle (correct candidate): branch=skinny, i in [0,2Lambda]=True, i==Q(k_p) mod ell=True, e* in E_R=None, alpha^e*==giant mod p=True
  giantsteps: regular=344, skinny=184
  babysteps: sieved |E_R|=10584 of dense 18522 (ratio 0.571, rho=0.571); skinny 1073; plain HH shortest-vector baseline 1991

Trial 123: N=476240448997969 (49 bits), p=15710327, q=30313847
  m=105 (primes<= 7), m0=8, X=m*m0=840, S=[5, 7], t=2, M=35, rho=0.571, Y=2.000
  lambda0~896.4, Lambda_R=12679, Lambda_S=734, L*=25394
  RESULT: factor 15710327  via collision mod p (multipoint gcd)  (0.0s)
  oracle (correct candidate): branch=regular, i in [0,2Lambda]=True, i==Q(k_p) mod ell=True, e* in E_R=True, alpha^e*==giant mod p=True
  giantsteps: regular=464, skinny=112
  babysteps: sieved |E_R|=14512 of dense 25394 (ratio 0.571, rho=0.571); skinny 1469; plain HH shortest-vector baseline 2731

Trial 124: N=260444078857097 (48 bits), p=12487507, q=20856371
  m=105 (primes<= 7), m0=7, X=m*m0=735, S=[5, 7], t=2, M=35, rho=0.571, Y=2.000
  lambda0~809.9, Lambda_R=11456, Lambda_S=664, L*=22948
  RESULT: factor 20856371  via collision mod p (multipoint gcd)  (0.0s)
  oracle (correct candidate): branch=regular, i in [0,2Lambda]=True, i==Q(k_p) mod ell=True, e* in E_R=True, alpha^e*==giant mod p=True
  giantsteps: regular=368, skinny=160
  babysteps: sieved |E_R|=13114 of dense 22948 (ratio 0.571, rho=0.571); skinny 1329; plain HH shortest-vector baseline 2467

Trial 125: N=297189625302397 (49 bits), p=10173313, q=29212669
  m=105 (primes<= 7), m0=7, X=m*m0=735, S=[5, 7], t=2, M=35, rho=0.571, Y=2.000
  lambda0~865.1, Lambda_R=12237, Lambda_S=709, L*=24510
  RESULT: factor 10173313  via collision mod p (multipoint gcd)  (0.0s)
  oracle (correct candidate): branch=regular, i in [0,2Lambda]=True, i==Q(k_p) mod ell=True, e* in E_R=True, alpha^e*==giant mod p=True
  giantsteps: regular=392, skinny=136
  babysteps: sieved |E_R|=14006 of dense 24510 (ratio 0.571, rho=0.571); skinny 1419; plain HH shortest-vector baseline 2635

Trial 126: N=89713053973121 (47 bits), p=8701163, q=10310467
  m=105 (primes<= 7), m0=6, X=m*m0=630, S=[5, 7], t=2, M=35, rho=0.571, Y=2.000
  lambda0~599.0, Lambda_R=8473, Lambda_S=492, L*=16982
  RESULT: factor 10310467  via collision mod p (multipoint gcd)  (0.0s)
  oracle (correct candidate): branch=regular, i in [0,2Lambda]=True, i==Q(k_p) mod ell=True, e* in E_R=True, alpha^e*==giant mod p=True
  giantsteps: regular=360, skinny=72
  babysteps: sieved |E_R|=9704 of dense 16982 (ratio 0.571, rho=0.571); skinny 985; plain HH shortest-vector baseline 1827

Trial 127: N=389996479058363 (49 bits), p=15799213, q=24684551
  m=105 (primes<= 7), m0=8, X=m*m0=840, S=[5, 7], t=2, M=35, rho=0.571, Y=2.000
  lambda0~811.2, Lambda_R=11474, Lambda_S=665, L*=22984
  RESULT: factor 24684551  via collision mod p (multipoint gcd)  (0.0s)
  oracle (correct candidate): branch=skinny, i in [0,2Lambda]=True, i==Q(k_p) mod ell=True, e* in E_R=None, alpha^e*==giant mod p=True
  giantsteps: regular=408, skinny=168
  babysteps: sieved |E_R|=13135 of dense 22984 (ratio 0.571, rho=0.571); skinny 1331; plain HH shortest-vector baseline 2471

Trial 128: N=324730119508589 (49 bits), p=11134889, q=29163301
  m=105 (primes<= 7), m0=8, X=m*m0=840, S=[5, 7], t=2, M=35, rho=0.571, Y=2.000
  lambda0~740.2, Lambda_R=10470, Lambda_S=607, L*=20976
  RESULT: factor 29163301  via collision mod p (multipoint gcd)  (0.0s)
  oracle (correct candidate): branch=regular, i in [0,2Lambda]=True, i==Q(k_p) mod ell=True, e* in E_R=True, alpha^e*==giant mod p=True
  giantsteps: regular=392, skinny=184
  babysteps: sieved |E_R|=11986 of dense 20976 (ratio 0.571, rho=0.571); skinny 1215; plain HH shortest-vector baseline 2255

Trial 129: N=337691001916693 (49 bits), p=11882947, q=28418119
  m=105 (primes<= 7), m0=8, X=m*m0=840, S=[5, 7], t=2, M=35, rho=0.571, Y=2.000
  lambda0~754.8, Lambda_R=10677, Lambda_S=619, L*=21390
  RESULT: factor 11882947  via collision mod p (multipoint gcd)  (0.0s)
  oracle (correct candidate): branch=regular, i in [0,2Lambda]=True, i==Q(k_p) mod ell=True, e* in E_R=True, alpha^e*==giant mod p=True
  giantsteps: regular=480, skinny=96
  babysteps: sieved |E_R|=12223 of dense 21390 (ratio 0.571, rho=0.571); skinny 1239; plain HH shortest-vector baseline 2301

Trial 130: N=222001837285919 (48 bits), p=14132351, q=15708769
  m=105 (primes<= 7), m0=7, X=m*m0=735, S=[5, 7], t=2, M=35, rho=0.571, Y=2.000
  lambda0~747.7, Lambda_R=10577, Lambda_S=613, L*=21190
  RESULT: factor 15708769  via collision mod p (multipoint gcd)  (0.0s)
  oracle (correct candidate): branch=regular, i in [0,2Lambda]=True, i==Q(k_p) mod ell=True, e* in E_R=True, alpha^e*==giant mod p=True
  giantsteps: regular=480, skinny=48
  babysteps: sieved |E_R|=12109 of dense 21190 (ratio 0.571, rho=0.571); skinny 1227; plain HH shortest-vector baseline 2279

Trial 131: N=232981700613007 (48 bits), p=12976961, q=17953487
  m=105 (primes<= 7), m0=7, X=m*m0=735, S=[5, 7], t=2, M=35, rho=0.571, Y=2.000
  lambda0~766.0, Lambda_R=10835, Lambda_S=628, L*=21706
  RESULT: factor 12976961  via collision mod p (multipoint gcd)  (0.0s)
  oracle (correct candidate): branch=regular, i in [0,2Lambda]=True, i==Q(k_p) mod ell=True, e* in E_R=True, alpha^e*==giant mod p=True
  giantsteps: regular=456, skinny=72
  babysteps: sieved |E_R|=12403 of dense 21706 (ratio 0.571, rho=0.571); skinny 1257; plain HH shortest-vector baseline 2335

Trial 132: N=177641596180381 (48 bits), p=8455493, q=21009017
  m=105 (primes<= 7), m0=7, X=m*m0=735, S=[5, 7], t=2, M=35, rho=0.571, Y=2.000
  lambda0~668.9, Lambda_R=9462, Lambda_S=549, L*=18960
  RESULT: factor 8455493  via collision mod p (multipoint gcd)  (0.0s)
  oracle (correct candidate): branch=regular, i in [0,2Lambda]=True, i==Q(k_p) mod ell=True, e* in E_R=True, alpha^e*==giant mod p=True
  giantsteps: regular=344, skinny=184
  babysteps: sieved |E_R|=10835 of dense 18960 (ratio 0.571, rho=0.571); skinny 1099; plain HH shortest-vector baseline 2039

Trial 133: N=340682599169951 (49 bits), p=15206281, q=22404071
  m=105 (primes<= 7), m0=8, X=m*m0=840, S=[5, 7], t=2, M=35, rho=0.571, Y=2.000
  lambda0~758.2, Lambda_R=10724, Lambda_S=622, L*=21484
  RESULT: factor 15206281  via collision mod p (multipoint gcd)  (0.0s)
  oracle (correct candidate): branch=regular, i in [0,2Lambda]=True, i==Q(k_p) mod ell=True, e* in E_R=True, alpha^e*==giant mod p=True
  giantsteps: regular=496, skinny=80
  babysteps: sieved |E_R|=12277 of dense 21484 (ratio 0.571, rho=0.571); skinny 1245; plain HH shortest-vector baseline 2311

Trial 134: N=309740162745119 (49 bits), p=11780789, q=26291971
  m=105 (primes<= 7), m0=8, X=m*m0=840, S=[5, 7], t=2, M=35, rho=0.571, Y=2.000
  lambda0~722.9, Lambda_R=10226, Lambda_S=593, L*=20488
  RESULT: factor 26291971  via collision mod p (multipoint gcd)  (0.0s)
  oracle (correct candidate): branch=skinny, i in [0,2Lambda]=True, i==Q(k_p) mod ell=True, e* in E_R=None, alpha^e*==giant mod p=True
  giantsteps: regular=392, skinny=184
  babysteps: sieved |E_R|=11707 of dense 20488 (ratio 0.571, rho=0.571); skinny 1187; plain HH shortest-vector baseline 2203

Trial 135: N=192850418367413 (48 bits), p=9884431, q=19510523
  m=105 (primes<= 7), m0=7, X=m*m0=735, S=[5, 7], t=2, M=35, rho=0.571, Y=2.000
  lambda0~696.9, Lambda_R=9858, Lambda_S=572, L*=19752
  RESULT: factor 9884431  via collision mod p (multipoint gcd)  (0.0s)
  oracle (correct candidate): branch=regular, i in [0,2Lambda]=True, i==Q(k_p) mod ell=True, e* in E_R=True, alpha^e*==giant mod p=True
  giantsteps: regular=368, skinny=160
  babysteps: sieved |E_R|=11287 of dense 19752 (ratio 0.571, rho=0.571); skinny 1145; plain HH shortest-vector baseline 2125

Trial 136: N=266306987618017 (48 bits), p=10038467, q=26528651
  m=105 (primes<= 7), m0=7, X=m*m0=735, S=[5, 7], t=2, M=35, rho=0.571, Y=2.000
  lambda0~819.0, Lambda_R=11584, Lambda_S=671, L*=23204
  RESULT: factor 26528651  via Lemma 3.11 certification  (0.0s)

Trial 137: N=329367189769843 (49 bits), p=13815371, q=23840633
  m=105 (primes<= 7), m0=8, X=m*m0=840, S=[5, 7], t=2, M=35, rho=0.571, Y=2.000
  lambda0~745.5, Lambda_R=10545, Lambda_S=611, L*=21126
  RESULT: factor 23840633  via collision mod p (multipoint gcd)  (0.0s)
  oracle (correct candidate): branch=regular, i in [0,2Lambda]=True, i==Q(k_p) mod ell=True, e* in E_R=True, alpha^e*==giant mod p=True
  giantsteps: regular=448, skinny=128
  babysteps: sieved |E_R|=12073 of dense 21126 (ratio 0.571, rho=0.571); skinny 1223; plain HH shortest-vector baseline 2271

Trial 138: N=419887019796551 (49 bits), p=12716933, q=33017947
  m=105 (primes<= 7), m0=8, X=m*m0=840, S=[5, 7], t=2, M=35, rho=0.571, Y=2.000
  lambda0~841.7, Lambda_R=11906, Lambda_S=690, L*=23848
  RESULT: factor 12716933  via collision mod p (multipoint gcd)  (0.0s)
  oracle (correct candidate): branch=regular, i in [0,2Lambda]=True, i==Q(k_p) mod ell=True, e* in E_R=True, alpha^e*==giant mod p=True
  giantsteps: regular=496, skinny=80
  babysteps: sieved |E_R|=13627 of dense 23848 (ratio 0.571, rho=0.571); skinny 1381; plain HH shortest-vector baseline 2565

Trial 139: N=348236925970933 (49 bits), p=15042457, q=23150269
  m=105 (primes<= 7), m0=8, X=m*m0=840, S=[5, 7], t=2, M=35, rho=0.571, Y=2.000
  lambda0~766.5, Lambda_R=10843, Lambda_S=628, L*=21722
  RESULT: factor 15042457  via collision mod p (multipoint gcd)  (0.0s)
  oracle (correct candidate): branch=regular, i in [0,2Lambda]=True, i==Q(k_p) mod ell=True, e* in E_R=True, alpha^e*==giant mod p=True
  giantsteps: regular=480, skinny=96
  babysteps: sieved |E_R|=12414 of dense 21722 (ratio 0.571, rho=0.571); skinny 1257; plain HH shortest-vector baseline 2335

Trial 140: N=181779081146627 (48 bits), p=12943639, q=14043893
  m=105 (primes<= 7), m0=7, X=m*m0=735, S=[5, 7], t=2, M=35, rho=0.571, Y=2.000
  lambda0~676.6, Lambda_R=9571, Lambda_S=555, L*=19178
  RESULT: factor 12943639  via collision mod p (multipoint gcd)  (0.0s)
  oracle (correct candidate): branch=regular, i in [0,2Lambda]=True, i==Q(k_p) mod ell=True, e* in E_R=True, alpha^e*==giant mod p=True
  giantsteps: regular=392, skinny=136
  babysteps: sieved |E_R|=10959 of dense 19178 (ratio 0.571, rho=0.571); skinny 1111; plain HH shortest-vector baseline 2063

Trial 141: N=275378003435113 (48 bits), p=15234287, q=18076199
  m=105 (primes<= 7), m0=7, X=m*m0=735, S=[5, 7], t=2, M=35, rho=0.571, Y=2.000
  lambda0~832.8, Lambda_R=11780, Lambda_S=682, L*=23596
  RESULT: factor 18076199  via collision mod p (multipoint gcd)  (0.0s)
  oracle (correct candidate): branch=regular, i in [0,2Lambda]=True, i==Q(k_p) mod ell=True, e* in E_R=True, alpha^e*==giant mod p=True
  giantsteps: regular=456, skinny=72
  babysteps: sieved |E_R|=13483 of dense 23596 (ratio 0.571, rho=0.571); skinny 1365; plain HH shortest-vector baseline 2537

Trial 142: N=465800585136121 (49 bits), p=13978337, q=33323033
  m=105 (primes<= 7), m0=8, X=m*m0=840, S=[5, 7], t=2, M=35, rho=0.571, Y=2.000
  lambda0~886.5, Lambda_R=12540, Lambda_S=726, L*=25116
  RESULT: factor 13978337  via collision mod p (multipoint gcd)  (0.0s)
  oracle (correct candidate): branch=regular, i in [0,2Lambda]=True, i==Q(k_p) mod ell=True, e* in E_R=True, alpha^e*==giant mod p=True
  giantsteps: regular=360, skinny=216
  babysteps: sieved |E_R|=14353 of dense 25116 (ratio 0.571, rho=0.571); skinny 1453; plain HH shortest-vector baseline 2701

Trial 143: N=300109372417093 (49 bits), p=11413693, q=26293801
  m=105 (primes<= 7), m0=7, X=m*m0=735, S=[5, 7], t=2, M=35, rho=0.571, Y=2.000
  lambda0~869.4, Lambda_R=12297, Lambda_S=712, L*=24630
  RESULT: factor 26293801  via collision mod p (multipoint gcd)  (0.0s)
  oracle (correct candidate): branch=regular, i in [0,2Lambda]=True, i==Q(k_p) mod ell=True, e* in E_R=True, alpha^e*==giant mod p=True
  giantsteps: regular=392, skinny=136
  babysteps: sieved |E_R|=14075 of dense 24630 (ratio 0.571, rho=0.571); skinny 1425; plain HH shortest-vector baseline 2649

Trial 144: N=202761993857737 (48 bits), p=12414047, q=16333271
  m=105 (primes<= 7), m0=7, X=m*m0=735, S=[5, 7], t=2, M=35, rho=0.571, Y=2.000
  lambda0~714.6, Lambda_R=10108, Lambda_S=586, L*=20252
  RESULT: factor 12414047  via collision mod p (multipoint gcd)  (0.0s)
  oracle (correct candidate): branch=regular, i in [0,2Lambda]=True, i==Q(k_p) mod ell=True, e* in E_R=True, alpha^e*==giant mod p=True
  giantsteps: regular=456, skinny=72
  babysteps: sieved |E_R|=11574 of dense 20252 (ratio 0.571, rho=0.571); skinny 1173; plain HH shortest-vector baseline 2177

Trial 145: N=160221081389539 (48 bits), p=11509921, q=13920259
  m=105 (primes<= 7), m0=7, X=m*m0=735, S=[5, 7], t=2, M=35, rho=0.571, Y=2.000
  lambda0~635.2, Lambda_R=8986, Lambda_S=521, L*=18008
  RESULT: factor 13920259  via collision mod p (multipoint gcd)  (0.0s)
  oracle (correct candidate): branch=regular, i in [0,2Lambda]=True, i==Q(k_p) mod ell=True, e* in E_R=True, alpha^e*==giant mod p=True
  giantsteps: regular=344, skinny=184
  babysteps: sieved |E_R|=10291 of dense 18008 (ratio 0.571, rho=0.571); skinny 1043; plain HH shortest-vector baseline 1937

Trial 146: N=475768324885453 (49 bits), p=15032707, q=31648879
  m=105 (primes<= 7), m0=8, X=m*m0=840, S=[5, 7], t=2, M=35, rho=0.571, Y=2.000
  lambda0~895.9, Lambda_R=12673, Lambda_S=734, L*=25382
  RESULT: factor 31648879  via collision mod p (multipoint gcd)  (0.0s)
  oracle (correct candidate): branch=regular, i in [0,2Lambda]=True, i==Q(k_p) mod ell=True, e* in E_R=True, alpha^e*==giant mod p=True
  giantsteps: regular=480, skinny=96
  babysteps: sieved |E_R|=14504 of dense 25382 (ratio 0.571, rho=0.571); skinny 1469; plain HH shortest-vector baseline 2729

Trial 147: N=342232396383347 (49 bits), p=14193131, q=24112537
  m=105 (primes<= 7), m0=8, X=m*m0=840, S=[5, 7], t=2, M=35, rho=0.571, Y=2.000
  lambda0~759.9, Lambda_R=10749, Lambda_S=623, L*=21534
  RESULT: factor 24112537  via collision mod p (multipoint gcd)  (0.0s)
  oracle (correct candidate): branch=skinny, i in [0,2Lambda]=True, i==Q(k_p) mod ell=True, e* in E_R=None, alpha^e*==giant mod p=True
  giantsteps: regular=408, skinny=168
  babysteps: sieved |E_R|=12305 of dense 21534 (ratio 0.571, rho=0.571); skinny 1247; plain HH shortest-vector baseline 2315

Trial 148: N=242247220241659 (48 bits), p=14795441, q=16373099
  m=105 (primes<= 7), m0=7, X=m*m0=735, S=[5, 7], t=2, M=35, rho=0.571, Y=2.000
  lambda0~781.1, Lambda_R=11049, Lambda_S=640, L*=22134
  RESULT: factor 14795441  via collision mod p (multipoint gcd)  (0.0s)
  oracle (correct candidate): branch=regular, i in [0,2Lambda]=True, i==Q(k_p) mod ell=True, e* in E_R=True, alpha^e*==giant mod p=True
  giantsteps: regular=432, skinny=96
  babysteps: sieved |E_R|=12648 of dense 22134 (ratio 0.571, rho=0.571); skinny 1281; plain HH shortest-vector baseline 2379

Trial 149: N=253629453118537 (48 bits), p=10646341, q=23823157
  m=105 (primes<= 7), m0=7, X=m*m0=735, S=[5, 7], t=2, M=35, rho=0.571, Y=2.000
  lambda0~799.2, Lambda_R=11305, Lambda_S=655, L*=22646
  RESULT: factor 10646341  via collision mod p (multipoint gcd)  (0.0s)
  oracle (correct candidate): branch=regular, i in [0,2Lambda]=True, i==Q(k_p) mod ell=True, e* in E_R=True, alpha^e*==giant mod p=True
  giantsteps: regular=456, skinny=72
  babysteps: sieved |E_R|=12941 of dense 22646 (ratio 0.571, rho=0.571); skinny 1311; plain HH shortest-vector baseline 2435

Trial 150: N=267233384156293 (48 bits), p=11606249, q=23024957
  m=105 (primes<= 7), m0=7, X=m*m0=735, S=[5, 7], t=2, M=35, rho=0.571, Y=2.000
  lambda0~820.4, Lambda_R=11604, Lambda_S=672, L*=23244
  RESULT: factor 11606249  via collision mod p (multipoint gcd)  (0.0s)
  oracle (correct candidate): branch=regular, i in [0,2Lambda]=True, i==Q(k_p) mod ell=True, e* in E_R=True, alpha^e*==giant mod p=True
  giantsteps: regular=392, skinny=136
  babysteps: sieved |E_R|=13282 of dense 23244 (ratio 0.571, rho=0.571); skinny 1345; plain HH shortest-vector baseline 2499

Trial 151: N=133374737866963 (47 bits), p=10713289, q=12449467
  m=105 (primes<= 7), m0=6, X=m*m0=630, S=[5, 7], t=2, M=35, rho=0.571, Y=2.000
  lambda0~730.3, Lambda_R=10331, Lambda_S=599, L*=20698
  RESULT: factor 10713289  via collision mod p (multipoint gcd)  (0.0s)
  oracle (correct candidate): branch=regular, i in [0,2Lambda]=True, i==Q(k_p) mod ell=True, e* in E_R=True, alpha^e*==giant mod p=True
  giantsteps: regular=368, skinny=64
  babysteps: sieved |E_R|=11827 of dense 20698 (ratio 0.571, rho=0.571); skinny 1199; plain HH shortest-vector baseline 2225

Trial 152: N=115474825694549 (47 bits), p=8499097, q=13586717
  m=105 (primes<= 7), m0=6, X=m*m0=630, S=[5, 7], t=2, M=35, rho=0.571, Y=2.000
  lambda0~679.6, Lambda_R=9613, Lambda_S=557, L*=19262
  RESULT: factor 8499097  via collision mod p (multipoint gcd)  (0.0s)
  oracle (correct candidate): branch=regular, i in [0,2Lambda]=True, i==Q(k_p) mod ell=True, e* in E_R=True, alpha^e*==giant mod p=True
  giantsteps: regular=360, skinny=72
  babysteps: sieved |E_R|=11007 of dense 19262 (ratio 0.571, rho=0.571); skinny 1115; plain HH shortest-vector baseline 2071

Trial 153: N=288386918056681 (49 bits), p=11156833, q=25848457
  m=105 (primes<= 7), m0=7, X=m*m0=735, S=[5, 7], t=2, M=35, rho=0.571, Y=2.000
  lambda0~852.2, Lambda_R=12055, Lambda_S=698, L*=24146
  RESULT: factor 11156833  via collision mod p (multipoint gcd)  (0.0s)
  oracle (correct candidate): branch=regular, i in [0,2Lambda]=True, i==Q(k_p) mod ell=True, e* in E_R=True, alpha^e*==giant mod p=True
  giantsteps: regular=432, skinny=96
  babysteps: sieved |E_R|=13799 of dense 24146 (ratio 0.571, rho=0.571); skinny 1397; plain HH shortest-vector baseline 2597

Trial 154: N=501246017171639 (49 bits), p=15398099, q=32552461
  m=105 (primes<= 7), m0=8, X=m*m0=840, S=[5, 7], t=2, M=35, rho=0.571, Y=2.000
  lambda0~919.6, Lambda_R=13008, Lambda_S=753, L*=26052
  RESULT: factor 15398099  via collision mod p (multipoint gcd)  (0.1s)
  oracle (correct candidate): branch=regular, i in [0,2Lambda]=True, i==Q(k_p) mod ell=True, e* in E_R=True, alpha^e*==giant mod p=True
  giantsteps: regular=496, skinny=80
  babysteps: sieved |E_R|=14887 of dense 26052 (ratio 0.571, rho=0.571); skinny 1507; plain HH shortest-vector baseline 2801

Trial 155: N=230966943721621 (48 bits), p=12801989, q=18041489
  m=105 (primes<= 7), m0=7, X=m*m0=735, S=[5, 7], t=2, M=35, rho=0.571, Y=2.000
  lambda0~762.7, Lambda_R=10788, Lambda_S=625, L*=21612
  RESULT: factor 18041489  via exact match + Lemma 2.4  (0.0s)
  oracle (correct candidate): branch=skinny, i in [0,2Lambda]=True, i==Q(k_p) mod ell=True, e* in E_R=None, alpha^e*==giant mod p=True
  giantsteps: regular=344, skinny=184
  babysteps: sieved |E_R|=12351 of dense 21612 (ratio 0.571, rho=0.571); skinny 1251; plain HH shortest-vector baseline 2325

Trial 156: N=179348400153917 (48 bits), p=12981649, q=13815533
  m=105 (primes<= 7), m0=7, X=m*m0=735, S=[5, 7], t=2, M=35, rho=0.571, Y=2.000
  lambda0~672.1, Lambda_R=9507, Lambda_S=551, L*=19050
  RESULT: factor 12981649  via collision mod p (multipoint gcd)  (0.0s)
  oracle (correct candidate): branch=skinny, i in [0,2Lambda]=True, i==Q(k_p) mod ell=True, e* in E_R=None, alpha^e*==giant mod p=True
  giantsteps: regular=368, skinny=160
  babysteps: sieved |E_R|=10886 of dense 19050 (ratio 0.571, rho=0.571); skinny 1103; plain HH shortest-vector baseline 2049

Trial 157: N=254174462918371 (48 bits), p=11608847, q=21894893
  m=105 (primes<= 7), m0=7, X=m*m0=735, S=[5, 7], t=2, M=35, rho=0.571, Y=2.000
  lambda0~800.1, Lambda_R=11317, Lambda_S=656, L*=22670
  RESULT: factor 21894893  via collision mod p (multipoint gcd)  (0.0s)
  oracle (correct candidate): branch=skinny, i in [0,2Lambda]=True, i==Q(k_p) mod ell=True, e* in E_R=None, alpha^e*==giant mod p=True
  giantsteps: regular=344, skinny=184
  babysteps: sieved |E_R|=12955 of dense 22670 (ratio 0.571, rho=0.571); skinny 1313; plain HH shortest-vector baseline 2437

Trial 158: N=273046074183037 (48 bits), p=10385359, q=26291443
  m=105 (primes<= 7), m0=7, X=m*m0=735, S=[5, 7], t=2, M=35, rho=0.571, Y=2.000
  lambda0~829.3, Lambda_R=11730, Lambda_S=680, L*=23496
  RESULT: factor 10385359  via collision mod p (multipoint gcd)  (0.0s)
  oracle (correct candidate): branch=regular, i in [0,2Lambda]=True, i==Q(k_p) mod ell=True, e* in E_R=True, alpha^e*==giant mod p=True
  giantsteps: regular=392, skinny=136
  babysteps: sieved |E_R|=13426 of dense 23496 (ratio 0.571, rho=0.571); skinny 1361; plain HH shortest-vector baseline 2527

Trial 159: N=521490532043339 (49 bits), p=15803717, q=32997967
  m=105 (primes<= 7), m0=8, X=m*m0=840, S=[5, 7], t=2, M=35, rho=0.571, Y=2.000
  lambda0~938.0, Lambda_R=13268, Lambda_S=768, L*=26572
  RESULT: factor 15803717  via collision mod p (multipoint gcd)  (0.1s)
  oracle (correct candidate): branch=regular, i in [0,2Lambda]=True, i==Q(k_p) mod ell=True, e* in E_R=True, alpha^e*==giant mod p=True
  giantsteps: regular=496, skinny=80
  babysteps: sieved |E_R|=15184 of dense 26572 (ratio 0.571, rho=0.571); skinny 1537; plain HH shortest-vector baseline 2857

Trial 160: N=340385665804147 (49 bits), p=15807851, q=21532697
  m=105 (primes<= 7), m0=8, X=m*m0=840, S=[5, 7], t=2, M=35, rho=0.571, Y=2.000
  lambda0~757.8, Lambda_R=10720, Lambda_S=621, L*=21476
  RESULT: factor 21532697  via collision mod p (multipoint gcd)  (0.0s)
  oracle (correct candidate): branch=skinny, i in [0,2Lambda]=True, i==Q(k_p) mod ell=True, e* in E_R=None, alpha^e*==giant mod p=True
  giantsteps: regular=480, skinny=96
  babysteps: sieved |E_R|=12273 of dense 21476 (ratio 0.571, rho=0.571); skinny 1243; plain HH shortest-vector baseline 2309

Trial 161: N=436770657591227 (49 bits), p=16589273, q=26328499
  m=105 (primes<= 7), m0=8, X=m*m0=840, S=[5, 7], t=2, M=35, rho=0.571, Y=2.000
  lambda0~858.4, Lambda_R=12143, Lambda_S=703, L*=24322
  RESULT: factor 26328499  via collision mod p (multipoint gcd)  (0.0s)
  oracle (correct candidate): branch=regular, i in [0,2Lambda]=True, i==Q(k_p) mod ell=True, e* in E_R=True, alpha^e*==giant mod p=True
  giantsteps: regular=408, skinny=168
  babysteps: sieved |E_R|=13899 of dense 24322 (ratio 0.571, rho=0.571); skinny 1407; plain HH shortest-vector baseline 2615

Trial 162: N=558406550386337 (49 bits), p=16673599, q=33490463
  m=105 (primes<= 7), m0=8, X=m*m0=840, S=[5, 7], t=2, M=35, rho=0.571, Y=2.000
  lambda0~970.6, Lambda_R=13729, Lambda_S=795, L*=27494
  RESULT: factor 16673599  via collision mod p (multipoint gcd)  (0.1s)
  oracle (correct candidate): branch=regular, i in [0,2Lambda]=True, i==Q(k_p) mod ell=True, e* in E_R=True, alpha^e*==giant mod p=True
  giantsteps: regular=408, skinny=168
  babysteps: sieved |E_R|=15712 of dense 27494 (ratio 0.571, rho=0.571); skinny 1591; plain HH shortest-vector baseline 2957

Trial 163: N=368975309645443 (49 bits), p=14235649, q=25919107
  m=105 (primes<= 7), m0=8, X=m*m0=840, S=[5, 7], t=2, M=35, rho=0.571, Y=2.000
  lambda0~789.0, Lambda_R=11161, Lambda_S=647, L*=22358
  RESULT: factor 14235649  via collision mod p (multipoint gcd)  (0.0s)
  oracle (correct candidate): branch=regular, i in [0,2Lambda]=True, i==Q(k_p) mod ell=True, e* in E_R=True, alpha^e*==giant mod p=True
  giantsteps: regular=448, skinny=128
  babysteps: sieved |E_R|=12776 of dense 22358 (ratio 0.571, rho=0.571); skinny 1295; plain HH shortest-vector baseline 2405

Trial 164: N=366399925872781 (49 bits), p=15777647, q=23222723
  m=105 (primes<= 7), m0=8, X=m*m0=840, S=[5, 7], t=2, M=35, rho=0.571, Y=2.000
  lambda0~786.2, Lambda_R=11122, Lambda_S=644, L*=22280
  RESULT: factor 23222723  via collision mod p (multipoint gcd)  (0.0s)
  oracle (correct candidate): branch=skinny, i in [0,2Lambda]=True, i==Q(k_p) mod ell=True, e* in E_R=None, alpha^e*==giant mod p=True
  giantsteps: regular=464, skinny=112
  babysteps: sieved |E_R|=12732 of dense 22280 (ratio 0.571, rho=0.571); skinny 1289; plain HH shortest-vector baseline 2395

Trial 165: N=248124953645203 (48 bits), p=10033087, q=24730669
  m=105 (primes<= 7), m0=7, X=m*m0=735, S=[5, 7], t=2, M=35, rho=0.571, Y=2.000
  lambda0~790.5, Lambda_R=11182, Lambda_S=648, L*=22400
  RESULT: factor 10033087  via collision mod p (multipoint gcd)  (0.0s)
  oracle (correct candidate): branch=regular, i in [0,2Lambda]=True, i==Q(k_p) mod ell=True, e* in E_R=True, alpha^e*==giant mod p=True
  giantsteps: regular=456, skinny=72
  babysteps: sieved |E_R|=12800 of dense 22400 (ratio 0.571, rho=0.571); skinny 1297; plain HH shortest-vector baseline 2409

Trial 166: N=245893028245367 (48 bits), p=14901487, q=16501241
  m=105 (primes<= 7), m0=7, X=m*m0=735, S=[5, 7], t=2, M=35, rho=0.571, Y=2.000
  lambda0~786.9, Lambda_R=11132, Lambda_S=645, L*=22300
  RESULT: factor 14901487  via collision mod p (multipoint gcd)  (0.0s)
  oracle (correct candidate): branch=skinny, i in [0,2Lambda]=True, i==Q(k_p) mod ell=True, e* in E_R=None, alpha^e*==giant mod p=True
  giantsteps: regular=392, skinny=136
  babysteps: sieved |E_R|=12743 of dense 22300 (ratio 0.571, rho=0.571); skinny 1291; plain HH shortest-vector baseline 2397

Trial 167: N=161910205068193 (48 bits), p=9459577, q=17116009
  m=105 (primes<= 7), m0=7, X=m*m0=735, S=[5, 7], t=2, M=35, rho=0.571, Y=2.000
  lambda0~638.6, Lambda_R=9033, Lambda_S=524, L*=18102
  RESULT: factor 17116009  via collision mod p (multipoint gcd)  (0.0s)
  oracle (correct candidate): branch=regular, i in [0,2Lambda]=True, i==Q(k_p) mod ell=True, e* in E_R=True, alpha^e*==giant mod p=True
  giantsteps: regular=392, skinny=136
  babysteps: sieved |E_R|=10344 of dense 18102 (ratio 0.571, rho=0.571); skinny 1049; plain HH shortest-vector baseline 1947

Trial 168: N=329262935643613 (49 bits), p=15007843, q=21939391
  m=105 (primes<= 7), m0=8, X=m*m0=840, S=[5, 7], t=2, M=35, rho=0.571, Y=2.000
  lambda0~745.3, Lambda_R=10543, Lambda_S=611, L*=21122
  RESULT: factor 21939391  via collision mod p (multipoint gcd)  (0.0s)
  oracle (correct candidate): branch=regular, i in [0,2Lambda]=True, i==Q(k_p) mod ell=True, e* in E_R=True, alpha^e*==giant mod p=True
  giantsteps: regular=480, skinny=96
  babysteps: sieved |E_R|=12071 of dense 21122 (ratio 0.571, rho=0.571); skinny 1223; plain HH shortest-vector baseline 2271

Trial 169: N=103662001171031 (47 bits), p=9809231, q=10567801
  m=105 (primes<= 7), m0=6, X=m*m0=630, S=[5, 7], t=2, M=35, rho=0.571, Y=2.000
  lambda0~643.9, Lambda_R=9108, Lambda_S=528, L*=18252
  RESULT: factor 10567801  via collision mod p (multipoint gcd)  (0.0s)
  oracle (correct candidate): branch=regular, i in [0,2Lambda]=True, i==Q(k_p) mod ell=True, e* in E_R=True, alpha^e*==giant mod p=True
  giantsteps: regular=304, skinny=128
  babysteps: sieved |E_R|=10431 of dense 18252 (ratio 0.571, rho=0.571); skinny 1057; plain HH shortest-vector baseline 1963

Trial 170: N=257760593558207 (48 bits), p=10666757, q=24164851
  m=105 (primes<= 7), m0=7, X=m*m0=735, S=[5, 7], t=2, M=35, rho=0.571, Y=2.000
  lambda0~805.7, Lambda_R=11397, Lambda_S=660, L*=22830
  RESULT: factor 24164851  via collision mod p (multipoint gcd)  (0.0s)
  oracle (correct candidate): branch=regular, i in [0,2Lambda]=True, i==Q(k_p) mod ell=True, e* in E_R=True, alpha^e*==giant mod p=True
  giantsteps: regular=392, skinny=136
  babysteps: sieved |E_R|=13046 of dense 22830 (ratio 0.571, rho=0.571); skinny 1321; plain HH shortest-vector baseline 2455

Trial 171: N=476025852200719 (49 bits), p=15324437, q=31063187
  m=105 (primes<= 7), m0=8, X=m*m0=840, S=[5, 7], t=2, M=35, rho=0.571, Y=2.000
  lambda0~896.2, Lambda_R=12676, Lambda_S=734, L*=25388
  RESULT: factor 15324437  via collision mod p (multipoint gcd)  (0.0s)
  oracle (correct candidate): branch=regular, i in [0,2Lambda]=True, i==Q(k_p) mod ell=True, e* in E_R=True, alpha^e*==giant mod p=True
  giantsteps: regular=360, skinny=216
  babysteps: sieved |E_R|=14507 of dense 25388 (ratio 0.571, rho=0.571); skinny 1469; plain HH shortest-vector baseline 2729

Trial 172: N=457786177157669 (49 bits), p=16313603, q=28061623
  m=105 (primes<= 7), m0=8, X=m*m0=840, S=[5, 7], t=2, M=35, rho=0.571, Y=2.000
  lambda0~878.8, Lambda_R=12431, Lambda_S=720, L*=24898
  RESULT: factor 16313603  via collision mod p (multipoint gcd)  (0.0s)
  oracle (correct candidate): branch=regular, i in [0,2Lambda]=True, i==Q(k_p) mod ell=True, e* in E_R=True, alpha^e*==giant mod p=True
  giantsteps: regular=496, skinny=80
  babysteps: sieved |E_R|=14227 of dense 24898 (ratio 0.571, rho=0.571); skinny 1441; plain HH shortest-vector baseline 2677

Trial 173: N=300681420335707 (49 bits), p=8998553, q=33414419
  m=105 (primes<= 7), m0=7, X=m*m0=735, S=[5, 7], t=2, M=35, rho=0.571, Y=2.000
  lambda0~870.2, Lambda_R=12309, Lambda_S=713, L*=24654
  RESULT: factor 8998553  via collision mod p (multipoint gcd)  (0.0s)
  oracle (correct candidate): branch=regular, i in [0,2Lambda]=True, i==Q(k_p) mod ell=True, e* in E_R=True, alpha^e*==giant mod p=True
  giantsteps: regular=456, skinny=72
  babysteps: sieved |E_R|=14088 of dense 24654 (ratio 0.571, rho=0.571); skinny 1427; plain HH shortest-vector baseline 2651

Trial 174: N=466182666670111 (49 bits), p=14316031, q=32563681
  m=105 (primes<= 7), m0=8, X=m*m0=840, S=[5, 7], t=2, M=35, rho=0.571, Y=2.000
  lambda0~886.9, Lambda_R=12545, Lambda_S=727, L*=25126
  RESULT: factor 14316031  via collision mod p (multipoint gcd)  (0.0s)
  oracle (correct candidate): branch=regular, i in [0,2Lambda]=True, i==Q(k_p) mod ell=True, e* in E_R=True, alpha^e*==giant mod p=True
  giantsteps: regular=464, skinny=112
  babysteps: sieved |E_R|=14359 of dense 25126 (ratio 0.571, rho=0.571); skinny 1455; plain HH shortest-vector baseline 2701

Trial 175: N=375624727409383 (49 bits), p=15711473, q=23907671
  m=105 (primes<= 7), m0=8, X=m*m0=840, S=[5, 7], t=2, M=35, rho=0.571, Y=2.000
  lambda0~796.1, Lambda_R=11261, Lambda_S=652, L*=22558
  RESULT: factor 23907671  via collision mod p (multipoint gcd)  (0.0s)
  oracle (correct candidate): branch=regular, i in [0,2Lambda]=True, i==Q(k_p) mod ell=True, e* in E_R=True, alpha^e*==giant mod p=True
  giantsteps: regular=448, skinny=128
  babysteps: sieved |E_R|=12891 of dense 22558 (ratio 0.571, rho=0.571); skinny 1305; plain HH shortest-vector baseline 2425

Trial 176: N=213163659752447 (48 bits), p=10198961, q=20900527
  m=105 (primes<= 7), m0=7, X=m*m0=735, S=[5, 7], t=2, M=35, rho=0.571, Y=2.000
  lambda0~732.7, Lambda_R=10364, Lambda_S=601, L*=20764
  RESULT: factor 10198961  via collision mod p (multipoint gcd)  (0.0s)
  oracle (correct candidate): branch=regular, i in [0,2Lambda]=True, i==Q(k_p) mod ell=True, e* in E_R=True, alpha^e*==giant mod p=True
  giantsteps: regular=392, skinny=136
  babysteps: sieved |E_R|=11865 of dense 20764 (ratio 0.571, rho=0.571); skinny 1203; plain HH shortest-vector baseline 2233

Trial 177: N=357034291129631 (49 bits), p=15701333, q=22739107
  m=105 (primes<= 7), m0=8, X=m*m0=840, S=[5, 7], t=2, M=35, rho=0.571, Y=2.000
  lambda0~776.1, Lambda_R=10979, Lambda_S=636, L*=21994
  RESULT: factor 22739107  via collision mod p (multipoint gcd)  (0.0s)
  oracle (correct candidate): branch=skinny, i in [0,2Lambda]=True, i==Q(k_p) mod ell=True, e* in E_R=None, alpha^e*==giant mod p=True
  giantsteps: regular=496, skinny=80
  babysteps: sieved |E_R|=12568 of dense 21994 (ratio 0.571, rho=0.571); skinny 1273; plain HH shortest-vector baseline 2365

Trial 178: N=198380594416007 (48 bits), p=12951383, q=15317329
  m=105 (primes<= 7), m0=7, X=m*m0=735, S=[5, 7], t=2, M=35, rho=0.571, Y=2.000
  lambda0~706.8, Lambda_R=9999, Lambda_S=580, L*=20034
  RESULT: factor 15317329  via collision mod p (multipoint gcd)  (0.0s)
  oracle (correct candidate): branch=regular, i in [0,2Lambda]=True, i==Q(k_p) mod ell=True, e* in E_R=True, alpha^e*==giant mod p=True
  giantsteps: regular=392, skinny=136
  babysteps: sieved |E_R|=11448 of dense 20034 (ratio 0.571, rho=0.571); skinny 1161; plain HH shortest-vector baseline 2155

Trial 179: N=207316832595643 (48 bits), p=8756113, q=23676811
  m=105 (primes<= 7), m0=7, X=m*m0=735, S=[5, 7], t=2, M=35, rho=0.571, Y=2.000
  lambda0~722.6, Lambda_R=10221, Lambda_S=592, L*=20478
  RESULT: factor 8756113  via collision mod p (multipoint gcd)  (0.0s)
  oracle (correct candidate): branch=regular, i in [0,2Lambda]=True, i==Q(k_p) mod ell=True, e* in E_R=True, alpha^e*==giant mod p=True
  giantsteps: regular=392, skinny=136
  babysteps: sieved |E_R|=11702 of dense 20478 (ratio 0.571, rho=0.571); skinny 1185; plain HH shortest-vector baseline 2203

Trial 180: N=253391456905333 (48 bits), p=14526737, q=17443109
  m=105 (primes<= 7), m0=7, X=m*m0=735, S=[5, 7], t=2, M=35, rho=0.571, Y=2.000
  lambda0~798.8, Lambda_R=11300, Lambda_S=655, L*=22636
  RESULT: factor 14526737  via Lemma 3.11 certification  (0.0s)

Trial 181: N=200865903134363 (48 bits), p=9140863, q=21974501
  m=105 (primes<= 7), m0=7, X=m*m0=735, S=[5, 7], t=2, M=35, rho=0.571, Y=2.000
  lambda0~711.2, Lambda_R=10061, Lambda_S=583, L*=20158
  RESULT: factor 21974501  via collision mod p (multipoint gcd)  (0.0s)
  oracle (correct candidate): branch=regular, i in [0,2Lambda]=True, i==Q(k_p) mod ell=True, e* in E_R=True, alpha^e*==giant mod p=True
  giantsteps: regular=392, skinny=136
  babysteps: sieved |E_R|=11519 of dense 20158 (ratio 0.571, rho=0.571); skinny 1167; plain HH shortest-vector baseline 2167

Trial 182: N=331858305375581 (49 bits), p=11652313, q=28480037
  m=105 (primes<= 7), m0=8, X=m*m0=840, S=[5, 7], t=2, M=35, rho=0.571, Y=2.000
  lambda0~748.3, Lambda_R=10585, Lambda_S=613, L*=21206
  RESULT: factor 28480037  via collision mod p (multipoint gcd)  (0.0s)
  oracle (correct candidate): branch=regular, i in [0,2Lambda]=True, i==Q(k_p) mod ell=True, e* in E_R=True, alpha^e*==giant mod p=True
  giantsteps: regular=496, skinny=80
  babysteps: sieved |E_R|=12119 of dense 21206 (ratio 0.571, rho=0.571); skinny 1227; plain HH shortest-vector baseline 2281

Trial 183: N=256333461505669 (48 bits), p=15418913, q=16624613
  m=105 (primes<= 7), m0=7, X=m*m0=735, S=[5, 7], t=2, M=35, rho=0.571, Y=2.000
  lambda0~803.5, Lambda_R=11365, Lambda_S=659, L*=22766
  RESULT: factor 16624613  via collision mod p (multipoint gcd)  (0.0s)
  oracle (correct candidate): branch=skinny, i in [0,2Lambda]=True, i==Q(k_p) mod ell=True, e* in E_R=None, alpha^e*==giant mod p=True
  giantsteps: regular=344, skinny=184
  babysteps: sieved |E_R|=13010 of dense 22766 (ratio 0.571, rho=0.571); skinny 1319; plain HH shortest-vector baseline 2449

Trial 184: N=249757245044207 (48 bits), p=10484171, q=23822317
  m=105 (primes<= 7), m0=7, X=m*m0=735, S=[5, 7], t=2, M=35, rho=0.571, Y=2.000
  lambda0~793.1, Lambda_R=11219, Lambda_S=650, L*=22474
  RESULT: factor 10484171  via collision mod p (multipoint gcd)  (0.0s)
  oracle (correct candidate): branch=regular, i in [0,2Lambda]=True, i==Q(k_p) mod ell=True, e* in E_R=True, alpha^e*==giant mod p=True
  giantsteps: regular=392, skinny=136
  babysteps: sieved |E_R|=12842 of dense 22474 (ratio 0.571, rho=0.571); skinny 1301; plain HH shortest-vector baseline 2417

Trial 185: N=267645605391631 (48 bits), p=13489849, q=19840519
  m=105 (primes<= 7), m0=7, X=m*m0=735, S=[5, 7], t=2, M=35, rho=0.571, Y=2.000
  lambda0~821.0, Lambda_R=11613, Lambda_S=673, L*=23262
  RESULT: factor 13489849  via collision mod p (multipoint gcd)  (0.0s)
  oracle (correct candidate): branch=regular, i in [0,2Lambda]=True, i==Q(k_p) mod ell=True, e* in E_R=True, alpha^e*==giant mod p=True
  giantsteps: regular=432, skinny=96
  babysteps: sieved |E_R|=13294 of dense 23262 (ratio 0.571, rho=0.571); skinny 1347; plain HH shortest-vector baseline 2501

Trial 186: N=182082560657947 (48 bits), p=11640127, q=15642661
  m=105 (primes<= 7), m0=7, X=m*m0=735, S=[5, 7], t=2, M=35, rho=0.571, Y=2.000
  lambda0~677.2, Lambda_R=9579, Lambda_S=555, L*=19194
  RESULT: factor 11640127  via collision mod p (multipoint gcd)  (0.0s)
  oracle (correct candidate): branch=regular, i in [0,2Lambda]=True, i==Q(k_p) mod ell=True, e* in E_R=True, alpha^e*==giant mod p=True
  giantsteps: regular=456, skinny=72
  babysteps: sieved |E_R|=10968 of dense 19194 (ratio 0.571, rho=0.571); skinny 1111; plain HH shortest-vector baseline 2065

Trial 187: N=267982811527577 (48 bits), p=11291249, q=23733673
  m=105 (primes<= 7), m0=7, X=m*m0=735, S=[5, 7], t=2, M=35, rho=0.571, Y=2.000
  lambda0~821.5, Lambda_R=11621, Lambda_S=673, L*=23278
  RESULT: factor 11291249  via collision mod p (multipoint gcd)  (0.0s)
  oracle (correct candidate): branch=regular, i in [0,2Lambda]=True, i==Q(k_p) mod ell=True, e* in E_R=True, alpha^e*==giant mod p=True
  giantsteps: regular=392, skinny=136
  babysteps: sieved |E_R|=13302 of dense 23278 (ratio 0.571, rho=0.571); skinny 1347; plain HH shortest-vector baseline 2503

Trial 188: N=373333407496703 (49 bits), p=13964267, q=26734909
  m=105 (primes<= 7), m0=8, X=m*m0=840, S=[5, 7], t=2, M=35, rho=0.571, Y=2.000
  lambda0~793.7, Lambda_R=11226, Lambda_S=651, L*=22488
  RESULT: factor 13964267  via collision mod p (multipoint gcd)  (0.0s)
  oracle (correct candidate): branch=skinny, i in [0,2Lambda]=True, i==Q(k_p) mod ell=True, e* in E_R=None, alpha^e*==giant mod p=True
  giantsteps: regular=416, skinny=160
  babysteps: sieved |E_R|=12851 of dense 22488 (ratio 0.571, rho=0.571); skinny 1303; plain HH shortest-vector baseline 2419

Trial 189: N=412666511405957 (49 bits), p=12911539, q=31961063
  m=105 (primes<= 7), m0=8, X=m*m0=840, S=[5, 7], t=2, M=35, rho=0.571, Y=2.000
  lambda0~834.4, Lambda_R=11803, Lambda_S=684, L*=23642
  RESULT: factor 12911539  via collision mod p (multipoint gcd)  (0.0s)
  oracle (correct candidate): branch=skinny, i in [0,2Lambda]=True, i==Q(k_p) mod ell=True, e* in E_R=None, alpha^e*==giant mod p=True
  giantsteps: regular=408, skinny=168
  babysteps: sieved |E_R|=13511 of dense 23642 (ratio 0.571, rho=0.571); skinny 1369; plain HH shortest-vector baseline 2543

Trial 190: N=264254625167303 (48 bits), p=14926711, q=17703473
  m=105 (primes<= 7), m0=7, X=m*m0=735, S=[5, 7], t=2, M=35, rho=0.571, Y=2.000
  lambda0~815.8, Lambda_R=11540, Lambda_S=669, L*=23116
  RESULT: factor 14926711  via collision mod p (multipoint gcd)  (0.0s)
  oracle (correct candidate): branch=regular, i in [0,2Lambda]=True, i==Q(k_p) mod ell=True, e* in E_R=True, alpha^e*==giant mod p=True
  giantsteps: regular=368, skinny=160
  babysteps: sieved |E_R|=13210 of dense 23116 (ratio 0.571, rho=0.571); skinny 1339; plain HH shortest-vector baseline 2485

Trial 191: N=187996953424229 (48 bits), p=8809153, q=21341093
  m=105 (primes<= 7), m0=7, X=m*m0=735, S=[5, 7], t=2, M=35, rho=0.571, Y=2.000
  lambda0~688.1, Lambda_R=9734, Lambda_S=564, L*=19504
  RESULT: factor 21341093  via collision mod p (multipoint gcd)  (0.0s)
  oracle (correct candidate): branch=regular, i in [0,2Lambda]=True, i==Q(k_p) mod ell=True, e* in E_R=True, alpha^e*==giant mod p=True
  giantsteps: regular=480, skinny=48
  babysteps: sieved |E_R|=11145 of dense 19504 (ratio 0.571, rho=0.571); skinny 1129; plain HH shortest-vector baseline 2097

Trial 192: N=414237496880653 (49 bits), p=12940541, q=32010833
  m=105 (primes<= 7), m0=8, X=m*m0=840, S=[5, 7], t=2, M=35, rho=0.571, Y=2.000
  lambda0~836.0, Lambda_R=11825, Lambda_S=685, L*=23686
  RESULT: factor 12940541  via collision mod p (multipoint gcd)  (0.0s)
  oracle (correct candidate): branch=skinny, i in [0,2Lambda]=True, i==Q(k_p) mod ell=True, e* in E_R=None, alpha^e*==giant mod p=True
  giantsteps: regular=480, skinny=96
  babysteps: sieved |E_R|=13536 of dense 23686 (ratio 0.571, rho=0.571); skinny 1371; plain HH shortest-vector baseline 2547

Trial 193: N=356211551949367 (49 bits), p=14644109, q=24324563
  m=105 (primes<= 7), m0=8, X=m*m0=840, S=[5, 7], t=2, M=35, rho=0.571, Y=2.000
  lambda0~775.2, Lambda_R=10966, Lambda_S=635, L*=21968
  RESULT: factor 14644109  via collision mod p (multipoint gcd)  (0.0s)
  oracle (correct candidate): branch=regular, i in [0,2Lambda]=True, i==Q(k_p) mod ell=True, e* in E_R=True, alpha^e*==giant mod p=True
  giantsteps: regular=448, skinny=128
  babysteps: sieved |E_R|=12554 of dense 21968 (ratio 0.571, rho=0.571); skinny 1271; plain HH shortest-vector baseline 2363

Trial 194: N=387207713438107 (49 bits), p=14905901, q=25976807
  m=105 (primes<= 7), m0=8, X=m*m0=840, S=[5, 7], t=2, M=35, rho=0.571, Y=2.000
  lambda0~808.3, Lambda_R=11433, Lambda_S=662, L*=22902
  RESULT: factor 14905901  via collision mod p (multipoint gcd)  (0.0s)
  oracle (correct candidate): branch=regular, i in [0,2Lambda]=True, i==Q(k_p) mod ell=True, e* in E_R=True, alpha^e*==giant mod p=True
  giantsteps: regular=448, skinny=128
  babysteps: sieved |E_R|=13087 of dense 22902 (ratio 0.571, rho=0.571); skinny 1325; plain HH shortest-vector baseline 2463

Trial 195: N=228118704279397 (48 bits), p=13451213, q=16958969
  m=105 (primes<= 7), m0=7, X=m*m0=735, S=[5, 7], t=2, M=35, rho=0.571, Y=2.000
  lambda0~758.0, Lambda_R=10722, Lambda_S=621, L*=21480
  RESULT: factor 13451213  via collision mod p (multipoint gcd)  (0.0s)
  oracle (correct candidate): branch=regular, i in [0,2Lambda]=True, i==Q(k_p) mod ell=True, e* in E_R=True, alpha^e*==giant mod p=True
  giantsteps: regular=392, skinny=136
  babysteps: sieved |E_R|=12275 of dense 21480 (ratio 0.571, rho=0.571); skinny 1243; plain HH shortest-vector baseline 2309

Trial 196: N=298022878614557 (49 bits), p=12233231, q=24361747
  m=105 (primes<= 7), m0=7, X=m*m0=735, S=[5, 7], t=2, M=35, rho=0.571, Y=2.000
  lambda0~866.4, Lambda_R=12255, Lambda_S=710, L*=24546
  RESULT: factor 12233231  via collision mod p (multipoint gcd)  (0.0s)
  oracle (correct candidate): branch=regular, i in [0,2Lambda]=True, i==Q(k_p) mod ell=True, e* in E_R=True, alpha^e*==giant mod p=True
  giantsteps: regular=392, skinny=136
  babysteps: sieved |E_R|=14026 of dense 24546 (ratio 0.571, rho=0.571); skinny 1421; plain HH shortest-vector baseline 2639

Trial 197: N=184834819959457 (48 bits), p=9706061, q=19043237
  m=105 (primes<= 7), m0=7, X=m*m0=735, S=[5, 7], t=2, M=35, rho=0.571, Y=2.000
  lambda0~682.3, Lambda_R=9651, Lambda_S=560, L*=19338
  RESULT: factor 9706061  via collision mod p (multipoint gcd)  (0.0s)
  oracle (correct candidate): branch=regular, i in [0,2Lambda]=True, i==Q(k_p) mod ell=True, e* in E_R=True, alpha^e*==giant mod p=True
  giantsteps: regular=456, skinny=72
  babysteps: sieved |E_R|=11051 of dense 19338 (ratio 0.571, rho=0.571); skinny 1121; plain HH shortest-vector baseline 2079

Trial 198: N=511532724894773 (49 bits), p=16738237, q=30560729
  m=105 (primes<= 7), m0=8, X=m*m0=840, S=[5, 7], t=2, M=35, rho=0.571, Y=2.000
  lambda0~929.0, Lambda_R=13141, Lambda_S=761, L*=26318
  RESULT: factor 16738237  via collision mod p (multipoint gcd)  (0.1s)
  oracle (correct candidate): branch=skinny, i in [0,2Lambda]=True, i==Q(k_p) mod ell=True, e* in E_R=None, alpha^e*==giant mod p=True
  giantsteps: regular=408, skinny=168
  babysteps: sieved |E_R|=15039 of dense 26318 (ratio 0.571, rho=0.571); skinny 1523; plain HH shortest-vector baseline 2829

Trial 199: N=494518759425203 (49 bits), p=15150293, q=32640871
  m=105 (primes<= 7), m0=8, X=m*m0=840, S=[5, 7], t=2, M=35, rho=0.571, Y=2.000
  lambda0~913.4, Lambda_R=12920, Lambda_S=748, L*=25876
  RESULT: factor 32640871  via collision mod p (multipoint gcd)  (0.0s)
  oracle (correct candidate): branch=regular, i in [0,2Lambda]=True, i==Q(k_p) mod ell=True, e* in E_R=True, alpha^e*==giant mod p=True
  giantsteps: regular=408, skinny=168
  babysteps: sieved |E_R|=14786 of dense 25876 (ratio 0.571, rho=0.571); skinny 1497; plain HH shortest-vector baseline 2783

Trial 200: N=267366492461659 (48 bits), p=10536121, q=25376179
  m=105 (primes<= 7), m0=7, X=m*m0=735, S=[5, 7], t=2, M=35, rho=0.571, Y=2.000
  lambda0~820.6, Lambda_R=11607, Lambda_S=673, L*=23250
  RESULT: factor 10536121  via Lemma 3.11 certification  (0.0s)

Trial 201: N=270559096468651 (48 bits), p=10699229, q=25287719
  m=105 (primes<= 7), m0=7, X=m*m0=735, S=[5, 7], t=2, M=35, rho=0.571, Y=2.000
  lambda0~825.5, Lambda_R=11676, Lambda_S=676, L*=23388
  RESULT: factor 25287719  via exact match + Lemma 2.4  (0.0s)
  oracle (correct candidate): branch=skinny, i in [0,2Lambda]=True, i==Q(k_p) mod ell=True, e* in E_R=None, alpha^e*==giant mod p=True
  giantsteps: regular=344, skinny=184
  babysteps: sieved |E_R|=13364 of dense 23388 (ratio 0.571, rho=0.571); skinny 1353; plain HH shortest-vector baseline 2515

Trial 202: N=352829674156709 (49 bits), p=10667599, q=33074891
  m=105 (primes<= 7), m0=8, X=m*m0=840, S=[5, 7], t=2, M=35, rho=0.571, Y=2.000
  lambda0~771.5, Lambda_R=10914, Lambda_S=632, L*=21864
  RESULT: factor 10667599  via collision mod p (multipoint gcd)  (0.0s)
  oracle (correct candidate): branch=regular, i in [0,2Lambda]=True, i==Q(k_p) mod ell=True, e* in E_R=True, alpha^e*==giant mod p=True
  giantsteps: regular=392, skinny=184
  babysteps: sieved |E_R|=12495 of dense 21864 (ratio 0.571, rho=0.571); skinny 1265; plain HH shortest-vector baseline 2351

Trial 203: N=157354832018843 (48 bits), p=8778739, q=17924537
  m=105 (primes<= 7), m0=7, X=m*m0=735, S=[5, 7], t=2, M=35, rho=0.571, Y=2.000
  lambda0~629.5, Lambda_R=8905, Lambda_S=517, L*=17846
  RESULT: factor 8778739  via collision mod p (multipoint gcd)  (0.0s)
  oracle (correct candidate): branch=skinny, i in [0,2Lambda]=True, i==Q(k_p) mod ell=True, e* in E_R=None, alpha^e*==giant mod p=True
  giantsteps: regular=368, skinny=160
  babysteps: sieved |E_R|=10199 of dense 17846 (ratio 0.572, rho=0.571); skinny 1035; plain HH shortest-vector baseline 1919

Trial 204: N=424900331908033 (49 bits), p=15413311, q=27567103
  m=105 (primes<= 7), m0=8, X=m*m0=840, S=[5, 7], t=2, M=35, rho=0.571, Y=2.000
  lambda0~846.7, Lambda_R=11977, Lambda_S=694, L*=23990
  RESULT: factor 15413311  via collision mod p (multipoint gcd)  (0.0s)
  oracle (correct candidate): branch=regular, i in [0,2Lambda]=True, i==Q(k_p) mod ell=True, e* in E_R=True, alpha^e*==giant mod p=True
  giantsteps: regular=448, skinny=128
  babysteps: sieved |E_R|=13709 of dense 23990 (ratio 0.571, rho=0.571); skinny 1389; plain HH shortest-vector baseline 2579

Trial 205: N=280735526340953 (48 bits), p=10130983, q=27710591
  m=105 (primes<= 7), m0=7, X=m*m0=735, S=[5, 7], t=2, M=35, rho=0.571, Y=2.000
  lambda0~840.8, Lambda_R=11894, Lambda_S=689, L*=23824
  RESULT: factor 10130983  via collision mod p (multipoint gcd)  (0.0s)
  oracle (correct candidate): branch=regular, i in [0,2Lambda]=True, i==Q(k_p) mod ell=True, e* in E_R=True, alpha^e*==giant mod p=True
  giantsteps: regular=392, skinny=136
  babysteps: sieved |E_R|=13615 of dense 23824 (ratio 0.571, rho=0.571); skinny 1379; plain HH shortest-vector baseline 2561

Trial 206: N=330306311650583 (49 bits), p=10855277, q=30428179
  m=105 (primes<= 7), m0=8, X=m*m0=840, S=[5, 7], t=2, M=35, rho=0.571, Y=2.000
  lambda0~746.5, Lambda_R=10560, Lambda_S=612, L*=21156
  RESULT: factor 10855277  via collision mod p (multipoint gcd)  (0.0s)
  oracle (correct candidate): branch=skinny, i in [0,2Lambda]=True, i==Q(k_p) mod ell=True, e* in E_R=None, alpha^e*==giant mod p=True
  giantsteps: regular=408, skinny=168
  babysteps: sieved |E_R|=12090 of dense 21156 (ratio 0.571, rho=0.571); skinny 1225; plain HH shortest-vector baseline 2275

Trial 207: N=229828568222887 (48 bits), p=13516439, q=17003633
  m=105 (primes<= 7), m0=7, X=m*m0=735, S=[5, 7], t=2, M=35, rho=0.571, Y=2.000
  lambda0~760.8, Lambda_R=10762, Lambda_S=624, L*=21560
  RESULT: factor 17003633  via collision mod p (multipoint gcd)  (0.0s)
  oracle (correct candidate): branch=skinny, i in [0,2Lambda]=True, i==Q(k_p) mod ell=True, e* in E_R=None, alpha^e*==giant mod p=True
  giantsteps: regular=392, skinny=136
  babysteps: sieved |E_R|=12320 of dense 21560 (ratio 0.571, rho=0.571); skinny 1249; plain HH shortest-vector baseline 2319

Trial 208: N=178941647313623 (48 bits), p=8677079, q=20622337
  m=105 (primes<= 7), m0=7, X=m*m0=735, S=[5, 7], t=2, M=35, rho=0.571, Y=2.000
  lambda0~671.3, Lambda_R=9496, Lambda_S=551, L*=19028
  RESULT: factor 20622337  via Lemma 3.11 certification  (0.0s)

Trial 209: N=132501721526261 (47 bits), p=10051543, q=13182227
  m=105 (primes<= 7), m0=6, X=m*m0=630, S=[5, 7], t=2, M=35, rho=0.571, Y=2.000
  lambda0~727.9, Lambda_R=10297, Lambda_S=597, L*=20630
  RESULT: factor 10051543  via collision mod p (multipoint gcd)  (0.0s)
  oracle (correct candidate): branch=skinny, i in [0,2Lambda]=True, i==Q(k_p) mod ell=True, e* in E_R=None, alpha^e*==giant mod p=True
  giantsteps: regular=360, skinny=72
  babysteps: sieved |E_R|=11789 of dense 20630 (ratio 0.571, rho=0.571); skinny 1195; plain HH shortest-vector baseline 2219

Trial 210: N=268937321336459 (48 bits), p=12311809, q=21843851
  m=105 (primes<= 7), m0=7, X=m*m0=735, S=[5, 7], t=2, M=35, rho=0.571, Y=2.000
  lambda0~823.0, Lambda_R=11641, Lambda_S=674, L*=23318
  RESULT: factor 12311809  via collision mod p (multipoint gcd)  (0.0s)
  oracle (correct candidate): branch=regular, i in [0,2Lambda]=True, i==Q(k_p) mod ell=True, e* in E_R=True, alpha^e*==giant mod p=True
  giantsteps: regular=480, skinny=48
  babysteps: sieved |E_R|=13324 of dense 23318 (ratio 0.571, rho=0.571); skinny 1349; plain HH shortest-vector baseline 2507

Trial 211: N=181173157508179 (48 bits), p=9275993, q=19531403
  m=105 (primes<= 7), m0=7, X=m*m0=735, S=[5, 7], t=2, M=35, rho=0.571, Y=2.000
  lambda0~675.5, Lambda_R=9555, Lambda_S=554, L*=19146
  RESULT: factor 9275993  via collision mod p (multipoint gcd)  (0.0s)
  oracle (correct candidate): branch=regular, i in [0,2Lambda]=True, i==Q(k_p) mod ell=True, e* in E_R=True, alpha^e*==giant mod p=True
  giantsteps: regular=344, skinny=184
  babysteps: sieved |E_R|=10941 of dense 19146 (ratio 0.571, rho=0.571); skinny 1109; plain HH shortest-vector baseline 2059

Trial 212: N=118062224304317 (47 bits), p=10302967, q=11459051
  m=105 (primes<= 7), m0=6, X=m*m0=630, S=[5, 7], t=2, M=35, rho=0.571, Y=2.000
  lambda0~687.1, Lambda_R=9720, Lambda_S=564, L*=19476
  RESULT: factor 11459051  via collision mod p (multipoint gcd)  (0.0s)
  oracle (correct candidate): branch=regular, i in [0,2Lambda]=True, i==Q(k_p) mod ell=True, e* in E_R=True, alpha^e*==giant mod p=True
  giantsteps: regular=304, skinny=128
  babysteps: sieved |E_R|=11130 of dense 19476 (ratio 0.571, rho=0.571); skinny 1129; plain HH shortest-vector baseline 2095

Trial 213: N=280950165556783 (48 bits), p=11304421, q=24853123
  m=105 (primes<= 7), m0=7, X=m*m0=735, S=[5, 7], t=2, M=35, rho=0.571, Y=2.000
  lambda0~841.2, Lambda_R=11898, Lambda_S=689, L*=23832
  RESULT: factor 24853123  via collision mod p (multipoint gcd)  (0.0s)
  oracle (correct candidate): branch=regular, i in [0,2Lambda]=True, i==Q(k_p) mod ell=True, e* in E_R=True, alpha^e*==giant mod p=True
  giantsteps: regular=392, skinny=136
  babysteps: sieved |E_R|=13619 of dense 23832 (ratio 0.571, rho=0.571); skinny 1379; plain HH shortest-vector baseline 2563

Trial 214: N=353775018286271 (49 bits), p=12552187, q=28184333
  m=105 (primes<= 7), m0=8, X=m*m0=840, S=[5, 7], t=2, M=35, rho=0.571, Y=2.000
  lambda0~772.6, Lambda_R=10928, Lambda_S=633, L*=21892
  RESULT: factor 28184333  via collision mod p (multipoint gcd)  (0.0s)
  oracle (correct candidate): branch=regular, i in [0,2Lambda]=True, i==Q(k_p) mod ell=True, e* in E_R=True, alpha^e*==giant mod p=True
  giantsteps: regular=392, skinny=184
  babysteps: sieved |E_R|=12511 of dense 21892 (ratio 0.571, rho=0.571); skinny 1267; plain HH shortest-vector baseline 2355

Trial 215: N=225559333059163 (48 bits), p=10797131, q=20890673
  m=105 (primes<= 7), m0=7, X=m*m0=735, S=[5, 7], t=2, M=35, rho=0.571, Y=2.000
  lambda0~753.7, Lambda_R=10661, Lambda_S=618, L*=21358
  RESULT: factor 20890673  via collision mod p (multipoint gcd)  (0.0s)
  oracle (correct candidate): branch=skinny, i in [0,2Lambda]=True, i==Q(k_p) mod ell=True, e* in E_R=None, alpha^e*==giant mod p=True
  giantsteps: regular=456, skinny=72
  babysteps: sieved |E_R|=12204 of dense 21358 (ratio 0.571, rho=0.571); skinny 1237; plain HH shortest-vector baseline 2297

Trial 216: N=233463015213019 (48 bits), p=13340807, q=17499917
  m=105 (primes<= 7), m0=7, X=m*m0=735, S=[5, 7], t=2, M=35, rho=0.571, Y=2.000
  lambda0~766.8, Lambda_R=10847, Lambda_S=629, L*=21730
  RESULT: factor 13340807  via collision mod p (multipoint gcd)  (0.0s)
  oracle (correct candidate): branch=regular, i in [0,2Lambda]=True, i==Q(k_p) mod ell=True, e* in E_R=True, alpha^e*==giant mod p=True
  giantsteps: regular=344, skinny=184
  babysteps: sieved |E_R|=12418 of dense 21730 (ratio 0.571, rho=0.571); skinny 1259; plain HH shortest-vector baseline 2337

Trial 217: N=464926479919787 (49 bits), p=14678453, q=31674079
  m=105 (primes<= 7), m0=8, X=m*m0=840, S=[5, 7], t=2, M=35, rho=0.571, Y=2.000
  lambda0~885.7, Lambda_R=12528, Lambda_S=726, L*=25092
  RESULT: factor 31674079  via collision mod p (multipoint gcd)  (0.0s)
  oracle (correct candidate): branch=regular, i in [0,2Lambda]=True, i==Q(k_p) mod ell=True, e* in E_R=True, alpha^e*==giant mod p=True
  giantsteps: regular=408, skinny=168
  babysteps: sieved |E_R|=14339 of dense 25092 (ratio 0.571, rho=0.571); skinny 1453; plain HH shortest-vector baseline 2697

Trial 218: N=275938616940631 (48 bits), p=13026179, q=21183389
  m=105 (primes<= 7), m0=7, X=m*m0=735, S=[5, 7], t=2, M=35, rho=0.571, Y=2.000
  lambda0~833.6, Lambda_R=11792, Lambda_S=683, L*=23620
  RESULT: factor 21183389  via collision mod p (multipoint gcd)  (0.0s)
  oracle (correct candidate): branch=regular, i in [0,2Lambda]=True, i==Q(k_p) mod ell=True, e* in E_R=True, alpha^e*==giant mod p=True
  giantsteps: regular=344, skinny=184
  babysteps: sieved |E_R|=13498 of dense 23620 (ratio 0.571, rho=0.571); skinny 1367; plain HH shortest-vector baseline 2539

Trial 219: N=330921068391169 (49 bits), p=12703283, q=26050043
  m=105 (primes<= 7), m0=8, X=m*m0=840, S=[5, 7], t=2, M=35, rho=0.571, Y=2.000
  lambda0~747.2, Lambda_R=10570, Lambda_S=613, L*=21176
  RESULT: factor 26050043  via exact match + Lemma 2.4  (0.0s)
  oracle (correct candidate): branch=skinny, i in [0,2Lambda]=True, i==Q(k_p) mod ell=True, e* in E_R=None, alpha^e*==giant mod p=True
  giantsteps: regular=360, skinny=216
  babysteps: sieved |E_R|=12101 of dense 21176 (ratio 0.571, rho=0.571); skinny 1227; plain HH shortest-vector baseline 2277

Trial 220: N=200358203172097 (48 bits), p=11780357, q=17007821
  m=105 (primes<= 7), m0=7, X=m*m0=735, S=[5, 7], t=2, M=35, rho=0.571, Y=2.000
  lambda0~710.4, Lambda_R=10048, Lambda_S=582, L*=20132
  RESULT: factor 11780357  via collision mod p (multipoint gcd)  (0.0s)
  oracle (correct candidate): branch=regular, i in [0,2Lambda]=True, i==Q(k_p) mod ell=True, e* in E_R=True, alpha^e*==giant mod p=True
  giantsteps: regular=456, skinny=72
  babysteps: sieved |E_R|=11504 of dense 20132 (ratio 0.571, rho=0.571); skinny 1165; plain HH shortest-vector baseline 2165

Trial 221: N=220043311955227 (48 bits), p=12600163, q=17463529
  m=105 (primes<= 7), m0=7, X=m*m0=735, S=[5, 7], t=2, M=35, rho=0.571, Y=2.000
  lambda0~744.4, Lambda_R=10530, Lambda_S=610, L*=21096
  RESULT: factor 17463529  via collision mod p (multipoint gcd)  (0.0s)
  oracle (correct candidate): branch=regular, i in [0,2Lambda]=True, i==Q(k_p) mod ell=True, e* in E_R=True, alpha^e*==giant mod p=True
  giantsteps: regular=456, skinny=72
  babysteps: sieved |E_R|=12056 of dense 21096 (ratio 0.571, rho=0.571); skinny 1221; plain HH shortest-vector baseline 2269

Trial 222: N=175073191503827 (48 bits), p=9569837, q=18294271
  m=105 (primes<= 7), m0=7, X=m*m0=735, S=[5, 7], t=2, M=35, rho=0.571, Y=2.000
  lambda0~664.0, Lambda_R=9393, Lambda_S=545, L*=18822
  RESULT: factor 18294271  via collision mod p (multipoint gcd)  (0.0s)
  oracle (correct candidate): branch=regular, i in [0,2Lambda]=True, i==Q(k_p) mod ell=True, e* in E_R=True, alpha^e*==giant mod p=True
  giantsteps: regular=368, skinny=160
  babysteps: sieved |E_R|=10756 of dense 18822 (ratio 0.571, rho=0.571); skinny 1091; plain HH shortest-vector baseline 2025

Trial 223: N=406583168787581 (49 bits), p=14118607, q=28797683
  m=105 (primes<= 7), m0=8, X=m*m0=840, S=[5, 7], t=2, M=35, rho=0.571, Y=2.000
  lambda0~828.2, Lambda_R=11716, Lambda_S=679, L*=23468
  RESULT: factor 14118607  via collision mod p (multipoint gcd)  (0.0s)
  oracle (correct candidate): branch=skinny, i in [0,2Lambda]=True, i==Q(k_p) mod ell=True, e* in E_R=None, alpha^e*==giant mod p=True
  giantsteps: regular=392, skinny=184
  babysteps: sieved |E_R|=13411 of dense 23468 (ratio 0.571, rho=0.571); skinny 1359; plain HH shortest-vector baseline 2523

Trial 224: N=166472079138283 (48 bits), p=12104297, q=13753139
  m=105 (primes<= 7), m0=7, X=m*m0=735, S=[5, 7], t=2, M=35, rho=0.571, Y=2.000
  lambda0~647.5, Lambda_R=9160, Lambda_S=531, L*=18356
  RESULT: factor 13753139  via collision mod p (multipoint gcd)  (0.0s)
  oracle (correct candidate): branch=skinny, i in [0,2Lambda]=True, i==Q(k_p) mod ell=True, e* in E_R=None, alpha^e*==giant mod p=True
  giantsteps: regular=392, skinny=136
  babysteps: sieved |E_R|=10490 of dense 18356 (ratio 0.571, rho=0.571); skinny 1063; plain HH shortest-vector baseline 1973

Trial 225: N=256650168408251 (48 bits), p=14426249, q=17790499
  m=105 (primes<= 7), m0=7, X=m*m0=735, S=[5, 7], t=2, M=35, rho=0.571, Y=2.000
  lambda0~804.0, Lambda_R=11372, Lambda_S=659, L*=22780
  RESULT: factor 17790499  via collision mod p (multipoint gcd)  (0.0s)
  oracle (correct candidate): branch=skinny, i in [0,2Lambda]=True, i==Q(k_p) mod ell=True, e* in E_R=None, alpha^e*==giant mod p=True
  giantsteps: regular=376, skinny=152
  babysteps: sieved |E_R|=13018 of dense 22780 (ratio 0.571, rho=0.571); skinny 1319; plain HH shortest-vector baseline 2449

Trial 226: N=230340001578647 (48 bits), p=13571659, q=16972133
  m=105 (primes<= 7), m0=7, X=m*m0=735, S=[5, 7], t=2, M=35, rho=0.571, Y=2.000
  lambda0~761.6, Lambda_R=10774, Lambda_S=624, L*=21584
  RESULT: factor 13571659  via collision mod p (multipoint gcd)  (0.0s)
  oracle (correct candidate): branch=regular, i in [0,2Lambda]=True, i==Q(k_p) mod ell=True, e* in E_R=True, alpha^e*==giant mod p=True
  giantsteps: regular=368, skinny=160
  babysteps: sieved |E_R|=12335 of dense 21584 (ratio 0.571, rho=0.571); skinny 1249; plain HH shortest-vector baseline 2321

Trial 227: N=220769422264733 (48 bits), p=11712299, q=18849367
  m=105 (primes<= 7), m0=7, X=m*m0=735, S=[5, 7], t=2, M=35, rho=0.571, Y=2.000
  lambda0~745.7, Lambda_R=10548, Lambda_S=611, L*=21132
  RESULT: factor 18849367  via collision mod p (multipoint gcd)  (0.0s)
  oracle (correct candidate): branch=regular, i in [0,2Lambda]=True, i==Q(k_p) mod ell=True, e* in E_R=True, alpha^e*==giant mod p=True
  giantsteps: regular=392, skinny=136
  babysteps: sieved |E_R|=12076 of dense 21132 (ratio 0.571, rho=0.571); skinny 1223; plain HH shortest-vector baseline 2273

Trial 228: N=490384727409557 (49 bits), p=15536267, q=31563871
  m=105 (primes<= 7), m0=8, X=m*m0=840, S=[5, 7], t=2, M=35, rho=0.571, Y=2.000
  lambda0~909.6, Lambda_R=12866, Lambda_S=745, L*=25768
  RESULT: factor 15536267  via collision mod p (multipoint gcd)  (0.1s)
  oracle (correct candidate): branch=skinny, i in [0,2Lambda]=True, i==Q(k_p) mod ell=True, e* in E_R=None, alpha^e*==giant mod p=True
  giantsteps: regular=408, skinny=168
  babysteps: sieved |E_R|=14724 of dense 25768 (ratio 0.571, rho=0.571); skinny 1491; plain HH shortest-vector baseline 2771

Trial 229: N=523289980256387 (49 bits), p=16463569, q=31784723
  m=105 (primes<= 7), m0=8, X=m*m0=840, S=[5, 7], t=2, M=35, rho=0.571, Y=2.000
  lambda0~939.6, Lambda_R=13291, Lambda_S=770, L*=26618
  RESULT: factor 31784723  via collision mod p (multipoint gcd)  (0.1s)
  oracle (correct candidate): branch=regular, i in [0,2Lambda]=True, i==Q(k_p) mod ell=True, e* in E_R=True, alpha^e*==giant mod p=True
  giantsteps: regular=408, skinny=168
  babysteps: sieved |E_R|=15211 of dense 26618 (ratio 0.571, rho=0.571); skinny 1541; plain HH shortest-vector baseline 2861

Trial 230: N=425936718569137 (49 bits), p=14810507, q=28759091
  m=105 (primes<= 7), m0=8, X=m*m0=840, S=[5, 7], t=2, M=35, rho=0.571, Y=2.000
  lambda0~847.7, Lambda_R=11991, Lambda_S=695, L*=24018
  RESULT: factor 14810507  via collision mod p (multipoint gcd)  (0.0s)
  oracle (correct candidate): branch=regular, i in [0,2Lambda]=True, i==Q(k_p) mod ell=True, e* in E_R=True, alpha^e*==giant mod p=True
  giantsteps: regular=480, skinny=96
  babysteps: sieved |E_R|=13724 of dense 24018 (ratio 0.571, rho=0.571); skinny 1391; plain HH shortest-vector baseline 2583

Trial 231: N=470329340524699 (49 bits), p=16294547, q=28864217
  m=105 (primes<= 7), m0=8, X=m*m0=840, S=[5, 7], t=2, M=35, rho=0.571, Y=2.000
  lambda0~890.8, Lambda_R=12600, Lambda_S=730, L*=25236
  RESULT: factor 16294547  via collision mod p (multipoint gcd)  (0.1s)
  oracle (correct candidate): branch=regular, i in [0,2Lambda]=True, i==Q(k_p) mod ell=True, e* in E_R=True, alpha^e*==giant mod p=True
  giantsteps: regular=464, skinny=112
  babysteps: sieved |E_R|=14421 of dense 25236 (ratio 0.571, rho=0.571); skinny 1461; plain HH shortest-vector baseline 2713

Trial 232: N=262066272647723 (48 bits), p=9246301, q=28342823
  m=105 (primes<= 7), m0=7, X=m*m0=735, S=[5, 7], t=2, M=35, rho=0.571, Y=2.000
  lambda0~812.4, Lambda_R=11492, Lambda_S=666, L*=23020
  RESULT: factor 9246301  via Lemma 3.11 certification  (0.0s)

Trial 233: N=485577947817773 (49 bits), p=15677309, q=30973297
  m=105 (primes<= 7), m0=8, X=m*m0=840, S=[5, 7], t=2, M=35, rho=0.571, Y=2.000
  lambda0~905.1, Lambda_R=12803, Lambda_S=742, L*=25642
  RESULT: factor 30973297  via collision mod p (multipoint gcd)  (0.1s)
  oracle (correct candidate): branch=skinny, i in [0,2Lambda]=True, i==Q(k_p) mod ell=True, e* in E_R=None, alpha^e*==giant mod p=True
  giantsteps: regular=416, skinny=160
  babysteps: sieved |E_R|=14654 of dense 25642 (ratio 0.571, rho=0.571); skinny 1485; plain HH shortest-vector baseline 2757

Trial 234: N=139561926124273 (47 bits), p=9388201, q=14865673
  m=105 (primes<= 7), m0=6, X=m*m0=630, S=[5, 7], t=2, M=35, rho=0.571, Y=2.000
  lambda0~747.1, Lambda_R=10568, Lambda_S=612, L*=21172
  RESULT: factor 9388201  via collision mod p (multipoint gcd)  (0.0s)
  oracle (correct candidate): branch=regular, i in [0,2Lambda]=True, i==Q(k_p) mod ell=True, e* in E_R=True, alpha^e*==giant mod p=True
  giantsteps: regular=336, skinny=96
  babysteps: sieved |E_R|=12099 of dense 21172 (ratio 0.571, rho=0.571); skinny 1225; plain HH shortest-vector baseline 2277

Trial 235: N=502105725701849 (49 bits), p=15731489, q=31917241
  m=105 (primes<= 7), m0=8, X=m*m0=840, S=[5, 7], t=2, M=35, rho=0.571, Y=2.000
  lambda0~920.4, Lambda_R=13019, Lambda_S=754, L*=26074
  RESULT: factor 31917241  via collision mod p (multipoint gcd)  (0.1s)
  oracle (correct candidate): branch=regular, i in [0,2Lambda]=True, i==Q(k_p) mod ell=True, e* in E_R=True, alpha^e*==giant mod p=True
  giantsteps: regular=496, skinny=80
  babysteps: sieved |E_R|=14899 of dense 26074 (ratio 0.571, rho=0.571); skinny 1509; plain HH shortest-vector baseline 2803

Trial 236: N=307095967404043 (49 bits), p=11430781, q=26865703
  m=105 (primes<= 7), m0=8, X=m*m0=840, S=[5, 7], t=2, M=35, rho=0.571, Y=2.000
  lambda0~719.8, Lambda_R=10182, Lambda_S=590, L*=20400
  RESULT: factor 26865703  via collision mod p (multipoint gcd)  (0.0s)
  oracle (correct candidate): branch=regular, i in [0,2Lambda]=True, i==Q(k_p) mod ell=True, e* in E_R=True, alpha^e*==giant mod p=True
  giantsteps: regular=480, skinny=96
  babysteps: sieved |E_R|=11658 of dense 20400 (ratio 0.571, rho=0.571); skinny 1181; plain HH shortest-vector baseline 2193

Trial 237: N=286611773599279 (49 bits), p=15622987, q=18345517
  m=105 (primes<= 7), m0=7, X=m*m0=735, S=[5, 7], t=2, M=35, rho=0.571, Y=2.000
  lambda0~849.6, Lambda_R=12018, Lambda_S=696, L*=24072
  RESULT: factor 18345517  via collision mod p (multipoint gcd)  (0.0s)
  oracle (correct candidate): branch=regular, i in [0,2Lambda]=True, i==Q(k_p) mod ell=True, e* in E_R=True, alpha^e*==giant mod p=True
  giantsteps: regular=344, skinny=184
  babysteps: sieved |E_R|=13756 of dense 24072 (ratio 0.571, rho=0.571); skinny 1393; plain HH shortest-vector baseline 2589

Trial 238: N=242722032766691 (48 bits), p=14232443, q=17054137
  m=105 (primes<= 7), m0=7, X=m*m0=735, S=[5, 7], t=2, M=35, rho=0.571, Y=2.000
  lambda0~781.9, Lambda_R=11060, Lambda_S=641, L*=22156
  RESULT: factor 14232443  via collision mod p (multipoint gcd)  (0.0s)
  oracle (correct candidate): branch=regular, i in [0,2Lambda]=True, i==Q(k_p) mod ell=True, e* in E_R=True, alpha^e*==giant mod p=True
  giantsteps: regular=376, skinny=152
  babysteps: sieved |E_R|=12661 of dense 22156 (ratio 0.571, rho=0.571); skinny 1283; plain HH shortest-vector baseline 2383

Trial 239: N=528718120955951 (49 bits), p=15825673, q=33408887
  m=105 (primes<= 7), m0=8, X=m*m0=840, S=[5, 7], t=2, M=35, rho=0.571, Y=2.000
  lambda0~944.5, Lambda_R=13359, Lambda_S=774, L*=26754
  RESULT: factor 33408887  via collision mod p (multipoint gcd)  (0.1s)
  oracle (correct candidate): branch=regular, i in [0,2Lambda]=True, i==Q(k_p) mod ell=True, e* in E_R=True, alpha^e*==giant mod p=True
  giantsteps: regular=496, skinny=80
  babysteps: sieved |E_R|=15288 of dense 26754 (ratio 0.571, rho=0.571); skinny 1549; plain HH shortest-vector baseline 2877

Trial 240: N=529009929203471 (49 bits), p=16186607, q=32681953
  m=105 (primes<= 7), m0=8, X=m*m0=840, S=[5, 7], t=2, M=35, rho=0.571, Y=2.000
  lambda0~944.7, Lambda_R=13363, Lambda_S=774, L*=26762
  RESULT: factor 32681953  via collision mod p (multipoint gcd)  (0.1s)
  oracle (correct candidate): branch=skinny, i in [0,2Lambda]=True, i==Q(k_p) mod ell=True, e* in E_R=None, alpha^e*==giant mod p=True
  giantsteps: regular=392, skinny=184
  babysteps: sieved |E_R|=15294 of dense 26762 (ratio 0.571, rho=0.571); skinny 1549; plain HH shortest-vector baseline 2877

Trial 241: N=385760038727207 (49 bits), p=13904909, q=27742723
  m=105 (primes<= 7), m0=8, X=m*m0=840, S=[5, 7], t=2, M=35, rho=0.571, Y=2.000
  lambda0~806.8, Lambda_R=11412, Lambda_S=661, L*=22860
  RESULT: factor 13904909  via collision mod p (multipoint gcd)  (0.0s)
  oracle (correct candidate): branch=skinny, i in [0,2Lambda]=True, i==Q(k_p) mod ell=True, e* in E_R=None, alpha^e*==giant mod p=True
  giantsteps: regular=408, skinny=168
  babysteps: sieved |E_R|=13063 of dense 22860 (ratio 0.571, rho=0.571); skinny 1323; plain HH shortest-vector baseline 2457

Trial 242: N=294184862673571 (49 bits), p=11754203, q=25028057
  m=105 (primes<= 7), m0=7, X=m*m0=735, S=[5, 7], t=2, M=35, rho=0.571, Y=2.000
  lambda0~860.8, Lambda_R=12175, Lambda_S=705, L*=24386
  RESULT: factor 11754203  via collision mod p (multipoint gcd)  (0.0s)
  oracle (correct candidate): branch=regular, i in [0,2Lambda]=True, i==Q(k_p) mod ell=True, e* in E_R=True, alpha^e*==giant mod p=True
  giantsteps: regular=344, skinny=184
  babysteps: sieved |E_R|=13936 of dense 24386 (ratio 0.571, rho=0.571); skinny 1411; plain HH shortest-vector baseline 2623

Trial 243: N=337433368267267 (49 bits), p=12747337, q=26470891
  m=105 (primes<= 7), m0=8, X=m*m0=840, S=[5, 7], t=2, M=35, rho=0.571, Y=2.000
  lambda0~754.5, Lambda_R=10673, Lambda_S=619, L*=21382
  RESULT: factor 12747337  via Lemma 3.11 certification  (0.0s)

Trial 244: N=464268074490481 (49 bits), p=15248521, q=30446761
  m=105 (primes<= 7), m0=8, X=m*m0=840, S=[5, 7], t=2, M=35, rho=0.571, Y=2.000
  lambda0~885.0, Lambda_R=12519, Lambda_S=725, L*=25074
  RESULT: factor 15248521  via Lemma 3.11 certification  (0.0s)

Trial 245: N=340615267768379 (49 bits), p=13317019, q=25577441
  m=105 (primes<= 7), m0=8, X=m*m0=840, S=[5, 7], t=2, M=35, rho=0.571, Y=2.000
  lambda0~758.1, Lambda_R=10723, Lambda_S=621, L*=21482
  RESULT: factor 25577441  via collision mod p (multipoint gcd)  (0.0s)
  oracle (correct candidate): branch=regular, i in [0,2Lambda]=True, i==Q(k_p) mod ell=True, e* in E_R=True, alpha^e*==giant mod p=True
  giantsteps: regular=392, skinny=184
  babysteps: sieved |E_R|=12276 of dense 21482 (ratio 0.571, rho=0.571); skinny 1243; plain HH shortest-vector baseline 2311

Trial 246: N=158019220709761 (48 bits), p=10782517, q=14655133
  m=105 (primes<= 7), m0=7, X=m*m0=735, S=[5, 7], t=2, M=35, rho=0.571, Y=2.000
  lambda0~630.8, Lambda_R=8924, Lambda_S=518, L*=17884
  RESULT: factor 14655133  via collision mod p (multipoint gcd)  (0.0s)
  oracle (correct candidate): branch=regular, i in [0,2Lambda]=True, i==Q(k_p) mod ell=True, e* in E_R=True, alpha^e*==giant mod p=True
  giantsteps: regular=432, skinny=96
  babysteps: sieved |E_R|=10219 of dense 17884 (ratio 0.571, rho=0.571); skinny 1037; plain HH shortest-vector baseline 1923

Trial 247: N=444172082919157 (49 bits), p=14694367, q=30227371
  m=105 (primes<= 7), m0=8, X=m*m0=840, S=[5, 7], t=2, M=35, rho=0.571, Y=2.000
  lambda0~865.7, Lambda_R=12245, Lambda_S=709, L*=24526
  RESULT: factor 30227371  via collision mod p (multipoint gcd)  (0.0s)
  oracle (correct candidate): branch=skinny, i in [0,2Lambda]=True, i==Q(k_p) mod ell=True, e* in E_R=None, alpha^e*==giant mod p=True
  giantsteps: regular=480, skinny=96
  babysteps: sieved |E_R|=14016 of dense 24526 (ratio 0.571, rho=0.571); skinny 1419; plain HH shortest-vector baseline 2637

Trial 248: N=174044454191651 (48 bits), p=11489033, q=15148747
  m=105 (primes<= 7), m0=7, X=m*m0=735, S=[5, 7], t=2, M=35, rho=0.571, Y=2.000
  lambda0~662.1, Lambda_R=9365, Lambda_S=543, L*=18766
  RESULT: factor 11489033  via collision mod p (multipoint gcd)  (0.0s)
  oracle (correct candidate): branch=regular, i in [0,2Lambda]=True, i==Q(k_p) mod ell=True, e* in E_R=True, alpha^e*==giant mod p=True
  giantsteps: regular=376, skinny=152
  babysteps: sieved |E_R|=10723 of dense 18766 (ratio 0.571, rho=0.571); skinny 1087; plain HH shortest-vector baseline 2019

Trial 249: N=253495024607171 (48 bits), p=11550659, q=21946369
  m=105 (primes<= 7), m0=7, X=m*m0=735, S=[5, 7], t=2, M=35, rho=0.571, Y=2.000
  lambda0~799.0, Lambda_R=11302, Lambda_S=655, L*=22640
  RESULT: factor 21946369  via collision mod p (multipoint gcd)  (0.0s)
  oracle (correct candidate): branch=regular, i in [0,2Lambda]=True, i==Q(k_p) mod ell=True, e* in E_R=True, alpha^e*==giant mod p=True
  giantsteps: regular=376, skinny=152
  babysteps: sieved |E_R|=12938 of dense 22640 (ratio 0.571, rho=0.571); skinny 1311; plain HH shortest-vector baseline 2435

Trial 250: N=399675538581947 (49 bits), p=12858067, q=31083641
  m=105 (primes<= 7), m0=8, X=m*m0=840, S=[5, 7], t=2, M=35, rho=0.571, Y=2.000
  lambda0~821.2, Lambda_R=11616, Lambda_S=673, L*=23268
  RESULT: factor 31083641  via collision mod p (multipoint gcd)  (0.0s)
  oracle (correct candidate): branch=skinny, i in [0,2Lambda]=True, i==Q(k_p) mod ell=True, e* in E_R=None, alpha^e*==giant mod p=True
  giantsteps: regular=416, skinny=160
  babysteps: sieved |E_R|=13296 of dense 23268 (ratio 0.571, rho=0.571); skinny 1347; plain HH shortest-vector baseline 2501

Trial 251: N=337853676225431 (49 bits), p=14457643, q=23368517
  m=105 (primes<= 7), m0=8, X=m*m0=840, S=[5, 7], t=2, M=35, rho=0.571, Y=2.000
  lambda0~755.0, Lambda_R=10680, Lambda_S=619, L*=21396
  RESULT: factor 23368517  via collision mod p (multipoint gcd)  (0.0s)
  oracle (correct candidate): branch=regular, i in [0,2Lambda]=True, i==Q(k_p) mod ell=True, e* in E_R=True, alpha^e*==giant mod p=True
  giantsteps: regular=392, skinny=184
  babysteps: sieved |E_R|=12226 of dense 21396 (ratio 0.571, rho=0.571); skinny 1239; plain HH shortest-vector baseline 2301

Trial 252: N=256963912002263 (48 bits), p=13692197, q=18767179
  m=105 (primes<= 7), m0=7, X=m*m0=735, S=[5, 7], t=2, M=35, rho=0.571, Y=2.000
  lambda0~804.5, Lambda_R=11379, Lambda_S=659, L*=22794
  RESULT: factor 18767179  via collision mod p (multipoint gcd)  (0.0s)
  oracle (correct candidate): branch=regular, i in [0,2Lambda]=True, i==Q(k_p) mod ell=True, e* in E_R=True, alpha^e*==giant mod p=True
  giantsteps: regular=368, skinny=160
  babysteps: sieved |E_R|=13025 of dense 22794 (ratio 0.571, rho=0.571); skinny 1319; plain HH shortest-vector baseline 2451

Trial 253: N=353543370692773 (49 bits), p=12469811, q=28351943
  m=105 (primes<= 7), m0=8, X=m*m0=840, S=[5, 7], t=2, M=35, rho=0.571, Y=2.000
  lambda0~772.3, Lambda_R=10925, Lambda_S=633, L*=21886
  RESULT: factor 12469811  via collision mod p (multipoint gcd)  (0.0s)
  oracle (correct candidate): branch=regular, i in [0,2Lambda]=True, i==Q(k_p) mod ell=True, e* in E_R=True, alpha^e*==giant mod p=True
  giantsteps: regular=448, skinny=128
  babysteps: sieved |E_R|=12506 of dense 21886 (ratio 0.571, rho=0.571); skinny 1267; plain HH shortest-vector baseline 2353

Trial 254: N=378576446942821 (49 bits), p=12086549, q=31322129
  m=105 (primes<= 7), m0=8, X=m*m0=840, S=[5, 7], t=2, M=35, rho=0.571, Y=2.000
  lambda0~799.2, Lambda_R=11305, Lambda_S=655, L*=22646
  RESULT: factor 31322129  via exact match + Lemma 2.4  (0.0s)
  oracle (correct candidate): branch=skinny, i in [0,2Lambda]=True, i==Q(k_p) mod ell=True, e* in E_R=None, alpha^e*==giant mod p=True
  giantsteps: regular=360, skinny=216
  babysteps: sieved |E_R|=12941 of dense 22646 (ratio 0.571, rho=0.571); skinny 1311; plain HH shortest-vector baseline 2435

Trial 255: N=265405099805059 (48 bits), p=13423831, q=19771189
  m=105 (primes<= 7), m0=7, X=m*m0=735, S=[5, 7], t=2, M=35, rho=0.571, Y=2.000
  lambda0~817.6, Lambda_R=11565, Lambda_S=670, L*=23166
  RESULT: factor 13423831  via collision mod p (multipoint gcd)  (0.0s)
  oracle (correct candidate): branch=skinny, i in [0,2Lambda]=True, i==Q(k_p) mod ell=True, e* in E_R=None, alpha^e*==giant mod p=True
  giantsteps: regular=344, skinny=184
  babysteps: sieved |E_R|=13239 of dense 23166 (ratio 0.571, rho=0.571); skinny 1341; plain HH shortest-vector baseline 2491

Trial 256: N=365646352321447 (49 bits), p=14360939, q=25461173
  m=105 (primes<= 7), m0=8, X=m*m0=840, S=[5, 7], t=2, M=35, rho=0.571, Y=2.000
  lambda0~785.4, Lambda_R=11110, Lambda_S=644, L*=22256
  RESULT: factor 14360939  via collision mod p (multipoint gcd)  (0.0s)
  oracle (correct candidate): branch=skinny, i in [0,2Lambda]=True, i==Q(k_p) mod ell=True, e* in E_R=None, alpha^e*==giant mod p=True
  giantsteps: regular=448, skinny=128
  babysteps: sieved |E_R|=12719 of dense 22256 (ratio 0.571, rho=0.571); skinny 1289; plain HH shortest-vector baseline 2393

Trial 257: N=378332452956671 (49 bits), p=13973039, q=27075889
  m=105 (primes<= 7), m0=8, X=m*m0=840, S=[5, 7], t=2, M=35, rho=0.571, Y=2.000
  lambda0~798.9, Lambda_R=11301, Lambda_S=655, L*=22638
  RESULT: factor 13973039  via collision mod p (multipoint gcd)  (0.0s)
  oracle (correct candidate): branch=regular, i in [0,2Lambda]=True, i==Q(k_p) mod ell=True, e* in E_R=True, alpha^e*==giant mod p=True
  giantsteps: regular=496, skinny=80
  babysteps: sieved |E_R|=12936 of dense 22638 (ratio 0.571, rho=0.571); skinny 1311; plain HH shortest-vector baseline 2435

Trial 258: N=516647951514859 (49 bits), p=15480203, q=33374753
  m=105 (primes<= 7), m0=8, X=m*m0=840, S=[5, 7], t=2, M=35, rho=0.571, Y=2.000
  lambda0~933.6, Lambda_R=13206, Lambda_S=765, L*=26448
  RESULT: factor 33374753  via collision mod p (multipoint gcd)  (0.1s)
  oracle (correct candidate): branch=regular, i in [0,2Lambda]=True, i==Q(k_p) mod ell=True, e* in E_R=True, alpha^e*==giant mod p=True
  giantsteps: regular=464, skinny=112
  babysteps: sieved |E_R|=15114 of dense 26448 (ratio 0.571, rho=0.571); skinny 1531; plain HH shortest-vector baseline 2843

Trial 259: N=297600459250931 (49 bits), p=9570131, q=31096801
  m=105 (primes<= 7), m0=7, X=m*m0=735, S=[5, 7], t=2, M=35, rho=0.571, Y=2.000
  lambda0~865.7, Lambda_R=12246, Lambda_S=709, L*=24528
  RESULT: factor 31096801  via Lemma 3.11 certification  (0.0s)

Trial 260: N=212260238676281 (48 bits), p=8868527, q=23934103
  m=105 (primes<= 7), m0=7, X=m*m0=735, S=[5, 7], t=2, M=35, rho=0.571, Y=2.000
  lambda0~731.1, Lambda_R=10342, Lambda_S=599, L*=20720
  RESULT: factor 23934103  via collision mod p (multipoint gcd)  (0.0s)
  oracle (correct candidate): branch=regular, i in [0,2Lambda]=True, i==Q(k_p) mod ell=True, e* in E_R=True, alpha^e*==giant mod p=True
  giantsteps: regular=480, skinny=48
  babysteps: sieved |E_R|=11840 of dense 20720 (ratio 0.571, rho=0.571); skinny 1199; plain HH shortest-vector baseline 2229

Trial 261: N=388105958361997 (49 bits), p=12002609, q=32335133
  m=105 (primes<= 7), m0=8, X=m*m0=840, S=[5, 7], t=2, M=35, rho=0.571, Y=2.000
  lambda0~809.2, Lambda_R=11446, Lambda_S=663, L*=22928
  RESULT: factor 12002609  via collision mod p (multipoint gcd)  (0.0s)
  oracle (correct candidate): branch=regular, i in [0,2Lambda]=True, i==Q(k_p) mod ell=True, e* in E_R=True, alpha^e*==giant mod p=True
  giantsteps: regular=448, skinny=128
  babysteps: sieved |E_R|=13102 of dense 22928 (ratio 0.571, rho=0.571); skinny 1327; plain HH shortest-vector baseline 2465

Trial 262: N=243495663680627 (48 bits), p=13924201, q=17487227
  m=105 (primes<= 7), m0=7, X=m*m0=735, S=[5, 7], t=2, M=35, rho=0.571, Y=2.000
  lambda0~783.1, Lambda_R=11077, Lambda_S=642, L*=22190
  RESULT: factor 13924201  via collision mod p (multipoint gcd)  (0.0s)
  oracle (correct candidate): branch=regular, i in [0,2Lambda]=True, i==Q(k_p) mod ell=True, e* in E_R=True, alpha^e*==giant mod p=True
  giantsteps: regular=368, skinny=160
  babysteps: sieved |E_R|=12680 of dense 22190 (ratio 0.571, rho=0.571); skinny 1285; plain HH shortest-vector baseline 2387

Trial 263: N=363340267165807 (49 bits), p=14399887, q=25232161
  m=105 (primes<= 7), m0=8, X=m*m0=840, S=[5, 7], t=2, M=35, rho=0.571, Y=2.000
  lambda0~783.0, Lambda_R=11075, Lambda_S=642, L*=22186
  RESULT: factor 25232161  via collision mod p (multipoint gcd)  (0.0s)
  oracle (correct candidate): branch=regular, i in [0,2Lambda]=True, i==Q(k_p) mod ell=True, e* in E_R=True, alpha^e*==giant mod p=True
  giantsteps: regular=448, skinny=128
  babysteps: sieved |E_R|=12679 of dense 22186 (ratio 0.571, rho=0.571); skinny 1285; plain HH shortest-vector baseline 2385

Trial 264: N=513087736789781 (49 bits), p=16553279, q=30996139
  m=105 (primes<= 7), m0=8, X=m*m0=840, S=[5, 7], t=2, M=35, rho=0.571, Y=2.000
  lambda0~930.4, Lambda_R=13161, Lambda_S=762, L*=26358
  RESULT: factor 30996139  via collision mod p (multipoint gcd)  (0.1s)
  oracle (correct candidate): branch=regular, i in [0,2Lambda]=True, i==Q(k_p) mod ell=True, e* in E_R=True, alpha^e*==giant mod p=True
  giantsteps: regular=496, skinny=80
  babysteps: sieved |E_R|=15062 of dense 26358 (ratio 0.571, rho=0.571); skinny 1525; plain HH shortest-vector baseline 2833

Trial 265: N=262292776443163 (48 bits), p=10503329, q=24972347
  m=105 (primes<= 7), m0=7, X=m*m0=735, S=[5, 7], t=2, M=35, rho=0.571, Y=2.000
  lambda0~812.8, Lambda_R=11497, Lambda_S=666, L*=23030
  RESULT: factor 10503329  via collision mod p (multipoint gcd)  (0.0s)
  oracle (correct candidate): branch=regular, i in [0,2Lambda]=True, i==Q(k_p) mod ell=True, e* in E_R=True, alpha^e*==giant mod p=True
  giantsteps: regular=392, skinny=136
  babysteps: sieved |E_R|=13160 of dense 23030 (ratio 0.571, rho=0.571); skinny 1333; plain HH shortest-vector baseline 2477

Trial 266: N=495283758648689 (49 bits), p=16669199, q=29712511
  m=105 (primes<= 7), m0=8, X=m*m0=840, S=[5, 7], t=2, M=35, rho=0.571, Y=2.000
  lambda0~914.1, Lambda_R=12930, Lambda_S=749, L*=25896
  RESULT: factor 29712511  via collision mod p (multipoint gcd)  (0.1s)
  oracle (correct candidate): branch=regular, i in [0,2Lambda]=True, i==Q(k_p) mod ell=True, e* in E_R=True, alpha^e*==giant mod p=True
  giantsteps: regular=496, skinny=80
  babysteps: sieved |E_R|=14799 of dense 25896 (ratio 0.571, rho=0.571); skinny 1499; plain HH shortest-vector baseline 2785

Trial 267: N=247520174713151 (48 bits), p=14585443, q=16970357
  m=105 (primes<= 7), m0=7, X=m*m0=735, S=[5, 7], t=2, M=35, rho=0.571, Y=2.000
  lambda0~789.5, Lambda_R=11168, Lambda_S=647, L*=22372
  RESULT: factor 16970357  via collision mod p (multipoint gcd)  (0.0s)
  oracle (correct candidate): branch=regular, i in [0,2Lambda]=True, i==Q(k_p) mod ell=True, e* in E_R=True, alpha^e*==giant mod p=True
  giantsteps: regular=376, skinny=152
  babysteps: sieved |E_R|=12784 of dense 22372 (ratio 0.571, rho=0.571); skinny 1295; plain HH shortest-vector baseline 2405

Trial 268: N=308497842561499 (49 bits), p=10598551, q=29107549
  m=105 (primes<= 7), m0=8, X=m*m0=840, S=[5, 7], t=2, M=35, rho=0.571, Y=2.000
  lambda0~721.5, Lambda_R=10205, Lambda_S=592, L*=20446
  RESULT: factor 10598551  via collision mod p (multipoint gcd)  (0.0s)
  oracle (correct candidate): branch=regular, i in [0,2Lambda]=True, i==Q(k_p) mod ell=True, e* in E_R=True, alpha^e*==giant mod p=True
  giantsteps: regular=464, skinny=112
  babysteps: sieved |E_R|=11683 of dense 20446 (ratio 0.571, rho=0.571); skinny 1185; plain HH shortest-vector baseline 2199

Trial 269: N=116064640014977 (47 bits), p=8847161, q=13118857
  m=105 (primes<= 7), m0=6, X=m*m0=630, S=[5, 7], t=2, M=35, rho=0.571, Y=2.000
  lambda0~681.3, Lambda_R=9638, Lambda_S=559, L*=19312
  RESULT: factor 8847161  via collision mod p (multipoint gcd)  (0.0s)
  oracle (correct candidate): branch=skinny, i in [0,2Lambda]=True, i==Q(k_p) mod ell=True, e* in E_R=None, alpha^e*==giant mod p=True
  giantsteps: regular=304, skinny=128
  babysteps: sieved |E_R|=11036 of dense 19312 (ratio 0.571, rho=0.571); skinny 1119; plain HH shortest-vector baseline 2077

Trial 270: N=468749295307151 (49 bits), p=15070787, q=31103173
  m=105 (primes<= 7), m0=8, X=m*m0=840, S=[5, 7], t=2, M=35, rho=0.571, Y=2.000
  lambda0~889.3, Lambda_R=12579, Lambda_S=729, L*=25194
  RESULT: factor 15070787  via collision mod p (multipoint gcd)  (0.1s)
  oracle (correct candidate): branch=regular, i in [0,2Lambda]=True, i==Q(k_p) mod ell=True, e* in E_R=True, alpha^e*==giant mod p=True
  giantsteps: regular=496, skinny=80
  babysteps: sieved |E_R|=14397 of dense 25194 (ratio 0.571, rho=0.571); skinny 1459; plain HH shortest-vector baseline 2709

Trial 271: N=350853937510789 (49 bits), p=10777751, q=32553539
  m=105 (primes<= 7), m0=8, X=m*m0=840, S=[5, 7], t=2, M=35, rho=0.571, Y=2.000
  lambda0~769.4, Lambda_R=10883, Lambda_S=631, L*=21802
  RESULT: factor 10777751  via collision mod p (multipoint gcd)  (0.0s)
  oracle (correct candidate): branch=regular, i in [0,2Lambda]=True, i==Q(k_p) mod ell=True, e* in E_R=True, alpha^e*==giant mod p=True
  giantsteps: regular=464, skinny=112
  babysteps: sieved |E_R|=12459 of dense 21802 (ratio 0.571, rho=0.571); skinny 1263; plain HH shortest-vector baseline 2345

Trial 272: N=209433861545869 (48 bits), p=9343643, q=22414583
  m=105 (primes<= 7), m0=7, X=m*m0=735, S=[5, 7], t=2, M=35, rho=0.571, Y=2.000
  lambda0~726.3, Lambda_R=10273, Lambda_S=595, L*=20582
  RESULT: factor 22414583  via collision mod p (multipoint gcd)  (0.0s)
  oracle (correct candidate): branch=regular, i in [0,2Lambda]=True, i==Q(k_p) mod ell=True, e* in E_R=True, alpha^e*==giant mod p=True
  giantsteps: regular=344, skinny=184
  babysteps: sieved |E_R|=11762 of dense 20582 (ratio 0.571, rho=0.571); skinny 1191; plain HH shortest-vector baseline 2213

Trial 273: N=216835493456761 (48 bits), p=11108753, q=19519337
  m=105 (primes<= 7), m0=7, X=m*m0=735, S=[5, 7], t=2, M=35, rho=0.571, Y=2.000
  lambda0~739.0, Lambda_R=10453, Lambda_S=606, L*=20942
  RESULT: factor 11108753  via collision mod p (multipoint gcd)  (0.0s)
  oracle (correct candidate): branch=regular, i in [0,2Lambda]=True, i==Q(k_p) mod ell=True, e* in E_R=True, alpha^e*==giant mod p=True
  giantsteps: regular=344, skinny=184
  babysteps: sieved |E_R|=11967 of dense 20942 (ratio 0.571, rho=0.571); skinny 1213; plain HH shortest-vector baseline 2253

Trial 274: N=439241484851621 (49 bits), p=13522391, q=32482531
  m=105 (primes<= 7), m0=8, X=m*m0=840, S=[5, 7], t=2, M=35, rho=0.571, Y=2.000
  lambda0~860.9, Lambda_R=12177, Lambda_S=705, L*=24390
  RESULT: factor 13522391  via collision mod p (multipoint gcd)  (0.0s)
  oracle (correct candidate): branch=regular, i in [0,2Lambda]=True, i==Q(k_p) mod ell=True, e* in E_R=True, alpha^e*==giant mod p=True
  giantsteps: regular=392, skinny=184
  babysteps: sieved |E_R|=13938 of dense 24390 (ratio 0.571, rho=0.571); skinny 1411; plain HH shortest-vector baseline 2623

Trial 275: N=154753830427709 (48 bits), p=8570207, q=18057187
  m=105 (primes<= 7), m0=7, X=m*m0=735, S=[5, 7], t=2, M=35, rho=0.571, Y=2.000
  lambda0~624.3, Lambda_R=8831, Lambda_S=512, L*=17698
  RESULT: factor 18057187  via collision mod p (multipoint gcd)  (0.0s)
  oracle (correct candidate): branch=regular, i in [0,2Lambda]=True, i==Q(k_p) mod ell=True, e* in E_R=True, alpha^e*==giant mod p=True
  giantsteps: regular=376, skinny=152
  babysteps: sieved |E_R|=10114 of dense 17698 (ratio 0.571, rho=0.571); skinny 1025; plain HH shortest-vector baseline 1903

Trial 276: N=225394905647749 (48 bits), p=12347761, q=18253909
  m=105 (primes<= 7), m0=7, X=m*m0=735, S=[5, 7], t=2, M=35, rho=0.571, Y=2.000
  lambda0~753.4, Lambda_R=10658, Lambda_S=618, L*=21352
  RESULT: factor 12347761  via collision mod p (multipoint gcd)  (0.0s)
  oracle (correct candidate): branch=regular, i in [0,2Lambda]=True, i==Q(k_p) mod ell=True, e* in E_R=True, alpha^e*==giant mod p=True
  giantsteps: regular=432, skinny=96
  babysteps: sieved |E_R|=12202 of dense 21352 (ratio 0.571, rho=0.571); skinny 1237; plain HH shortest-vector baseline 2295

Trial 277: N=339849867659893 (49 bits), p=11656501, q=29155393
  m=105 (primes<= 7), m0=8, X=m*m0=840, S=[5, 7], t=2, M=35, rho=0.571, Y=2.000
  lambda0~757.2, Lambda_R=10711, Lambda_S=621, L*=21458
  RESULT: factor 29155393  via collision mod p (multipoint gcd)  (0.0s)
  oracle (correct candidate): branch=regular, i in [0,2Lambda]=True, i==Q(k_p) mod ell=True, e* in E_R=True, alpha^e*==giant mod p=True
  giantsteps: regular=480, skinny=96
  babysteps: sieved |E_R|=12262 of dense 21458 (ratio 0.571, rho=0.571); skinny 1243; plain HH shortest-vector baseline 2307

Trial 278: N=468616829539057 (49 bits), p=14261003, q=32860019
  m=105 (primes<= 7), m0=8, X=m*m0=840, S=[5, 7], t=2, M=35, rho=0.571, Y=2.000
  lambda0~889.2, Lambda_R=12577, Lambda_S=729, L*=25190
  RESULT: factor 32860019  via collision mod p (multipoint gcd)  (0.1s)
  oracle (correct candidate): branch=skinny, i in [0,2Lambda]=True, i==Q(k_p) mod ell=True, e* in E_R=None, alpha^e*==giant mod p=True
  giantsteps: regular=480, skinny=96
  babysteps: sieved |E_R|=14395 of dense 25190 (ratio 0.571, rho=0.571); skinny 1459; plain HH shortest-vector baseline 2709

Trial 279: N=290222521963259 (49 bits), p=12781753, q=22706003
  m=105 (primes<= 7), m0=7, X=m*m0=735, S=[5, 7], t=2, M=35, rho=0.571, Y=2.000
  lambda0~854.9, Lambda_R=12093, Lambda_S=701, L*=24222
  RESULT: factor 22706003  via exact match + Lemma 2.4  (0.0s)
  oracle (correct candidate): branch=regular, i in [0,2Lambda]=True, i==Q(k_p) mod ell=True, e* in E_R=True, alpha^e*==giant mod p=True
  giantsteps: regular=376, skinny=152
  babysteps: sieved |E_R|=13842 of dense 24222 (ratio 0.571, rho=0.571); skinny 1403; plain HH shortest-vector baseline 2605

Trial 280: N=302272928948689 (49 bits), p=13698283, q=22066483
  m=105 (primes<= 7), m0=7, X=m*m0=735, S=[5, 7], t=2, M=35, rho=0.571, Y=2.000
  lambda0~872.5, Lambda_R=12342, Lambda_S=715, L*=24720
  RESULT: factor 22066483  via collision mod p (multipoint gcd)  (0.0s)
  oracle (correct candidate): branch=regular, i in [0,2Lambda]=True, i==Q(k_p) mod ell=True, e* in E_R=True, alpha^e*==giant mod p=True
  giantsteps: regular=432, skinny=96
  babysteps: sieved |E_R|=14126 of dense 24720 (ratio 0.571, rho=0.571); skinny 1431; plain HH shortest-vector baseline 2657

Trial 281: N=356348613509197 (49 bits), p=15412603, q=23120599
  m=105 (primes<= 7), m0=8, X=m*m0=840, S=[5, 7], t=2, M=35, rho=0.571, Y=2.000
  lambda0~775.4, Lambda_R=10968, Lambda_S=636, L*=21972
  RESULT: factor 23120599  via collision mod p (multipoint gcd)  (0.0s)
  oracle (correct candidate): branch=regular, i in [0,2Lambda]=True, i==Q(k_p) mod ell=True, e* in E_R=True, alpha^e*==giant mod p=True
  giantsteps: regular=448, skinny=128
  babysteps: sieved |E_R|=12556 of dense 21972 (ratio 0.571, rho=0.571); skinny 1273; plain HH shortest-vector baseline 2363

Trial 282: N=188609109868793 (48 bits), p=13479677, q=13992109
  m=105 (primes<= 7), m0=7, X=m*m0=735, S=[5, 7], t=2, M=35, rho=0.571, Y=2.000
  lambda0~689.2, Lambda_R=9749, Lambda_S=565, L*=19534
  RESULT: factor 13479677  via collision mod p (multipoint gcd)  (0.0s)
  oracle (correct candidate): branch=regular, i in [0,2Lambda]=True, i==Q(k_p) mod ell=True, e* in E_R=True, alpha^e*==giant mod p=True
  giantsteps: regular=392, skinny=136
  babysteps: sieved |E_R|=11162 of dense 19534 (ratio 0.571, rho=0.571); skinny 1131; plain HH shortest-vector baseline 2101

Trial 283: N=215907039515039 (48 bits), p=12685051, q=17020589
  m=105 (primes<= 7), m0=7, X=m*m0=735, S=[5, 7], t=2, M=35, rho=0.571, Y=2.000
  lambda0~737.4, Lambda_R=10431, Lambda_S=605, L*=20898
  RESULT: factor 12685051  via Lemma 3.11 certification  (0.0s)

Trial 284: N=231491100972017 (48 bits), p=14036977, q=16491521
  m=105 (primes<= 7), m0=7, X=m*m0=735, S=[5, 7], t=2, M=35, rho=0.571, Y=2.000
  lambda0~763.5, Lambda_R=10801, Lambda_S=626, L*=21638
  RESULT: factor 14036977  via collision mod p (multipoint gcd)  (0.0s)
  oracle (correct candidate): branch=skinny, i in [0,2Lambda]=True, i==Q(k_p) mod ell=True, e* in E_R=None, alpha^e*==giant mod p=True
  giantsteps: regular=392, skinny=136
  babysteps: sieved |E_R|=12364 of dense 21638 (ratio 0.571, rho=0.571); skinny 1253; plain HH shortest-vector baseline 2327

Trial 285: N=243187588339483 (48 bits), p=13535701, q=17966383
  m=105 (primes<= 7), m0=7, X=m*m0=735, S=[5, 7], t=2, M=35, rho=0.571, Y=2.000
  lambda0~782.6, Lambda_R=11070, Lambda_S=641, L*=22176
  RESULT: factor 17966383  via collision mod p (multipoint gcd)  (0.0s)
  oracle (correct candidate): branch=regular, i in [0,2Lambda]=True, i==Q(k_p) mod ell=True, e* in E_R=True, alpha^e*==giant mod p=True
  giantsteps: regular=392, skinny=136
  babysteps: sieved |E_R|=12673 of dense 22176 (ratio 0.571, rho=0.571); skinny 1283; plain HH shortest-vector baseline 2385

Trial 286: N=393256360209511 (49 bits), p=12293971, q=31987741
  m=105 (primes<= 7), m0=8, X=m*m0=840, S=[5, 7], t=2, M=35, rho=0.571, Y=2.000
  lambda0~814.6, Lambda_R=11522, Lambda_S=668, L*=23080
  RESULT: factor 12293971  via collision mod p (multipoint gcd)  (0.0s)
  oracle (correct candidate): branch=regular, i in [0,2Lambda]=True, i==Q(k_p) mod ell=True, e* in E_R=True, alpha^e*==giant mod p=True
  giantsteps: regular=360, skinny=216
  babysteps: sieved |E_R|=13189 of dense 23080 (ratio 0.571, rho=0.571); skinny 1337; plain HH shortest-vector baseline 2481

Trial 287: N=221126644322261 (48 bits), p=14370529, q=15387509
  m=105 (primes<= 7), m0=7, X=m*m0=735, S=[5, 7], t=2, M=35, rho=0.571, Y=2.000
  lambda0~746.3, Lambda_R=10556, Lambda_S=612, L*=21148
  RESULT: factor 14370529  via collision mod p (multipoint gcd)  (0.0s)
  oracle (correct candidate): branch=regular, i in [0,2Lambda]=True, i==Q(k_p) mod ell=True, e* in E_R=True, alpha^e*==giant mod p=True
  giantsteps: regular=480, skinny=48
  babysteps: sieved |E_R|=12084 of dense 21148 (ratio 0.571, rho=0.571); skinny 1225; plain HH shortest-vector baseline 2275

Trial 288: N=374659612223539 (49 bits), p=14389537, q=26036947
  m=105 (primes<= 7), m0=8, X=m*m0=840, S=[5, 7], t=2, M=35, rho=0.571, Y=2.000
  lambda0~795.1, Lambda_R=11246, Lambda_S=652, L*=22528
  RESULT: factor 14389537  via Lemma 3.11 certification  (0.0s)

Trial 289: N=196978728027901 (48 bits), p=11945729, q=16489469
  m=105 (primes<= 7), m0=7, X=m*m0=735, S=[5, 7], t=2, M=35, rho=0.571, Y=2.000
  lambda0~704.3, Lambda_R=9963, Lambda_S=578, L*=19962
  RESULT: factor 11945729  via collision mod p (multipoint gcd)  (0.0s)
  oracle (correct candidate): branch=regular, i in [0,2Lambda]=True, i==Q(k_p) mod ell=True, e* in E_R=True, alpha^e*==giant mod p=True
  giantsteps: regular=344, skinny=184
  babysteps: sieved |E_R|=11407 of dense 19962 (ratio 0.571, rho=0.571); skinny 1157; plain HH shortest-vector baseline 2147

Trial 290: N=390983271643387 (49 bits), p=15007931, q=26051777
  m=105 (primes<= 7), m0=8, X=m*m0=840, S=[5, 7], t=2, M=35, rho=0.571, Y=2.000
  lambda0~812.2, Lambda_R=11489, Lambda_S=666, L*=23014
  RESULT: factor 26051777  via collision mod p (multipoint gcd)  (0.0s)
  oracle (correct candidate): branch=regular, i in [0,2Lambda]=True, i==Q(k_p) mod ell=True, e* in E_R=True, alpha^e*==giant mod p=True
  giantsteps: regular=480, skinny=96
  babysteps: sieved |E_R|=13152 of dense 23014 (ratio 0.571, rho=0.571); skinny 1333; plain HH shortest-vector baseline 2475

Trial 291: N=464275895203171 (49 bits), p=16310027, q=28465673
  m=105 (primes<= 7), m0=8, X=m*m0=840, S=[5, 7], t=2, M=35, rho=0.571, Y=2.000
  lambda0~885.1, Lambda_R=12519, Lambda_S=725, L*=25074
  RESULT: factor 16310027  via collision mod p (multipoint gcd)  (0.0s)
  oracle (correct candidate): branch=regular, i in [0,2Lambda]=True, i==Q(k_p) mod ell=True, e* in E_R=True, alpha^e*==giant mod p=True
  giantsteps: regular=360, skinny=216
  babysteps: sieved |E_R|=14328 of dense 25074 (ratio 0.571, rho=0.571); skinny 1451; plain HH shortest-vector baseline 2695

Trial 292: N=151919119724993 (48 bits), p=9331463, q=16280311
  m=105 (primes<= 7), m0=7, X=m*m0=735, S=[5, 7], t=2, M=35, rho=0.571, Y=2.000
  lambda0~618.6, Lambda_R=8750, Lambda_S=508, L*=17536
  RESULT: factor 9331463  via collision mod p (multipoint gcd)  (0.0s)
  oracle (correct candidate): branch=skinny, i in [0,2Lambda]=True, i==Q(k_p) mod ell=True, e* in E_R=None, alpha^e*==giant mod p=True
  giantsteps: regular=392, skinny=136
  babysteps: sieved |E_R|=10021 of dense 17536 (ratio 0.571, rho=0.571); skinny 1017; plain HH shortest-vector baseline 1885

Trial 293: N=234170140426319 (48 bits), p=11679427, q=20049797
  m=105 (primes<= 7), m0=7, X=m*m0=735, S=[5, 7], t=2, M=35, rho=0.571, Y=2.000
  lambda0~768.0, Lambda_R=10863, Lambda_S=630, L*=21762
  RESULT: factor 11679427  via collision mod p (multipoint gcd)  (0.0s)
  oracle (correct candidate): branch=regular, i in [0,2Lambda]=True, i==Q(k_p) mod ell=True, e* in E_R=True, alpha^e*==giant mod p=True
  giantsteps: regular=480, skinny=48
  babysteps: sieved |E_R|=12436 of dense 21762 (ratio 0.571, rho=0.571); skinny 1261; plain HH shortest-vector baseline 2341

Trial 294: N=370369524428171 (49 bits), p=15688571, q=23607601
  m=105 (primes<= 7), m0=8, X=m*m0=840, S=[5, 7], t=2, M=35, rho=0.571, Y=2.000
  lambda0~790.5, Lambda_R=11182, Lambda_S=648, L*=22400
  RESULT: factor 15688571  via exact match + Lemma 2.4  (0.0s)
  oracle (correct candidate): branch=skinny, i in [0,2Lambda]=True, i==Q(k_p) mod ell=True, e* in E_R=None, alpha^e*==giant mod p=True
  giantsteps: regular=392, skinny=184
  babysteps: sieved |E_R|=12800 of dense 22400 (ratio 0.571, rho=0.571); skinny 1297; plain HH shortest-vector baseline 2409

Trial 295: N=330076403648083 (49 bits), p=15500663, q=21294341
  m=105 (primes<= 7), m0=8, X=m*m0=840, S=[5, 7], t=2, M=35, rho=0.571, Y=2.000
  lambda0~746.3, Lambda_R=10556, Lambda_S=612, L*=21148
  RESULT: factor 21294341  via collision mod p (multipoint gcd)  (0.0s)
  oracle (correct candidate): branch=skinny, i in [0,2Lambda]=True, i==Q(k_p) mod ell=True, e* in E_R=None, alpha^e*==giant mod p=True
  giantsteps: regular=448, skinny=128
  babysteps: sieved |E_R|=12084 of dense 21148 (ratio 0.571, rho=0.571); skinny 1225; plain HH shortest-vector baseline 2275

Trial 296: N=245578549981133 (48 bits), p=14765671, q=16631723
  m=105 (primes<= 7), m0=7, X=m*m0=735, S=[5, 7], t=2, M=35, rho=0.571, Y=2.000
  lambda0~786.4, Lambda_R=11124, Lambda_S=645, L*=22284
  RESULT: factor 14765671  via collision mod p (multipoint gcd)  (0.0s)
  oracle (correct candidate): branch=skinny, i in [0,2Lambda]=True, i==Q(k_p) mod ell=True, e* in E_R=None, alpha^e*==giant mod p=True
  giantsteps: regular=392, skinny=136
  babysteps: sieved |E_R|=12735 of dense 22284 (ratio 0.571, rho=0.571); skinny 1291; plain HH shortest-vector baseline 2397

Trial 297: N=235140035840851 (48 bits), p=14932927, q=15746413
  m=105 (primes<= 7), m0=7, X=m*m0=735, S=[5, 7], t=2, M=35, rho=0.571, Y=2.000
  lambda0~769.5, Lambda_R=10885, Lambda_S=631, L*=21806
  RESULT: factor 14932927  via collision mod p (multipoint gcd)  (0.0s)
  oracle (correct candidate): branch=regular, i in [0,2Lambda]=True, i==Q(k_p) mod ell=True, e* in E_R=True, alpha^e*==giant mod p=True
  giantsteps: regular=344, skinny=184
  babysteps: sieved |E_R|=12461 of dense 21806 (ratio 0.571, rho=0.571); skinny 1263; plain HH shortest-vector baseline 2345

Trial 298: N=352506853815227 (49 bits), p=14372887, q=24525821
  m=105 (primes<= 7), m0=8, X=m*m0=840, S=[5, 7], t=2, M=35, rho=0.571, Y=2.000
  lambda0~771.2, Lambda_R=10909, Lambda_S=632, L*=21854
  RESULT: factor 24525821  via collision mod p (multipoint gcd)  (0.0s)
  oracle (correct candidate): branch=regular, i in [0,2Lambda]=True, i==Q(k_p) mod ell=True, e* in E_R=True, alpha^e*==giant mod p=True
  giantsteps: regular=416, skinny=160
  babysteps: sieved |E_R|=12488 of dense 21854 (ratio 0.571, rho=0.571); skinny 1265; plain HH shortest-vector baseline 2349

Trial 299: N=234188701073827 (48 bits), p=10557409, q=22182403
  m=105 (primes<= 7), m0=7, X=m*m0=735, S=[5, 7], t=2, M=35, rho=0.571, Y=2.000
  lambda0~768.0, Lambda_R=10863, Lambda_S=630, L*=21762
  RESULT: factor 10557409  via collision mod p (multipoint gcd)  (0.0s)
  oracle (correct candidate): branch=regular, i in [0,2Lambda]=True, i==Q(k_p) mod ell=True, e* in E_R=True, alpha^e*==giant mod p=True
  giantsteps: regular=456, skinny=72
  babysteps: sieved |E_R|=12436 of dense 21762 (ratio 0.571, rho=0.571); skinny 1261; plain HH shortest-vector baseline 2341

Trial 300: N=280487861390069 (48 bits), p=8437153, q=33244373
  m=105 (primes<= 7), m0=7, X=m*m0=735, S=[5, 7], t=2, M=35, rho=0.571, Y=2.000
  lambda0~840.5, Lambda_R=11889, Lambda_S=689, L*=23814
  RESULT: factor 8437153  via collision mod p (multipoint gcd)  (0.0s)
  oracle (correct candidate): branch=regular, i in [0,2Lambda]=True, i==Q(k_p) mod ell=True, e* in E_R=True, alpha^e*==giant mod p=True
  giantsteps: regular=376, skinny=152
  babysteps: sieved |E_R|=13608 of dense 23814 (ratio 0.571, rho=0.571); skinny 1379; plain HH shortest-vector baseline 2561

300/300 factored.
