
Trial 1: N=8492750216919713 (53 bits), p=66802517, q=127132189
  m=1155 (primes<= 11), m0=1, X=m*m0=1155, S=[7, 11], t=2, M=77, rho=0.519, Y=2.000
  lambda0~2347.7, Lambda_R=33205, Lambda_S=1919, L*=66488
  RESULT: factor 66802517  via collision mod p (multipoint gcd)  (0.1s)
  oracle (correct candidate): branch=regular, i in [0,2Lambda]=True, i==Q(k_p) mod ell=True, e* in E_R=True, alpha^e*==giant mod p=True
  giantsteps: regular=976, skinny=464
  babysteps: sieved |E_R|=34540 of dense 66488 (ratio 0.519, rho=0.519); skinny 3839; plain HH shortest-vector baseline 7141

Trial 2: N=8150804597968391 (53 bits), p=66293939, q=122949469
  m=1155 (primes<= 11), m0=1, X=m*m0=1155, S=[7, 11], t=2, M=77, rho=0.519, Y=2.000
  lambda0~2300.0, Lambda_R=32529, Lambda_S=1880, L*=65136
  RESULT: factor 66293939  via collision mod p (multipoint gcd)  (0.1s)
  oracle (correct candidate): branch=regular, i in [0,2Lambda]=True, i==Q(k_p) mod ell=True, e* in E_R=True, alpha^e*==giant mod p=True
  giantsteps: regular=1072, skinny=368
  babysteps: sieved |E_R|=33838 of dense 65136 (ratio 0.519, rho=0.519); skinny 3761; plain HH shortest-vector baseline 6997

Trial 3: N=7057390264247651 (53 bits), p=60685747, q=116294033
  m=1155 (primes<= 11), m0=1, X=m*m0=1155, S=[7, 11], t=2, M=77, rho=0.519, Y=2.000
  lambda0~2140.2, Lambda_R=30269, Lambda_S=1750, L*=60616
  RESULT: factor 116294033  via collision mod p (multipoint gcd)  (0.1s)
  oracle (correct candidate): branch=regular, i in [0,2Lambda]=True, i==Q(k_p) mod ell=True, e* in E_R=True, alpha^e*==giant mod p=True
  giantsteps: regular=1168, skinny=272
  babysteps: sieved |E_R|=31490 of dense 60616 (ratio 0.519, rho=0.519); skinny 3501; plain HH shortest-vector baseline 6511

Trial 4: N=5659192282343021 (53 bits), p=44540039, q=127058539
  m=1155 (primes<= 11), m0=1, X=m*m0=1155, S=[7, 11], t=2, M=77, rho=0.519, Y=2.000
  lambda0~1916.5, Lambda_R=27106, Lambda_S=1567, L*=54290
  RESULT: factor 44540039  via collision mod p (multipoint gcd)  (0.1s)
  oracle (correct candidate): branch=regular, i in [0,2Lambda]=True, i==Q(k_p) mod ell=True, e* in E_R=True, alpha^e*==giant mod p=True
  giantsteps: regular=1120, skinny=320
  babysteps: sieved |E_R|=28203 of dense 54290 (ratio 0.519, rho=0.519); skinny 3135; plain HH shortest-vector baseline 5831

Trial 5: N=7539877911234811 (53 bits), p=57262259, q=131672729
  m=1155 (primes<= 11), m0=1, X=m*m0=1155, S=[7, 11], t=2, M=77, rho=0.519, Y=2.000
  lambda0~2212.1, Lambda_R=31287, Lambda_S=1809, L*=62652
  RESULT: factor 131672729  via collision mod p (multipoint gcd)  (0.1s)
  oracle (correct candidate): branch=skinny, i in [0,2Lambda]=True, i==Q(k_p) mod ell=True, e* in E_R=None, alpha^e*==giant mod p=True
  giantsteps: regular=1136, skinny=304
  babysteps: sieved |E_R|=32546 of dense 62652 (ratio 0.519, rho=0.519); skinny 3619; plain HH shortest-vector baseline 6729

Trial 6: N=4490132347818737 (52 bits), p=50302069, q=89263373
  m=1155 (primes<= 11), m0=1, X=m*m0=1155, S=[7, 11], t=2, M=77, rho=0.519, Y=2.000
  lambda0~1707.1, Lambda_R=24144, Lambda_S=1396, L*=48366
  RESULT: factor 89263373  via collision mod p (multipoint gcd)  (0.1s)
  oracle (correct candidate): branch=skinny, i in [0,2Lambda]=True, i==Q(k_p) mod ell=True, e* in E_R=None, alpha^e*==giant mod p=True
  giantsteps: regular=1168, skinny=272
  babysteps: sieved |E_R|=25126 of dense 48366 (ratio 0.519, rho=0.519); skinny 2793; plain HH shortest-vector baseline 5195

Trial 7: N=5553851955607289 (53 bits), p=61801807, q=89865527
  m=1155 (primes<= 11), m0=1, X=m*m0=1155, S=[7, 11], t=2, M=77, rho=0.519, Y=2.000
  lambda0~1898.6, Lambda_R=26852, Lambda_S=1553, L*=53782
  RESULT: factor 89865527  via collision mod p (multipoint gcd)  (0.1s)
  oracle (correct candidate): branch=regular, i in [0,2Lambda]=True, i==Q(k_p) mod ell=True, e* in E_R=True, alpha^e*==giant mod p=True
  giantsteps: regular=1168, skinny=272
  babysteps: sieved |E_R|=27939 of dense 53782 (ratio 0.519, rho=0.519); skinny 3107; plain HH shortest-vector baseline 5777

Trial 8: N=5154912442068001 (53 bits), p=48679027, q=105895963
  m=1155 (primes<= 11), m0=1, X=m*m0=1155, S=[7, 11], t=2, M=77, rho=0.519, Y=2.000
  lambda0~1829.1, Lambda_R=25870, Lambda_S=1496, L*=51818
  RESULT: factor 48679027  via collision mod p (multipoint gcd)  (0.1s)
  oracle (correct candidate): branch=regular, i in [0,2Lambda]=True, i==Q(k_p) mod ell=True, e* in E_R=True, alpha^e*==giant mod p=True
  giantsteps: regular=1136, skinny=304
  babysteps: sieved |E_R|=26919 of dense 51818 (ratio 0.519, rho=0.519); skinny 2993; plain HH shortest-vector baseline 5565

Trial 9: N=2880060113658799 (52 bits), p=36738089, q=78394391
  m=1155 (primes<= 11), m0=1, X=m*m0=1155, S=[7, 11], t=2, M=77, rho=0.519, Y=2.000
  lambda0~1367.2, Lambda_R=19337, Lambda_S=1119, L*=38752
  RESULT: factor 36738089  via collision mod p (multipoint gcd)  (0.1s)
  oracle (correct candidate): branch=regular, i in [0,2Lambda]=True, i==Q(k_p) mod ell=True, e* in E_R=True, alpha^e*==giant mod p=True
  giantsteps: regular=976, skinny=464
  babysteps: sieved |E_R|=20132 of dense 38752 (ratio 0.520, rho=0.519); skinny 2239; plain HH shortest-vector baseline 4161

Trial 10: N=2175918121136273 (51 bits), p=44171551, q=49260623
  m=1155 (primes<= 11), m0=1, X=m*m0=1155, S=[7, 11], t=2, M=77, rho=0.519, Y=2.000
  lambda0~1188.4, Lambda_R=16808, Lambda_S=973, L*=33694
  RESULT: factor 44171551  via collision mod p (multipoint gcd)  (0.1s)
  oracle (correct candidate): branch=skinny, i in [0,2Lambda]=True, i==Q(k_p) mod ell=True, e* in E_R=None, alpha^e*==giant mod p=True
  giantsteps: regular=976, skinny=464
  babysteps: sieved |E_R|=17504 of dense 33694 (ratio 0.519, rho=0.519); skinny 1947; plain HH shortest-vector baseline 3617

Trial 11: N=7921443380627263 (53 bits), p=66595531, q=118948573
  m=1155 (primes<= 11), m0=1, X=m*m0=1155, S=[7, 11], t=2, M=77, rho=0.519, Y=2.000
  lambda0~2267.4, Lambda_R=32068, Lambda_S=1854, L*=64214
  RESULT: factor 66595531  via collision mod p (multipoint gcd)  (0.1s)
  oracle (correct candidate): branch=regular, i in [0,2Lambda]=True, i==Q(k_p) mod ell=True, e* in E_R=True, alpha^e*==giant mod p=True
  giantsteps: regular=1104, skinny=336
  babysteps: sieved |E_R|=33359 of dense 64214 (ratio 0.519, rho=0.519); skinny 3709; plain HH shortest-vector baseline 6897

Trial 12: N=4072492924135553 (52 bits), p=55388009, q=73526617
  m=1155 (primes<= 11), m0=1, X=m*m0=1155, S=[7, 11], t=2, M=77, rho=0.519, Y=2.000
  lambda0~1625.8, Lambda_R=22994, Lambda_S=1330, L*=46066
  RESULT: factor 73526617  via collision mod p (multipoint gcd)  (0.1s)
  oracle (correct candidate): branch=regular, i in [0,2Lambda]=True, i==Q(k_p) mod ell=True, e* in E_R=True, alpha^e*==giant mod p=True
  giantsteps: regular=1168, skinny=272
  babysteps: sieved |E_R|=23931 of dense 46066 (ratio 0.519, rho=0.519); skinny 2661; plain HH shortest-vector baseline 4947

Trial 13: N=5670059478431351 (53 bits), p=55850243, q=101522557
  m=1155 (primes<= 11), m0=1, X=m*m0=1155, S=[7, 11], t=2, M=77, rho=0.519, Y=2.000
  lambda0~1918.3, Lambda_R=27132, Lambda_S=1569, L*=54342
  RESULT: factor 55850243  via collision mod p (multipoint gcd)  (0.1s)
  oracle (correct candidate): branch=regular, i in [0,2Lambda]=True, i==Q(k_p) mod ell=True, e* in E_R=True, alpha^e*==giant mod p=True
  giantsteps: regular=1168, skinny=272
  babysteps: sieved |E_R|=28230 of dense 54342 (ratio 0.519, rho=0.519); skinny 3139; plain HH shortest-vector baseline 5837

Trial 14: N=1913775365961013 (51 bits), p=41198999, q=46451987
  m=1155 (primes<= 11), m0=1, X=m*m0=1155, S=[7, 11], t=2, M=77, rho=0.519, Y=2.000
  lambda0~1114.5, Lambda_R=15764, Lambda_S=912, L*=31606
  RESULT: factor 46451987  via collision mod p (multipoint gcd)  (0.1s)
  oracle (correct candidate): branch=regular, i in [0,2Lambda]=True, i==Q(k_p) mod ell=True, e* in E_R=True, alpha^e*==giant mod p=True
  giantsteps: regular=1104, skinny=336
  babysteps: sieved |E_R|=16419 of dense 31606 (ratio 0.519, rho=0.519); skinny 1825; plain HH shortest-vector baseline 3393

Trial 15: N=4561742665968541 (53 bits), p=51453953, q=88656797
  m=1155 (primes<= 11), m0=1, X=m*m0=1155, S=[7, 11], t=2, M=77, rho=0.519, Y=2.000
  lambda0~1720.6, Lambda_R=24336, Lambda_S=1407, L*=48750
  RESULT: factor 51453953  via Lemma 3.11 certification  (0.0s)

Trial 16: N=1402239399029549 (51 bits), p=36624779, q=38286631
  m=1155 (primes<= 11), m0=1, X=m*m0=1155, S=[7, 11], t=2, M=77, rho=0.519, Y=2.000
  lambda0~954.0, Lambda_R=13494, Lambda_S=781, L*=27066
  RESULT: factor 38286631  via collision mod p (multipoint gcd)  (0.1s)
  oracle (correct candidate): branch=regular, i in [0,2Lambda]=True, i==Q(k_p) mod ell=True, e* in E_R=True, alpha^e*==giant mod p=True
  giantsteps: regular=1168, skinny=272
  babysteps: sieved |E_R|=14061 of dense 27066 (ratio 0.520, rho=0.519); skinny 1563; plain HH shortest-vector baseline 2905

Trial 17: N=3847763873404259 (52 bits), p=50941399, q=75533141
  m=1155 (primes<= 11), m0=1, X=m*m0=1155, S=[7, 11], t=2, M=77, rho=0.519, Y=2.000
  lambda0~1580.3, Lambda_R=22351, Lambda_S=1293, L*=44780
  RESULT: factor 50941399  via collision mod p (multipoint gcd)  (0.1s)
  oracle (correct candidate): branch=skinny, i in [0,2Lambda]=True, i==Q(k_p) mod ell=True, e* in E_R=None, alpha^e*==giant mod p=True
  giantsteps: regular=1072, skinny=368
  babysteps: sieved |E_R|=23263 of dense 44780 (ratio 0.519, rho=0.519); skinny 2587; plain HH shortest-vector baseline 4809

Trial 18: N=6192311198021281 (53 bits), p=54178403, q=114294827
  m=1155 (primes<= 11), m0=1, X=m*m0=1155, S=[7, 11], t=2, M=77, rho=0.519, Y=2.000
  lambda0~2004.7, Lambda_R=28354, Lambda_S=1639, L*=56786
  RESULT: factor 54178403  via collision mod p (multipoint gcd)  (0.1s)
  oracle (correct candidate): branch=regular, i in [0,2Lambda]=True, i==Q(k_p) mod ell=True, e* in E_R=True, alpha^e*==giant mod p=True
  giantsteps: regular=976, skinny=464
  babysteps: sieved |E_R|=29500 of dense 56786 (ratio 0.519, rho=0.519); skinny 3279; plain HH shortest-vector baseline 6099

Trial 19: N=5537000481743509 (53 bits), p=59759003, q=92655503
  m=1155 (primes<= 11), m0=1, X=m*m0=1155, S=[7, 11], t=2, M=77, rho=0.519, Y=2.000
  lambda0~1895.7, Lambda_R=26811, Lambda_S=1550, L*=53700
  RESULT: factor 92655503  via collision mod p (multipoint gcd)  (0.1s)
  oracle (correct candidate): branch=regular, i in [0,2Lambda]=True, i==Q(k_p) mod ell=True, e* in E_R=True, alpha^e*==giant mod p=True
  giantsteps: regular=976, skinny=464
  babysteps: sieved |E_R|=27898 of dense 53700 (ratio 0.520, rho=0.519); skinny 3101; plain HH shortest-vector baseline 5767

Trial 20: N=2506726209058691 (52 bits), p=34219949, q=73253359
  m=1155 (primes<= 11), m0=1, X=m*m0=1155, S=[7, 11], t=2, M=77, rho=0.519, Y=2.000
  lambda0~1275.5, Lambda_R=18041, Lambda_S=1044, L*=36160
  RESULT: factor 73253359  via collision mod p (multipoint gcd)  (0.1s)
  oracle (correct candidate): branch=regular, i in [0,2Lambda]=True, i==Q(k_p) mod ell=True, e* in E_R=True, alpha^e*==giant mod p=True
  giantsteps: regular=1120, skinny=320
  babysteps: sieved |E_R|=18784 of dense 36160 (ratio 0.519, rho=0.519); skinny 2089; plain HH shortest-vector baseline 3883

Trial 21: N=5027487771898037 (53 bits), p=43052899, q=116774663
  m=1155 (primes<= 11), m0=1, X=m*m0=1155, S=[7, 11], t=2, M=77, rho=0.519, Y=2.000
  lambda0~1806.4, Lambda_R=25548, Lambda_S=1477, L*=51174
  RESULT: factor 43052899  via collision mod p (multipoint gcd)  (0.1s)
  oracle (correct candidate): branch=regular, i in [0,2Lambda]=True, i==Q(k_p) mod ell=True, e* in E_R=True, alpha^e*==giant mod p=True
  giantsteps: regular=976, skinny=464
  babysteps: sieved |E_R|=26584 of dense 51174 (ratio 0.519, rho=0.519); skinny 2955; plain HH shortest-vector baseline 5497

Trial 22: N=4333258135872703 (52 bits), p=60110111, q=72088673
  m=1155 (primes<= 11), m0=1, X=m*m0=1155, S=[7, 11], t=2, M=77, rho=0.519, Y=2.000
  lambda0~1677.0, Lambda_R=23719, Lambda_S=1372, L*=47516
  RESULT: factor 60110111  via collision mod p (multipoint gcd)  (0.1s)
  oracle (correct candidate): branch=skinny, i in [0,2Lambda]=True, i==Q(k_p) mod ell=True, e* in E_R=None, alpha^e*==giant mod p=True
  giantsteps: regular=1104, skinny=336
  babysteps: sieved |E_R|=24683 of dense 47516 (ratio 0.519, rho=0.519); skinny 2745; plain HH shortest-vector baseline 5103

Trial 23: N=4649487323643587 (53 bits), p=49226341, q=94451207
  m=1155 (primes<= 11), m0=1, X=m*m0=1155, S=[7, 11], t=2, M=77, rho=0.519, Y=2.000
  lambda0~1737.1, Lambda_R=24569, Lambda_S=1421, L*=49216
  RESULT: factor 49226341  via collision mod p (multipoint gcd)  (0.1s)
  oracle (correct candidate): branch=regular, i in [0,2Lambda]=True, i==Q(k_p) mod ell=True, e* in E_R=True, alpha^e*==giant mod p=True
  giantsteps: regular=976, skinny=464
  babysteps: sieved |E_R|=25567 of dense 49216 (ratio 0.519, rho=0.519); skinny 2843; plain HH shortest-vector baseline 5285

Trial 24: N=4239015569831443 (52 bits), p=52024493, q=81481151
  m=1155 (primes<= 11), m0=1, X=m*m0=1155, S=[7, 11], t=2, M=77, rho=0.519, Y=2.000
  lambda0~1658.7, Lambda_R=23460, Lambda_S=1357, L*=46998
  RESULT: factor 52024493  via exact match + Lemma 2.4  (0.0s)
  oracle (correct candidate): branch=skinny, i in [0,2Lambda]=True, i==Q(k_p) mod ell=True, e* in E_R=None, alpha^e*==giant mod p=True
  giantsteps: regular=1104, skinny=336
  babysteps: sieved |E_R|=24416 of dense 46998 (ratio 0.520, rho=0.519); skinny 2715; plain HH shortest-vector baseline 5047

Trial 25: N=5558844043307021 (53 bits), p=44256131, q=125606191
  m=1155 (primes<= 11), m0=1, X=m*m0=1155, S=[7, 11], t=2, M=77, rho=0.519, Y=2.000
  lambda0~1899.4, Lambda_R=26864, Lambda_S=1553, L*=53806
  RESULT: factor 44256131  via collision mod p (multipoint gcd)  (0.1s)
  oracle (correct candidate): branch=regular, i in [0,2Lambda]=True, i==Q(k_p) mod ell=True, e* in E_R=True, alpha^e*==giant mod p=True
  giantsteps: regular=1168, skinny=272
  babysteps: sieved |E_R|=27951 of dense 53806 (ratio 0.519, rho=0.519); skinny 3107; plain HH shortest-vector baseline 5779

25/25 factored.

Trial 1: N=5459469168615103 (53 bits), p=50437901, q=108241403
  m=1155 (primes<= 11), m0=1, X=m*m0=1155, S=[7, 11], t=2, M=77, rho=0.519, Y=2.000
  lambda0~1882.4, Lambda_R=26623, Lambda_S=1539, L*=53324
  RESULT: factor 50437901  via collision mod p (multipoint gcd)  (0.1s)
  oracle (correct candidate): branch=regular, i in [0,2Lambda]=True, i==Q(k_p) mod ell=True, e* in E_R=True, alpha^e*==giant mod p=True
  giantsteps: regular=1040, skinny=400
  babysteps: sieved |E_R|=27701 of dense 53324 (ratio 0.519, rho=0.519); skinny 3079; plain HH shortest-vector baseline 5727

Trial 2: N=7977060658391281 (53 bits), p=63408091, q=125805091
  m=1155 (primes<= 11), m0=1, X=m*m0=1155, S=[7, 11], t=2, M=77, rho=0.519, Y=2.000
  lambda0~2275.4, Lambda_R=32181, Lambda_S=1860, L*=64440
  RESULT: factor 63408091  via collision mod p (multipoint gcd)  (0.1s)
  oracle (correct candidate): branch=regular, i in [0,2Lambda]=True, i==Q(k_p) mod ell=True, e* in E_R=True, alpha^e*==giant mod p=True
  giantsteps: regular=1136, skinny=304
  babysteps: sieved |E_R|=33476 of dense 64440 (ratio 0.519, rho=0.519); skinny 3721; plain HH shortest-vector baseline 6921

Trial 3: N=3027501218709439 (52 bits), p=44593063, q=67891753
  m=1155 (primes<= 11), m0=1, X=m*m0=1155, S=[7, 11], t=2, M=77, rho=0.519, Y=2.000
  lambda0~1401.7, Lambda_R=19826, Lambda_S=1147, L*=39730
  RESULT: factor 67891753  via collision mod p (multipoint gcd)  (0.1s)
  oracle (correct candidate): branch=regular, i in [0,2Lambda]=True, i==Q(k_p) mod ell=True, e* in E_R=True, alpha^e*==giant mod p=True
  giantsteps: regular=1120, skinny=320
  babysteps: sieved |E_R|=20640 of dense 39730 (ratio 0.520, rho=0.519); skinny 2295; plain HH shortest-vector baseline 4267

Trial 4: N=4771897604243573 (53 bits), p=42728039, q=111680707
  m=1155 (primes<= 11), m0=1, X=m*m0=1155, S=[7, 11], t=2, M=77, rho=0.519, Y=2.000
  lambda0~1759.8, Lambda_R=24890, Lambda_S=1439, L*=49858
  RESULT: factor 111680707  via collision mod p (multipoint gcd)  (0.1s)
  oracle (correct candidate): branch=skinny, i in [0,2Lambda]=True, i==Q(k_p) mod ell=True, e* in E_R=None, alpha^e*==giant mod p=True
  giantsteps: regular=1072, skinny=368
  babysteps: sieved |E_R|=25901 of dense 49858 (ratio 0.519, rho=0.519); skinny 2879; plain HH shortest-vector baseline 5355

Trial 5: N=5362207309041983 (53 bits), p=55342481, q=96891343
  m=1155 (primes<= 11), m0=1, X=m*m0=1155, S=[7, 11], t=2, M=77, rho=0.519, Y=2.000
  lambda0~1865.5, Lambda_R=26385, Lambda_S=1526, L*=52848
  RESULT: factor 55342481  via collision mod p (multipoint gcd)  (0.1s)
  oracle (correct candidate): branch=regular, i in [0,2Lambda]=True, i==Q(k_p) mod ell=True, e* in E_R=True, alpha^e*==giant mod p=True
  giantsteps: regular=1168, skinny=272
  babysteps: sieved |E_R|=27455 of dense 52848 (ratio 0.520, rho=0.519); skinny 3053; plain HH shortest-vector baseline 5675

Trial 6: N=3259995212154809 (52 bits), p=53908331, q=60472939
  m=1155 (primes<= 11), m0=1, X=m*m0=1155, S=[7, 11], t=2, M=77, rho=0.519, Y=2.000
  lambda0~1454.6, Lambda_R=20573, Lambda_S=1190, L*=41224
  RESULT: factor 53908331  via collision mod p (multipoint gcd)  (0.1s)
  oracle (correct candidate): branch=skinny, i in [0,2Lambda]=True, i==Q(k_p) mod ell=True, e* in E_R=None, alpha^e*==giant mod p=True
  giantsteps: regular=1072, skinny=368
  babysteps: sieved |E_R|=21416 of dense 41224 (ratio 0.520, rho=0.519); skinny 2381; plain HH shortest-vector baseline 4427

Trial 7: N=3489097811040953 (52 bits), p=39117971, q=89194243
  m=1155 (primes<= 11), m0=1, X=m*m0=1155, S=[7, 11], t=2, M=77, rho=0.519, Y=2.000
  lambda0~1504.8, Lambda_R=21284, Lambda_S=1231, L*=42646
  RESULT: factor 89194243  via collision mod p (multipoint gcd)  (0.1s)
  oracle (correct candidate): branch=skinny, i in [0,2Lambda]=True, i==Q(k_p) mod ell=True, e* in E_R=None, alpha^e*==giant mod p=True
  giantsteps: regular=1072, skinny=368
  babysteps: sieved |E_R|=22155 of dense 42646 (ratio 0.520, rho=0.519); skinny 2463; plain HH shortest-vector baseline 4579

Trial 8: N=3523642384135297 (52 bits), p=36450917, q=96668141
  m=1155 (primes<= 11), m0=1, X=m*m0=1155, S=[7, 11], t=2, M=77, rho=0.519, Y=2.000
  lambda0~1512.2, Lambda_R=21389, Lambda_S=1237, L*=42856
  RESULT: factor 96668141  via collision mod p (multipoint gcd)  (0.1s)
  oracle (correct candidate): branch=regular, i in [0,2Lambda]=True, i==Q(k_p) mod ell=True, e* in E_R=True, alpha^e*==giant mod p=True
  giantsteps: regular=1104, skinny=336
  babysteps: sieved |E_R|=22263 of dense 42856 (ratio 0.519, rho=0.519); skinny 2475; plain HH shortest-vector baseline 4603

Trial 9: N=2971072921963337 (52 bits), p=39826001, q=74601337
  m=1155 (primes<= 11), m0=1, X=m*m0=1155, S=[7, 11], t=2, M=77, rho=0.519, Y=2.000
  lambda0~1388.6, Lambda_R=19641, Lambda_S=1136, L*=39360
  RESULT: factor 74601337  via collision mod p (multipoint gcd)  (0.1s)
  oracle (correct candidate): branch=regular, i in [0,2Lambda]=True, i==Q(k_p) mod ell=True, e* in E_R=True, alpha^e*==giant mod p=True
  giantsteps: regular=1168, skinny=272
  babysteps: sieved |E_R|=20447 of dense 39360 (ratio 0.519, rho=0.519); skinny 2273; plain HH shortest-vector baseline 4227

Trial 10: N=4070797548280231 (52 bits), p=49155487, q=82814713
  m=1155 (primes<= 11), m0=1, X=m*m0=1155, S=[7, 11], t=2, M=77, rho=0.519, Y=2.000
  lambda0~1625.4, Lambda_R=22989, Lambda_S=1330, L*=46056
  RESULT: factor 49155487  via collision mod p (multipoint gcd)  (0.1s)
  oracle (correct candidate): branch=regular, i in [0,2Lambda]=True, i==Q(k_p) mod ell=True, e* in E_R=True, alpha^e*==giant mod p=True
  giantsteps: regular=1120, skinny=320
  babysteps: sieved |E_R|=23926 of dense 46056 (ratio 0.519, rho=0.519); skinny 2661; plain HH shortest-vector baseline 4947

Trial 11: N=3366904410654727 (52 bits), p=57702149, q=58349723
  m=1155 (primes<= 11), m0=1, X=m*m0=1155, S=[7, 11], t=2, M=77, rho=0.519, Y=2.000
  lambda0~1478.2, Lambda_R=20908, Lambda_S=1209, L*=41894
  RESULT: factor 57702149  via collision mod p (multipoint gcd)  (0.1s)
  oracle (correct candidate): branch=regular, i in [0,2Lambda]=True, i==Q(k_p) mod ell=True, e* in E_R=True, alpha^e*==giant mod p=True
  giantsteps: regular=1184, skinny=256
  babysteps: sieved |E_R|=21763 of dense 41894 (ratio 0.519, rho=0.519); skinny 2419; plain HH shortest-vector baseline 4499

Trial 12: N=2956793035304789 (52 bits), p=41015257, q=72090077
  m=1155 (primes<= 11), m0=1, X=m*m0=1155, S=[7, 11], t=2, M=77, rho=0.519, Y=2.000
  lambda0~1385.3, Lambda_R=19593, Lambda_S=1134, L*=39264
  RESULT: factor 41015257  via collision mod p (multipoint gcd)  (0.1s)
  oracle (correct candidate): branch=regular, i in [0,2Lambda]=True, i==Q(k_p) mod ell=True, e* in E_R=True, alpha^e*==giant mod p=True
  giantsteps: regular=1072, skinny=368
  babysteps: sieved |E_R|=20398 of dense 39264 (ratio 0.520, rho=0.519); skinny 2269; plain HH shortest-vector baseline 4217

Trial 13: N=3327601828204487 (52 bits), p=34861907, q=95450941
  m=1155 (primes<= 11), m0=1, X=m*m0=1155, S=[7, 11], t=2, M=77, rho=0.519, Y=2.000
  lambda0~1469.6, Lambda_R=20785, Lambda_S=1202, L*=41648
  RESULT: factor 34861907  via collision mod p (multipoint gcd)  (0.1s)
  oracle (correct candidate): branch=regular, i in [0,2Lambda]=True, i==Q(k_p) mod ell=True, e* in E_R=True, alpha^e*==giant mod p=True
  giantsteps: regular=1168, skinny=272
  babysteps: sieved |E_R|=21636 of dense 41648 (ratio 0.519, rho=0.519); skinny 2405; plain HH shortest-vector baseline 4473

Trial 14: N=7306867448618863 (53 bits), p=58612513, q=124663951
  m=1155 (primes<= 11), m0=1, X=m*m0=1155, S=[7, 11], t=2, M=77, rho=0.519, Y=2.000
  lambda0~2177.7, Lambda_R=30799, Lambda_S=1781, L*=61676
  RESULT: factor 124663951  via collision mod p (multipoint gcd)  (0.1s)
  oracle (correct candidate): branch=regular, i in [0,2Lambda]=True, i==Q(k_p) mod ell=True, e* in E_R=True, alpha^e*==giant mod p=True
  giantsteps: regular=1040, skinny=400
  babysteps: sieved |E_R|=32040 of dense 61676 (ratio 0.519, rho=0.519); skinny 3563; plain HH shortest-vector baseline 6625

Trial 15: N=6713512482400643 (53 bits), p=66356539, q=101173337
  m=1155 (primes<= 11), m0=1, X=m*m0=1155, S=[7, 11], t=2, M=77, rho=0.519, Y=2.000
  lambda0~2087.4, Lambda_R=29523, Lambda_S=1707, L*=59124
  RESULT: factor 66356539  via collision mod p (multipoint gcd)  (0.1s)
  oracle (correct candidate): branch=regular, i in [0,2Lambda]=True, i==Q(k_p) mod ell=True, e* in E_R=True, alpha^e*==giant mod p=True
  giantsteps: regular=976, skinny=464
  babysteps: sieved |E_R|=30715 of dense 59124 (ratio 0.520, rho=0.519); skinny 3415; plain HH shortest-vector baseline 6351

Trial 16: N=3335474170997233 (52 bits), p=44124827, q=75591779
  m=1155 (primes<= 11), m0=1, X=m*m0=1155, S=[7, 11], t=2, M=77, rho=0.519, Y=2.000
  lambda0~1471.3, Lambda_R=20810, Lambda_S=1204, L*=41698
  RESULT: factor 44124827  via collision mod p (multipoint gcd)  (0.1s)
  oracle (correct candidate): branch=skinny, i in [0,2Lambda]=True, i==Q(k_p) mod ell=True, e* in E_R=None, alpha^e*==giant mod p=True
  giantsteps: regular=1040, skinny=400
  babysteps: sieved |E_R|=21661 of dense 41698 (ratio 0.519, rho=0.519); skinny 2409; plain HH shortest-vector baseline 4477

Trial 17: N=7836570554295503 (53 bits), p=60677377, q=129151439
  m=1155 (primes<= 11), m0=1, X=m*m0=1155, S=[7, 11], t=2, M=77, rho=0.519, Y=2.000
  lambda0~2255.2, Lambda_R=31896, Lambda_S=1844, L*=63870
  RESULT: factor 60677377  via collision mod p (multipoint gcd)  (0.1s)
  oracle (correct candidate): branch=skinny, i in [0,2Lambda]=True, i==Q(k_p) mod ell=True, e* in E_R=None, alpha^e*==giant mod p=True
  giantsteps: regular=1072, skinny=368
  babysteps: sieved |E_R|=33180 of dense 63870 (ratio 0.519, rho=0.519); skinny 3689; plain HH shortest-vector baseline 6861

Trial 18: N=3785696671265603 (52 bits), p=37149611, q=101904073
  m=1155 (primes<= 11), m0=1, X=m*m0=1155, S=[7, 11], t=2, M=77, rho=0.519, Y=2.000
  lambda0~1567.5, Lambda_R=22170, Lambda_S=1282, L*=44418
  RESULT: factor 101904073  via collision mod p (multipoint gcd)  (0.1s)
  oracle (correct candidate): branch=skinny, i in [0,2Lambda]=True, i==Q(k_p) mod ell=True, e* in E_R=None, alpha^e*==giant mod p=True
  giantsteps: regular=976, skinny=464
  babysteps: sieved |E_R|=23075 of dense 44418 (ratio 0.519, rho=0.519); skinny 2565; plain HH shortest-vector baseline 4771

Trial 19: N=7629032307931033 (53 bits), p=61213049, q=124630817
  m=1155 (primes<= 11), m0=1, X=m*m0=1155, S=[7, 11], t=2, M=77, rho=0.519, Y=2.000
  lambda0~2225.2, Lambda_R=31471, Lambda_S=1819, L*=63020
  RESULT: factor 61213049  via collision mod p (multipoint gcd)  (0.1s)
  oracle (correct candidate): branch=regular, i in [0,2Lambda]=True, i==Q(k_p) mod ell=True, e* in E_R=True, alpha^e*==giant mod p=True
  giantsteps: regular=1184, skinny=256
  babysteps: sieved |E_R|=32738 of dense 63020 (ratio 0.519, rho=0.519); skinny 3639; plain HH shortest-vector baseline 6769

Trial 20: N=7441470289655807 (53 bits), p=59444069, q=125184403
  m=1155 (primes<= 11), m0=1, X=m*m0=1155, S=[7, 11], t=2, M=77, rho=0.519, Y=2.000
  lambda0~2197.6, Lambda_R=31082, Lambda_S=1797, L*=62242
  RESULT: factor 125184403  via collision mod p (multipoint gcd)  (0.1s)
  oracle (correct candidate): branch=regular, i in [0,2Lambda]=True, i==Q(k_p) mod ell=True, e* in E_R=True, alpha^e*==giant mod p=True
  giantsteps: regular=1072, skinny=368
  babysteps: sieved |E_R|=32335 of dense 62242 (ratio 0.520, rho=0.519); skinny 3595; plain HH shortest-vector baseline 6685

Trial 21: N=1881180430613467 (51 bits), p=42806941, q=43945687
  m=1155 (primes<= 11), m0=1, X=m*m0=1155, S=[7, 11], t=2, M=77, rho=0.519, Y=2.000
  lambda0~1104.9, Lambda_R=15629, Lambda_S=905, L*=31336
  RESULT: factor 43945687  via collision mod p (multipoint gcd)  (0.1s)
  oracle (correct candidate): branch=regular, i in [0,2Lambda]=True, i==Q(k_p) mod ell=True, e* in E_R=True, alpha^e*==giant mod p=True
  giantsteps: regular=1104, skinny=336
  babysteps: sieved |E_R|=16279 of dense 31336 (ratio 0.519, rho=0.519); skinny 1811; plain HH shortest-vector baseline 3365

Trial 22: N=3205646907118939 (52 bits), p=38441659, q=83389921
  m=1155 (primes<= 11), m0=1, X=m*m0=1155, S=[7, 11], t=2, M=77, rho=0.519, Y=2.000
  lambda0~1442.4, Lambda_R=20401, Lambda_S=1180, L*=40880
  RESULT: factor 83389921  via collision mod p (multipoint gcd)  (0.1s)
  oracle (correct candidate): branch=skinny, i in [0,2Lambda]=True, i==Q(k_p) mod ell=True, e* in E_R=None, alpha^e*==giant mod p=True
  giantsteps: regular=1120, skinny=320
  babysteps: sieved |E_R|=21237 of dense 40880 (ratio 0.519, rho=0.519); skinny 2361; plain HH shortest-vector baseline 4389

Trial 23: N=3486688850832163 (52 bits), p=50686847, q=68788829
  m=1155 (primes<= 11), m0=1, X=m*m0=1155, S=[7, 11], t=2, M=77, rho=0.519, Y=2.000
  lambda0~1504.3, Lambda_R=21276, Lambda_S=1231, L*=42630
  RESULT: factor 68788829  via collision mod p (multipoint gcd)  (0.1s)
  oracle (correct candidate): branch=regular, i in [0,2Lambda]=True, i==Q(k_p) mod ell=True, e* in E_R=True, alpha^e*==giant mod p=True
  giantsteps: regular=1104, skinny=336
  babysteps: sieved |E_R|=22145 of dense 42630 (ratio 0.519, rho=0.519); skinny 2463; plain HH shortest-vector baseline 4579

Trial 24: N=5038520982371663 (53 bits), p=66020797, q=76317179
  m=1155 (primes<= 11), m0=1, X=m*m0=1155, S=[7, 11], t=2, M=77, rho=0.519, Y=2.000
  lambda0~1808.3, Lambda_R=25576, Lambda_S=1479, L*=51230
  RESULT: factor 66020797  via collision mod p (multipoint gcd)  (0.1s)
  oracle (correct candidate): branch=regular, i in [0,2Lambda]=True, i==Q(k_p) mod ell=True, e* in E_R=True, alpha^e*==giant mod p=True
  giantsteps: regular=976, skinny=464
  babysteps: sieved |E_R|=26614 of dense 51230 (ratio 0.520, rho=0.519); skinny 2959; plain HH shortest-vector baseline 5503

Trial 25: N=3622759906381477 (52 bits), p=54503993, q=66467789
  m=1155 (primes<= 11), m0=1, X=m*m0=1155, S=[7, 11], t=2, M=77, rho=0.519, Y=2.000
  lambda0~1533.4, Lambda_R=21688, Lambda_S=1254, L*=43454
  RESULT: factor 54503993  via collision mod p (multipoint gcd)  (0.1s)
  oracle (correct candidate): branch=regular, i in [0,2Lambda]=True, i==Q(k_p) mod ell=True, e* in E_R=True, alpha^e*==giant mod p=True
  giantsteps: regular=1104, skinny=336
  babysteps: sieved |E_R|=22575 of dense 43454 (ratio 0.520, rho=0.519); skinny 2509; plain HH shortest-vector baseline 4667

25/25 factored.

Trial 1: N=5538977670864823 (53 bits), p=49280117, q=112397819
  m=1155 (primes<= 11), m0=1, X=m*m0=1155, S=[7, 11], t=2, M=77, rho=0.519, Y=2.000
  lambda0~1896.0, Lambda_R=26816, Lambda_S=1551, L*=53710
  RESULT: factor 112397819  via collision mod p (multipoint gcd)  (0.1s)
  oracle (correct candidate): branch=regular, i in [0,2Lambda]=True, i==Q(k_p) mod ell=True, e* in E_R=True, alpha^e*==giant mod p=True
  giantsteps: regular=1040, skinny=400
  babysteps: sieved |E_R|=27901 of dense 53710 (ratio 0.519, rho=0.519); skinny 3103; plain HH shortest-vector baseline 5769

Trial 2: N=3896487163898177 (52 bits), p=60059977, q=64876601
  m=1155 (primes<= 11), m0=1, X=m*m0=1155, S=[7, 11], t=2, M=77, rho=0.519, Y=2.000
  lambda0~1590.2, Lambda_R=22492, Lambda_S=1301, L*=45062
  RESULT: factor 64876601  via collision mod p (multipoint gcd)  (0.1s)
  oracle (correct candidate): branch=regular, i in [0,2Lambda]=True, i==Q(k_p) mod ell=True, e* in E_R=True, alpha^e*==giant mod p=True
  giantsteps: regular=944, skinny=496
  babysteps: sieved |E_R|=23410 of dense 45062 (ratio 0.520, rho=0.519); skinny 2603; plain HH shortest-vector baseline 4839

Trial 3: N=3547968771490337 (52 bits), p=55458113, q=63975649
  m=1155 (primes<= 11), m0=1, X=m*m0=1155, S=[7, 11], t=2, M=77, rho=0.519, Y=2.000
  lambda0~1517.5, Lambda_R=21463, Lambda_S=1241, L*=43004
  RESULT: factor 55458113  via collision mod p (multipoint gcd)  (0.1s)
  oracle (correct candidate): branch=regular, i in [0,2Lambda]=True, i==Q(k_p) mod ell=True, e* in E_R=True, alpha^e*==giant mod p=True
  giantsteps: regular=976, skinny=464
  babysteps: sieved |E_R|=22341 of dense 43004 (ratio 0.520, rho=0.519); skinny 2483; plain HH shortest-vector baseline 4619

Trial 4: N=6329344505459497 (53 bits), p=56645263, q=111736519
  m=1155 (primes<= 11), m0=1, X=m*m0=1155, S=[7, 11], t=2, M=77, rho=0.519, Y=2.000
  lambda0~2026.8, Lambda_R=28665, Lambda_S=1657, L*=57408
  RESULT: factor 56645263  via collision mod p (multipoint gcd)  (0.1s)
  oracle (correct candidate): branch=regular, i in [0,2Lambda]=True, i==Q(k_p) mod ell=True, e* in E_R=True, alpha^e*==giant mod p=True
  giantsteps: regular=1104, skinny=336
  babysteps: sieved |E_R|=29823 of dense 57408 (ratio 0.519, rho=0.519); skinny 3315; plain HH shortest-vector baseline 6167

Trial 5: N=5097778102068497 (53 bits), p=41534833, q=122735009
  m=1155 (primes<= 11), m0=1, X=m*m0=1155, S=[7, 11], t=2, M=77, rho=0.519, Y=2.000
  lambda0~1818.9, Lambda_R=25726, Lambda_S=1488, L*=51530
  RESULT: factor 41534833  via collision mod p (multipoint gcd)  (0.1s)
  oracle (correct candidate): branch=regular, i in [0,2Lambda]=True, i==Q(k_p) mod ell=True, e* in E_R=True, alpha^e*==giant mod p=True
  giantsteps: regular=976, skinny=464
  babysteps: sieved |E_R|=26770 of dense 51530 (ratio 0.520, rho=0.519); skinny 2977; plain HH shortest-vector baseline 5535

Trial 6: N=7232553089800991 (53 bits), p=55764389, q=129698419
  m=1155 (primes<= 11), m0=1, X=m*m0=1155, S=[7, 11], t=2, M=77, rho=0.519, Y=2.000
  lambda0~2166.6, Lambda_R=30642, Lambda_S=1771, L*=61362
  RESULT: factor 55764389  via collision mod p (multipoint gcd)  (0.1s)
  oracle (correct candidate): branch=regular, i in [0,2Lambda]=True, i==Q(k_p) mod ell=True, e* in E_R=True, alpha^e*==giant mod p=True
  giantsteps: regular=1072, skinny=368
  babysteps: sieved |E_R|=31877 of dense 61362 (ratio 0.519, rho=0.519); skinny 3543; plain HH shortest-vector baseline 6591

Trial 7: N=2677985054743501 (52 bits), p=49388873, q=54222437
  m=1155 (primes<= 11), m0=1, X=m*m0=1155, S=[7, 11], t=2, M=77, rho=0.519, Y=2.000
  lambda0~1318.4, Lambda_R=18647, Lambda_S=1079, L*=37372
  RESULT: factor 49388873  via collision mod p (multipoint gcd)  (0.1s)
  oracle (correct candidate): branch=regular, i in [0,2Lambda]=True, i==Q(k_p) mod ell=True, e* in E_R=True, alpha^e*==giant mod p=True
  giantsteps: regular=1120, skinny=320
  babysteps: sieved |E_R|=19415 of dense 37372 (ratio 0.520, rho=0.519); skinny 2159; plain HH shortest-vector baseline 4013

Trial 8: N=4309924405980673 (52 bits), p=34039813, q=126614221
  m=1155 (primes<= 11), m0=1, X=m*m0=1155, S=[7, 11], t=2, M=77, rho=0.519, Y=2.000
  lambda0~1672.5, Lambda_R=23655, Lambda_S=1368, L*=47388
  RESULT: factor 126614221  via collision mod p (multipoint gcd)  (0.1s)
  oracle (correct candidate): branch=regular, i in [0,2Lambda]=True, i==Q(k_p) mod ell=True, e* in E_R=True, alpha^e*==giant mod p=True
  giantsteps: regular=1104, skinny=336
  babysteps: sieved |E_R|=24618 of dense 47388 (ratio 0.519, rho=0.519); skinny 2737; plain HH shortest-vector baseline 5089

Trial 9: N=5752145833477937 (53 bits), p=54615241, q=105321257
  m=1155 (primes<= 11), m0=1, X=m*m0=1155, S=[7, 11], t=2, M=77, rho=0.519, Y=2.000
  lambda0~1932.2, Lambda_R=27327, Lambda_S=1580, L*=54732
  RESULT: factor 54615241  via collision mod p (multipoint gcd)  (0.1s)
  oracle (correct candidate): branch=regular, i in [0,2Lambda]=True, i==Q(k_p) mod ell=True, e* in E_R=True, alpha^e*==giant mod p=True
  giantsteps: regular=1072, skinny=368
  babysteps: sieved |E_R|=28432 of dense 54732 (ratio 0.519, rho=0.519); skinny 3161; plain HH shortest-vector baseline 5879

Trial 10: N=7098637565452361 (53 bits), p=53887957, q=131729573
  m=1155 (primes<= 11), m0=1, X=m*m0=1155, S=[7, 11], t=2, M=77, rho=0.519, Y=2.000
  lambda0~2146.4, Lambda_R=30357, Lambda_S=1755, L*=60792
  RESULT: factor 131729573  via collision mod p (multipoint gcd)  (0.1s)
  oracle (correct candidate): branch=regular, i in [0,2Lambda]=True, i==Q(k_p) mod ell=True, e* in E_R=True, alpha^e*==giant mod p=True
  giantsteps: regular=1168, skinny=272
  babysteps: sieved |E_R|=31581 of dense 60792 (ratio 0.519, rho=0.519); skinny 3511; plain HH shortest-vector baseline 6529

Trial 11: N=3938282795213903 (52 bits), p=58822031, q=66952513
  m=1155 (primes<= 11), m0=1, X=m*m0=1155, S=[7, 11], t=2, M=77, rho=0.519, Y=2.000
  lambda0~1598.7, Lambda_R=22612, Lambda_S=1308, L*=45302
  RESULT: factor 66952513  via collision mod p (multipoint gcd)  (0.1s)
  oracle (correct candidate): branch=regular, i in [0,2Lambda]=True, i==Q(k_p) mod ell=True, e* in E_R=True, alpha^e*==giant mod p=True
  giantsteps: regular=1072, skinny=368
  babysteps: sieved |E_R|=23535 of dense 45302 (ratio 0.520, rho=0.519); skinny 2617; plain HH shortest-vector baseline 4865

Trial 12: N=3641277467517247 (52 bits), p=53714201, q=67789847
  m=1155 (primes<= 11), m0=1, X=m*m0=1155, S=[7, 11], t=2, M=77, rho=0.519, Y=2.000
  lambda0~1537.3, Lambda_R=21743, Lambda_S=1258, L*=43564
  RESULT: factor 53714201  via collision mod p (multipoint gcd)  (0.1s)
  oracle (correct candidate): branch=regular, i in [0,2Lambda]=True, i==Q(k_p) mod ell=True, e* in E_R=True, alpha^e*==giant mod p=True
  giantsteps: regular=1184, skinny=256
  babysteps: sieved |E_R|=22631 of dense 43564 (ratio 0.519, rho=0.519); skinny 2517; plain HH shortest-vector baseline 4679

Trial 13: N=3952152693505883 (52 bits), p=35361083, q=111765601
  m=1155 (primes<= 11), m0=1, X=m*m0=1155, S=[7, 11], t=2, M=77, rho=0.519, Y=2.000
  lambda0~1601.6, Lambda_R=22652, Lambda_S=1310, L*=45382
  RESULT: factor 111765601  via collision mod p (multipoint gcd)  (0.1s)
  oracle (correct candidate): branch=regular, i in [0,2Lambda]=True, i==Q(k_p) mod ell=True, e* in E_R=True, alpha^e*==giant mod p=True
  giantsteps: regular=1072, skinny=368
  babysteps: sieved |E_R|=23576 of dense 45382 (ratio 0.520, rho=0.519); skinny 2621; plain HH shortest-vector baseline 4873

Trial 14: N=5513740700863783 (53 bits), p=55161203, q=99956861
  m=1155 (primes<= 11), m0=1, X=m*m0=1155, S=[7, 11], t=2, M=77, rho=0.519, Y=2.000
  lambda0~1891.7, Lambda_R=26755, Lambda_S=1547, L*=53588
  RESULT: factor 99956861  via collision mod p (multipoint gcd)  (0.1s)
  oracle (correct candidate): branch=regular, i in [0,2Lambda]=True, i==Q(k_p) mod ell=True, e* in E_R=True, alpha^e*==giant mod p=True
  giantsteps: regular=1040, skinny=400
  babysteps: sieved |E_R|=27839 of dense 53588 (ratio 0.520, rho=0.519); skinny 3095; plain HH shortest-vector baseline 5755

Trial 15: N=4988191995894361 (53 bits), p=62977021, q=79206541
  m=1155 (primes<= 11), m0=1, X=m*m0=1155, S=[7, 11], t=2, M=77, rho=0.519, Y=2.000
  lambda0~1799.3, Lambda_R=25448, Lambda_S=1472, L*=50974
  RESULT: factor 79206541  via collision mod p (multipoint gcd)  (0.1s)
  oracle (correct candidate): branch=regular, i in [0,2Lambda]=True, i==Q(k_p) mod ell=True, e* in E_R=True, alpha^e*==giant mod p=True
  giantsteps: regular=976, skinny=464
  babysteps: sieved |E_R|=26480 of dense 50974 (ratio 0.519, rho=0.519); skinny 2945; plain HH shortest-vector baseline 5475

Trial 16: N=7164723652418249 (53 bits), p=56725969, q=126304121
  m=1155 (primes<= 11), m0=1, X=m*m0=1155, S=[7, 11], t=2, M=77, rho=0.519, Y=2.000
  lambda0~2156.4, Lambda_R=30498, Lambda_S=1763, L*=61074
  RESULT: factor 126304121  via collision mod p (multipoint gcd)  (0.1s)
  oracle (correct candidate): branch=regular, i in [0,2Lambda]=True, i==Q(k_p) mod ell=True, e* in E_R=True, alpha^e*==giant mod p=True
  giantsteps: regular=1120, skinny=320
  babysteps: sieved |E_R|=31727 of dense 61074 (ratio 0.519, rho=0.519); skinny 3527; plain HH shortest-vector baseline 6559

Trial 17: N=1602515428566317 (51 bits), p=35723267, q=44859151
  m=1155 (primes<= 11), m0=1, X=m*m0=1155, S=[7, 11], t=2, M=77, rho=0.519, Y=2.000
  lambda0~1019.8, Lambda_R=14425, Lambda_S=835, L*=28928
  RESULT: factor 44859151  via Lemma 3.11 certification  (0.0s)

Trial 18: N=3361859169125857 (52 bits), p=35912939, q=93611363
  m=1155 (primes<= 11), m0=1, X=m*m0=1155, S=[7, 11], t=2, M=77, rho=0.519, Y=2.000
  lambda0~1477.1, Lambda_R=20892, Lambda_S=1209, L*=41862
  RESULT: factor 35912939  via collision mod p (multipoint gcd)  (0.1s)
  oracle (correct candidate): branch=regular, i in [0,2Lambda]=True, i==Q(k_p) mod ell=True, e* in E_R=True, alpha^e*==giant mod p=True
  giantsteps: regular=1104, skinny=336
  babysteps: sieved |E_R|=21746 of dense 41862 (ratio 0.519, rho=0.519); skinny 2419; plain HH shortest-vector baseline 4495

Trial 19: N=5349823177053527 (53 bits), p=65578613, q=81578779
  m=1155 (primes<= 11), m0=1, X=m*m0=1155, S=[7, 11], t=2, M=77, rho=0.519, Y=2.000
  lambda0~1863.4, Lambda_R=26354, Lambda_S=1524, L*=52786
  RESULT: factor 65578613  via collision mod p (multipoint gcd)  (0.1s)
  oracle (correct candidate): branch=regular, i in [0,2Lambda]=True, i==Q(k_p) mod ell=True, e* in E_R=True, alpha^e*==giant mod p=True
  giantsteps: regular=944, skinny=496
  babysteps: sieved |E_R|=27421 of dense 52786 (ratio 0.519, rho=0.519); skinny 3049; plain HH shortest-vector baseline 5669

Trial 20: N=2796618218703121 (52 bits), p=45050333, q=62077637
  m=1155 (primes<= 11), m0=1, X=m*m0=1155, S=[7, 11], t=2, M=77, rho=0.519, Y=2.000
  lambda0~1347.2, Lambda_R=19055, Lambda_S=1103, L*=38188
  RESULT: factor 62077637  via collision mod p (multipoint gcd)  (0.1s)
  oracle (correct candidate): branch=regular, i in [0,2Lambda]=True, i==Q(k_p) mod ell=True, e* in E_R=True, alpha^e*==giant mod p=True
  giantsteps: regular=1136, skinny=304
  babysteps: sieved |E_R|=19839 of dense 38188 (ratio 0.520, rho=0.519); skinny 2207; plain HH shortest-vector baseline 4101

Trial 21: N=6642419765067811 (53 bits), p=59444837, q=111740903
  m=1155 (primes<= 11), m0=1, X=m*m0=1155, S=[7, 11], t=2, M=77, rho=0.519, Y=2.000
  lambda0~2076.3, Lambda_R=29366, Lambda_S=1698, L*=58810
  RESULT: factor 59444837  via collision mod p (multipoint gcd)  (0.1s)
  oracle (correct candidate): branch=regular, i in [0,2Lambda]=True, i==Q(k_p) mod ell=True, e* in E_R=True, alpha^e*==giant mod p=True
  giantsteps: regular=1136, skinny=304
  babysteps: sieved |E_R|=30551 of dense 58810 (ratio 0.519, rho=0.519); skinny 3397; plain HH shortest-vector baseline 6317

Trial 22: N=7644716679347753 (53 bits), p=57769631, q=132331063
  m=1155 (primes<= 11), m0=1, X=m*m0=1155, S=[7, 11], t=2, M=77, rho=0.519, Y=2.000
  lambda0~2227.4, Lambda_R=31503, Lambda_S=1821, L*=63084
  RESULT: factor 57769631  via collision mod p (multipoint gcd)  (0.1s)
  oracle (correct candidate): branch=regular, i in [0,2Lambda]=True, i==Q(k_p) mod ell=True, e* in E_R=True, alpha^e*==giant mod p=True
  giantsteps: regular=1072, skinny=368
  babysteps: sieved |E_R|=32772 of dense 63084 (ratio 0.519, rho=0.519); skinny 3643; plain HH shortest-vector baseline 6775

Trial 23: N=4057003391158609 (52 bits), p=59071777, q=68679217
  m=1155 (primes<= 11), m0=1, X=m*m0=1155, S=[7, 11], t=2, M=77, rho=0.519, Y=2.000
  lambda0~1622.7, Lambda_R=22950, Lambda_S=1327, L*=45978
  RESULT: factor 68679217  via collision mod p (multipoint gcd)  (0.1s)
  oracle (correct candidate): branch=skinny, i in [0,2Lambda]=True, i==Q(k_p) mod ell=True, e* in E_R=None, alpha^e*==giant mod p=True
  giantsteps: regular=1088, skinny=352
  babysteps: sieved |E_R|=23885 of dense 45978 (ratio 0.519, rho=0.519); skinny 2655; plain HH shortest-vector baseline 4937

Trial 24: N=7011891783133229 (53 bits), p=55402723, q=126562223
  m=1155 (primes<= 11), m0=1, X=m*m0=1155, S=[7, 11], t=2, M=77, rho=0.519, Y=2.000
  lambda0~2133.3, Lambda_R=30171, Lambda_S=1744, L*=60420
  RESULT: factor 126562223  via collision mod p (multipoint gcd)  (0.1s)
  oracle (correct candidate): branch=regular, i in [0,2Lambda]=True, i==Q(k_p) mod ell=True, e* in E_R=True, alpha^e*==giant mod p=True
  giantsteps: regular=1168, skinny=272
  babysteps: sieved |E_R|=31387 of dense 60420 (ratio 0.519, rho=0.519); skinny 3489; plain HH shortest-vector baseline 6489

Trial 25: N=4761905292871693 (53 bits), p=40844431, q=116586403
  m=1155 (primes<= 11), m0=1, X=m*m0=1155, S=[7, 11], t=2, M=77, rho=0.519, Y=2.000
  lambda0~1758.0, Lambda_R=24864, Lambda_S=1438, L*=49806
  RESULT: factor 40844431  via Lemma 3.11 certification  (0.0s)

25/25 factored.

Trial 1: N=2512372296996119 (52 bits), p=34884341, q=72020059
  m=1155 (primes<= 11), m0=1, X=m*m0=1155, S=[7, 11], t=2, M=77, rho=0.519, Y=2.000
  lambda0~1276.9, Lambda_R=18061, Lambda_S=1045, L*=36200
  RESULT: factor 72020059  via collision mod p (multipoint gcd)  (0.1s)
  oracle (correct candidate): branch=regular, i in [0,2Lambda]=True, i==Q(k_p) mod ell=True, e* in E_R=True, alpha^e*==giant mod p=True
  giantsteps: regular=1008, skinny=432
  babysteps: sieved |E_R|=18806 of dense 36200 (ratio 0.520, rho=0.519); skinny 2091; plain HH shortest-vector baseline 3887

Trial 2: N=2160160347818413 (51 bits), p=35275081, q=61237573
  m=1155 (primes<= 11), m0=1, X=m*m0=1155, S=[7, 11], t=2, M=77, rho=0.519, Y=2.000
  lambda0~1184.0, Lambda_R=16747, Lambda_S=969, L*=33572
  RESULT: factor 35275081  via collision mod p (multipoint gcd)  (0.1s)
  oracle (correct candidate): branch=skinny, i in [0,2Lambda]=True, i==Q(k_p) mod ell=True, e* in E_R=None, alpha^e*==giant mod p=True
  giantsteps: regular=1184, skinny=256
  babysteps: sieved |E_R|=17440 of dense 33572 (ratio 0.519, rho=0.519); skinny 1939; plain HH shortest-vector baseline 3605

Trial 3: N=6974350145666513 (53 bits), p=56197129, q=124105097
  m=1155 (primes<= 11), m0=1, X=m*m0=1155, S=[7, 11], t=2, M=77, rho=0.519, Y=2.000
  lambda0~2127.5, Lambda_R=30091, Lambda_S=1740, L*=60260
  RESULT: factor 56197129  via collision mod p (multipoint gcd)  (0.1s)
  oracle (correct candidate): branch=skinny, i in [0,2Lambda]=True, i==Q(k_p) mod ell=True, e* in E_R=None, alpha^e*==giant mod p=True
  giantsteps: regular=1168, skinny=272
  babysteps: sieved |E_R|=31304 of dense 60260 (ratio 0.519, rho=0.519); skinny 3481; plain HH shortest-vector baseline 6473

Trial 4: N=4960201508358709 (53 bits), p=45485729, q=109049621
  m=1155 (primes<= 11), m0=1, X=m*m0=1155, S=[7, 11], t=2, M=77, rho=0.519, Y=2.000
  lambda0~1794.2, Lambda_R=25377, Lambda_S=1467, L*=50832
  RESULT: factor 109049621  via collision mod p (multipoint gcd)  (0.1s)
  oracle (correct candidate): branch=regular, i in [0,2Lambda]=True, i==Q(k_p) mod ell=True, e* in E_R=True, alpha^e*==giant mod p=True
  giantsteps: regular=1136, skinny=304
  babysteps: sieved |E_R|=26407 of dense 50832 (ratio 0.519, rho=0.519); skinny 2935; plain HH shortest-vector baseline 5459

Trial 5: N=5938317029016481 (53 bits), p=53703583, q=110575807
  m=1155 (primes<= 11), m0=1, X=m*m0=1155, S=[7, 11], t=2, M=77, rho=0.519, Y=2.000
  lambda0~1963.2, Lambda_R=27766, Lambda_S=1605, L*=55610
  RESULT: factor 110575807  via collision mod p (multipoint gcd)  (0.1s)
  oracle (correct candidate): branch=regular, i in [0,2Lambda]=True, i==Q(k_p) mod ell=True, e* in E_R=True, alpha^e*==giant mod p=True
  giantsteps: regular=1136, skinny=304
  babysteps: sieved |E_R|=28889 of dense 55610 (ratio 0.519, rho=0.519); skinny 3211; plain HH shortest-vector baseline 5973

Trial 6: N=6390455022848327 (53 bits), p=52373987, q=122015821
  m=1155 (primes<= 11), m0=1, X=m*m0=1155, S=[7, 11], t=2, M=77, rho=0.519, Y=2.000
  lambda0~2036.5, Lambda_R=28804, Lambda_S=1665, L*=57686
  RESULT: factor 52373987  via collision mod p (multipoint gcd)  (0.1s)
  oracle (correct candidate): branch=regular, i in [0,2Lambda]=True, i==Q(k_p) mod ell=True, e* in E_R=True, alpha^e*==giant mod p=True
  giantsteps: regular=944, skinny=496
  babysteps: sieved |E_R|=29967 of dense 57686 (ratio 0.519, rho=0.519); skinny 3331; plain HH shortest-vector baseline 6195

Trial 7: N=3128625354511187 (52 bits), p=40331047, q=77573621
  m=1155 (primes<= 11), m0=1, X=m*m0=1155, S=[7, 11], t=2, M=77, rho=0.519, Y=2.000
  lambda0~1425.0, Lambda_R=20155, Lambda_S=1166, L*=40388
  RESULT: factor 77573621  via collision mod p (multipoint gcd)  (0.1s)
  oracle (correct candidate): branch=regular, i in [0,2Lambda]=True, i==Q(k_p) mod ell=True, e* in E_R=True, alpha^e*==giant mod p=True
  giantsteps: regular=1072, skinny=368
  babysteps: sieved |E_R|=20981 of dense 40388 (ratio 0.519, rho=0.519); skinny 2333; plain HH shortest-vector baseline 4337

Trial 8: N=5720325579103153 (53 bits), p=52948657, q=108035329
  m=1155 (primes<= 11), m0=1, X=m*m0=1155, S=[7, 11], t=2, M=77, rho=0.519, Y=2.000
  lambda0~1926.8, Lambda_R=27252, Lambda_S=1576, L*=54582
  RESULT: factor 52948657  via collision mod p (multipoint gcd)  (0.1s)
  oracle (correct candidate): branch=regular, i in [0,2Lambda]=True, i==Q(k_p) mod ell=True, e* in E_R=True, alpha^e*==giant mod p=True
  giantsteps: regular=1104, skinny=336
  babysteps: sieved |E_R|=28355 of dense 54582 (ratio 0.519, rho=0.519); skinny 3153; plain HH shortest-vector baseline 5863

Trial 9: N=4457221174773919 (52 bits), p=64074559, q=69563041
  m=1155 (primes<= 11), m0=1, X=m*m0=1155, S=[7, 11], t=2, M=77, rho=0.519, Y=2.000
  lambda0~1700.8, Lambda_R=24056, Lambda_S=1391, L*=48190
  RESULT: factor 69563041  via collision mod p (multipoint gcd)  (0.1s)
  oracle (correct candidate): branch=regular, i in [0,2Lambda]=True, i==Q(k_p) mod ell=True, e* in E_R=True, alpha^e*==giant mod p=True
  giantsteps: regular=1120, skinny=320
  babysteps: sieved |E_R|=25035 of dense 48190 (ratio 0.520, rho=0.519); skinny 2783; plain HH shortest-vector baseline 5175

Trial 10: N=8158209723469381 (53 bits), p=66567877, q=122554753
  m=1155 (primes<= 11), m0=1, X=m*m0=1155, S=[7, 11], t=2, M=77, rho=0.519, Y=2.000
  lambda0~2301.0, Lambda_R=32544, Lambda_S=1881, L*=65166
  RESULT: factor 122554753  via collision mod p (multipoint gcd)  (0.1s)
  oracle (correct candidate): branch=regular, i in [0,2Lambda]=True, i==Q(k_p) mod ell=True, e* in E_R=True, alpha^e*==giant mod p=True
  giantsteps: regular=976, skinny=464
  babysteps: sieved |E_R|=33854 of dense 65166 (ratio 0.520, rho=0.519); skinny 3763; plain HH shortest-vector baseline 6999

Trial 11: N=4183592389714687 (52 bits), p=43063877, q=97148531
  m=1155 (primes<= 11), m0=1, X=m*m0=1155, S=[7, 11], t=2, M=77, rho=0.519, Y=2.000
  lambda0~1647.8, Lambda_R=23306, Lambda_S=1348, L*=46690
  RESULT: factor 43063877  via collision mod p (multipoint gcd)  (0.1s)
  oracle (correct candidate): branch=regular, i in [0,2Lambda]=True, i==Q(k_p) mod ell=True, e* in E_R=True, alpha^e*==giant mod p=True
  giantsteps: regular=1040, skinny=400
  babysteps: sieved |E_R|=24256 of dense 46690 (ratio 0.520, rho=0.519); skinny 2697; plain HH shortest-vector baseline 5015

Trial 12: N=8304233607215939 (53 bits), p=66725539, q=124453601
  m=1155 (primes<= 11), m0=1, X=m*m0=1155, S=[7, 11], t=2, M=77, rho=0.519, Y=2.000
  lambda0~2321.5, Lambda_R=32834, Lambda_S=1898, L*=65746
  RESULT: factor 124453601  via collision mod p (multipoint gcd)  (0.1s)
  oracle (correct candidate): branch=skinny, i in [0,2Lambda]=True, i==Q(k_p) mod ell=True, e* in E_R=None, alpha^e*==giant mod p=True
  giantsteps: regular=1072, skinny=368
  babysteps: sieved |E_R|=34155 of dense 65746 (ratio 0.519, rho=0.519); skinny 3797; plain HH shortest-vector baseline 7061

Trial 13: N=5940862788743059 (53 bits), p=47709121, q=124522579
  m=1155 (primes<= 11), m0=1, X=m*m0=1155, S=[7, 11], t=2, M=77, rho=0.519, Y=2.000
  lambda0~1963.6, Lambda_R=27772, Lambda_S=1606, L*=55622
  RESULT: factor 124522579  via collision mod p (multipoint gcd)  (0.1s)
  oracle (correct candidate): branch=regular, i in [0,2Lambda]=True, i==Q(k_p) mod ell=True, e* in E_R=True, alpha^e*==giant mod p=True
  giantsteps: regular=976, skinny=464
  babysteps: sieved |E_R|=28896 of dense 55622 (ratio 0.520, rho=0.519); skinny 3213; plain HH shortest-vector baseline 5975

Trial 14: N=6702855137922721 (53 bits), p=56142577, q=119389873
  m=1155 (primes<= 11), m0=1, X=m*m0=1155, S=[7, 11], t=2, M=77, rho=0.519, Y=2.000
  lambda0~2085.7, Lambda_R=29499, Lambda_S=1705, L*=59076
  RESULT: factor 119389873  via collision mod p (multipoint gcd)  (0.1s)
  oracle (correct candidate): branch=skinny, i in [0,2Lambda]=True, i==Q(k_p) mod ell=True, e* in E_R=None, alpha^e*==giant mod p=True
  giantsteps: regular=1136, skinny=304
  babysteps: sieved |E_R|=30690 of dense 59076 (ratio 0.520, rho=0.519); skinny 3411; plain HH shortest-vector baseline 6345

Trial 15: N=6128708272553689 (53 bits), p=56272837, q=108910597
  m=1155 (primes<= 11), m0=1, X=m*m0=1155, S=[7, 11], t=2, M=77, rho=0.519, Y=2.000
  lambda0~1994.4, Lambda_R=28208, Lambda_S=1631, L*=56494
  RESULT: factor 108910597  via collision mod p (multipoint gcd)  (0.1s)
  oracle (correct candidate): branch=regular, i in [0,2Lambda]=True, i==Q(k_p) mod ell=True, e* in E_R=True, alpha^e*==giant mod p=True
  giantsteps: regular=976, skinny=464
  babysteps: sieved |E_R|=29347 of dense 56494 (ratio 0.519, rho=0.519); skinny 3263; plain HH shortest-vector baseline 6067

Trial 16: N=3928838846704747 (52 bits), p=42119723, q=93277889
  m=1155 (primes<= 11), m0=1, X=m*m0=1155, S=[7, 11], t=2, M=77, rho=0.519, Y=2.000
  lambda0~1596.8, Lambda_R=22585, Lambda_S=1306, L*=45248
  RESULT: factor 42119723  via collision mod p (multipoint gcd)  (0.1s)
  oracle (correct candidate): branch=regular, i in [0,2Lambda]=True, i==Q(k_p) mod ell=True, e* in E_R=True, alpha^e*==giant mod p=True
  giantsteps: regular=1184, skinny=256
  babysteps: sieved |E_R|=23505 of dense 45248 (ratio 0.519, rho=0.519); skinny 2613; plain HH shortest-vector baseline 4859

Trial 17: N=3414637614269363 (52 bits), p=58108387, q=58763249
  m=1155 (primes<= 11), m0=1, X=m*m0=1155, S=[7, 11], t=2, M=77, rho=0.519, Y=2.000
  lambda0~1488.7, Lambda_R=21056, Lambda_S=1218, L*=42190
  RESULT: factor 58108387  via collision mod p (multipoint gcd)  (0.1s)
  oracle (correct candidate): branch=skinny, i in [0,2Lambda]=True, i==Q(k_p) mod ell=True, e* in E_R=None, alpha^e*==giant mod p=True
  giantsteps: regular=1072, skinny=368
  babysteps: sieved |E_R|=21918 of dense 42190 (ratio 0.520, rho=0.519); skinny 2437; plain HH shortest-vector baseline 4531

Trial 18: N=8008067696872807 (53 bits), p=66051863, q=121239089
  m=1155 (primes<= 11), m0=1, X=m*m0=1155, S=[7, 11], t=2, M=77, rho=0.519, Y=2.000
  lambda0~2279.8, Lambda_R=32243, Lambda_S=1864, L*=64564
  RESULT: factor 66051863  via collision mod p (multipoint gcd)  (0.1s)
  oracle (correct candidate): branch=regular, i in [0,2Lambda]=True, i==Q(k_p) mod ell=True, e* in E_R=True, alpha^e*==giant mod p=True
  giantsteps: regular=1104, skinny=336
  babysteps: sieved |E_R|=33541 of dense 64564 (ratio 0.520, rho=0.519); skinny 3729; plain HH shortest-vector baseline 6935

Trial 19: N=6910244802631127 (53 bits), p=57498241, q=120181847
  m=1155 (primes<= 11), m0=1, X=m*m0=1155, S=[7, 11], t=2, M=77, rho=0.519, Y=2.000
  lambda0~2117.7, Lambda_R=29952, Lambda_S=1732, L*=59982
  RESULT: factor 57498241  via collision mod p (multipoint gcd)  (0.1s)
  oracle (correct candidate): branch=regular, i in [0,2Lambda]=True, i==Q(k_p) mod ell=True, e* in E_R=True, alpha^e*==giant mod p=True
  giantsteps: regular=1072, skinny=368
  babysteps: sieved |E_R|=31160 of dense 59982 (ratio 0.519, rho=0.519); skinny 3465; plain HH shortest-vector baseline 6443

Trial 20: N=6450769219330367 (53 bits), p=62639411, q=102982597
  m=1155 (primes<= 11), m0=1, X=m*m0=1155, S=[7, 11], t=2, M=77, rho=0.519, Y=2.000
  lambda0~2046.1, Lambda_R=28939, Lambda_S=1673, L*=57956
  RESULT: factor 102982597  via collision mod p (multipoint gcd)  (0.1s)
  oracle (correct candidate): branch=regular, i in [0,2Lambda]=True, i==Q(k_p) mod ell=True, e* in E_R=True, alpha^e*==giant mod p=True
  giantsteps: regular=944, skinny=496
  babysteps: sieved |E_R|=30107 of dense 57956 (ratio 0.519, rho=0.519); skinny 3347; plain HH shortest-vector baseline 6225

Trial 21: N=7899174864739553 (53 bits), p=65708347, q=120215699
  m=1155 (primes<= 11), m0=1, X=m*m0=1155, S=[7, 11], t=2, M=77, rho=0.519, Y=2.000
  lambda0~2264.2, Lambda_R=32023, Lambda_S=1851, L*=64124
  RESULT: factor 120215699  via collision mod p (multipoint gcd)  (0.1s)
  oracle (correct candidate): branch=skinny, i in [0,2Lambda]=True, i==Q(k_p) mod ell=True, e* in E_R=None, alpha^e*==giant mod p=True
  giantsteps: regular=976, skinny=464
  babysteps: sieved |E_R|=33311 of dense 64124 (ratio 0.519, rho=0.519); skinny 3703; plain HH shortest-vector baseline 6887

Trial 22: N=5738511297941809 (53 bits), p=66426751, q=86388559
  m=1155 (primes<= 11), m0=1, X=m*m0=1155, S=[7, 11], t=2, M=77, rho=0.519, Y=2.000
  lambda0~1929.9, Lambda_R=27295, Lambda_S=1578, L*=54668
  RESULT: factor 66426751  via collision mod p (multipoint gcd)  (0.1s)
  oracle (correct candidate): branch=regular, i in [0,2Lambda]=True, i==Q(k_p) mod ell=True, e* in E_R=True, alpha^e*==giant mod p=True
  giantsteps: regular=1136, skinny=304
  babysteps: sieved |E_R|=28400 of dense 54668 (ratio 0.519, rho=0.519); skinny 3157; plain HH shortest-vector baseline 5871

Trial 23: N=6783714243255077 (53 bits), p=52952687, q=128108971
  m=1155 (primes<= 11), m0=1, X=m*m0=1155, S=[7, 11], t=2, M=77, rho=0.519, Y=2.000
  lambda0~2098.3, Lambda_R=29676, Lambda_S=1716, L*=59430
  RESULT: factor 128108971  via collision mod p (multipoint gcd)  (0.1s)
  oracle (correct candidate): branch=skinny, i in [0,2Lambda]=True, i==Q(k_p) mod ell=True, e* in E_R=None, alpha^e*==giant mod p=True
  giantsteps: regular=944, skinny=496
  babysteps: sieved |E_R|=30873 of dense 59430 (ratio 0.519, rho=0.519); skinny 3433; plain HH shortest-vector baseline 6383

Trial 24: N=2701669130559731 (52 bits), p=35436931, q=76238801
  m=1155 (primes<= 11), m0=1, X=m*m0=1155, S=[7, 11], t=2, M=77, rho=0.519, Y=2.000
  lambda0~1324.2, Lambda_R=18729, Lambda_S=1084, L*=37536
  RESULT: factor 76238801  via collision mod p (multipoint gcd)  (0.1s)
  oracle (correct candidate): branch=skinny, i in [0,2Lambda]=True, i==Q(k_p) mod ell=True, e* in E_R=None, alpha^e*==giant mod p=True
  giantsteps: regular=1008, skinny=432
  babysteps: sieved |E_R|=19500 of dense 37536 (ratio 0.520, rho=0.519); skinny 2169; plain HH shortest-vector baseline 4031

Trial 25: N=6160990517432701 (53 bits), p=47781623, q=128940587
  m=1155 (primes<= 11), m0=1, X=m*m0=1155, S=[7, 11], t=2, M=77, rho=0.519, Y=2.000
  lambda0~1999.6, Lambda_R=28282, Lambda_S=1635, L*=56642
  RESULT: factor 47781623  via collision mod p (multipoint gcd)  (0.1s)
  oracle (correct candidate): branch=skinny, i in [0,2Lambda]=True, i==Q(k_p) mod ell=True, e* in E_R=None, alpha^e*==giant mod p=True
  giantsteps: regular=1088, skinny=352
  babysteps: sieved |E_R|=29424 of dense 56642 (ratio 0.519, rho=0.519); skinny 3271; plain HH shortest-vector baseline 6083

25/25 factored.

Trial 1: N=1507389998972413 (51 bits), p=35500939, q=42460567
  m=1155 (primes<= 11), m0=1, X=m*m0=1155, S=[7, 11], t=2, M=77, rho=0.519, Y=2.000
  lambda0~989.1, Lambda_R=13990, Lambda_S=810, L*=28058
  RESULT: factor 35500939  via collision mod p (multipoint gcd)  (0.1s)
  oracle (correct candidate): branch=regular, i in [0,2Lambda]=True, i==Q(k_p) mod ell=True, e* in E_R=True, alpha^e*==giant mod p=True
  giantsteps: regular=1184, skinny=256
  babysteps: sieved |E_R|=14577 of dense 28058 (ratio 0.520, rho=0.519); skinny 1621; plain HH shortest-vector baseline 3013

Trial 2: N=3777800771937349 (52 bits), p=44265289, q=85344541
  m=1155 (primes<= 11), m0=1, X=m*m0=1155, S=[7, 11], t=2, M=77, rho=0.519, Y=2.000
  lambda0~1565.8, Lambda_R=22147, Lambda_S=1281, L*=44372
  RESULT: factor 44265289  via collision mod p (multipoint gcd)  (0.1s)
  oracle (correct candidate): branch=regular, i in [0,2Lambda]=True, i==Q(k_p) mod ell=True, e* in E_R=True, alpha^e*==giant mod p=True
  giantsteps: regular=1088, skinny=352
  babysteps: sieved |E_R|=23051 of dense 44372 (ratio 0.519, rho=0.519); skinny 2563; plain HH shortest-vector baseline 4765

Trial 3: N=4495700070896087 (52 bits), p=65848451, q=68273437
  m=1155 (primes<= 11), m0=1, X=m*m0=1155, S=[7, 11], t=2, M=77, rho=0.519, Y=2.000
  lambda0~1708.1, Lambda_R=24159, Lambda_S=1397, L*=48396
  RESULT: factor 65848451  via collision mod p (multipoint gcd)  (0.1s)
  oracle (correct candidate): branch=regular, i in [0,2Lambda]=True, i==Q(k_p) mod ell=True, e* in E_R=True, alpha^e*==giant mod p=True
  giantsteps: regular=1168, skinny=272
  babysteps: sieved |E_R|=25141 of dense 48396 (ratio 0.519, rho=0.519); skinny 2795; plain HH shortest-vector baseline 5197

Trial 4: N=4398338539403059 (52 bits), p=58811887, q=74786557
  m=1155 (primes<= 11), m0=1, X=m*m0=1155, S=[7, 11], t=2, M=77, rho=0.519, Y=2.000
  lambda0~1689.6, Lambda_R=23896, Lambda_S=1382, L*=47870
  RESULT: factor 74786557  via collision mod p (multipoint gcd)  (0.1s)
  oracle (correct candidate): branch=regular, i in [0,2Lambda]=True, i==Q(k_p) mod ell=True, e* in E_R=True, alpha^e*==giant mod p=True
  giantsteps: regular=1088, skinny=352
  babysteps: sieved |E_R|=24867 of dense 47870 (ratio 0.519, rho=0.519); skinny 2765; plain HH shortest-vector baseline 5141

Trial 5: N=6118580464426201 (53 bits), p=57364201, q=106662001
  m=1155 (primes<= 11), m0=1, X=m*m0=1155, S=[7, 11], t=2, M=77, rho=0.519, Y=2.000
  lambda0~1992.7, Lambda_R=28184, Lambda_S=1630, L*=56446
  RESULT: factor 106662001  via collision mod p (multipoint gcd)  (0.1s)
  oracle (correct candidate): branch=skinny, i in [0,2Lambda]=True, i==Q(k_p) mod ell=True, e* in E_R=None, alpha^e*==giant mod p=True
  giantsteps: regular=1136, skinny=304
  babysteps: sieved |E_R|=29323 of dense 56446 (ratio 0.519, rho=0.519); skinny 3261; plain HH shortest-vector baseline 6063

Trial 6: N=7067241337960963 (53 bits), p=56421143, q=125258741
  m=1155 (primes<= 11), m0=1, X=m*m0=1155, S=[7, 11], t=2, M=77, rho=0.519, Y=2.000
  lambda0~2141.7, Lambda_R=30290, Lambda_S=1751, L*=60658
  RESULT: factor 125258741  via collision mod p (multipoint gcd)  (0.1s)
  oracle (correct candidate): branch=regular, i in [0,2Lambda]=True, i==Q(k_p) mod ell=True, e* in E_R=True, alpha^e*==giant mod p=True
  giantsteps: regular=1040, skinny=400
  babysteps: sieved |E_R|=31511 of dense 60658 (ratio 0.519, rho=0.519); skinny 3503; plain HH shortest-vector baseline 6515

Trial 7: N=4303722076405069 (52 bits), p=56368729, q=76349461
  m=1155 (primes<= 11), m0=1, X=m*m0=1155, S=[7, 11], t=2, M=77, rho=0.519, Y=2.000
  lambda0~1671.3, Lambda_R=23638, Lambda_S=1367, L*=47354
  RESULT: factor 56368729  via collision mod p (multipoint gcd)  (0.1s)
  oracle (correct candidate): branch=regular, i in [0,2Lambda]=True, i==Q(k_p) mod ell=True, e* in E_R=True, alpha^e*==giant mod p=True
  giantsteps: regular=1120, skinny=320
  babysteps: sieved |E_R|=24600 of dense 47354 (ratio 0.519, rho=0.519); skinny 2735; plain HH shortest-vector baseline 5085

Trial 8: N=4585806041870611 (53 bits), p=37292881, q=122967331
  m=1155 (primes<= 11), m0=1, X=m*m0=1155, S=[7, 11], t=2, M=77, rho=0.519, Y=2.000
  lambda0~1725.2, Lambda_R=24400, Lambda_S=1411, L*=48878
  RESULT: factor 37292881  via collision mod p (multipoint gcd)  (0.1s)
  oracle (correct candidate): branch=regular, i in [0,2Lambda]=True, i==Q(k_p) mod ell=True, e* in E_R=True, alpha^e*==giant mod p=True
  giantsteps: regular=1120, skinny=320
  babysteps: sieved |E_R|=25391 of dense 48878 (ratio 0.519, rho=0.519); skinny 2823; plain HH shortest-vector baseline 5249

Trial 9: N=3790569314261797 (52 bits), p=44883809, q=84452933
  m=1155 (primes<= 11), m0=1, X=m*m0=1155, S=[7, 11], t=2, M=77, rho=0.519, Y=2.000
  lambda0~1568.5, Lambda_R=22184, Lambda_S=1283, L*=44446
  RESULT: factor 44883809  via collision mod p (multipoint gcd)  (0.1s)
  oracle (correct candidate): branch=regular, i in [0,2Lambda]=True, i==Q(k_p) mod ell=True, e* in E_R=True, alpha^e*==giant mod p=True
  giantsteps: regular=1104, skinny=336
  babysteps: sieved |E_R|=23090 of dense 44446 (ratio 0.520, rho=0.519); skinny 2567; plain HH shortest-vector baseline 4773

Trial 10: N=5917368804499003 (53 bits), p=56269357, q=105161479
  m=1155 (primes<= 11), m0=1, X=m*m0=1155, S=[7, 11], t=2, M=77, rho=0.519, Y=2.000
  lambda0~1959.7, Lambda_R=27717, Lambda_S=1603, L*=55512
  RESULT: factor 56269357  via Lemma 3.11 certification  (0.0s)

Trial 11: N=4537229765700011 (53 bits), p=53866009, q=84231779
  m=1155 (primes<= 11), m0=1, X=m*m0=1155, S=[7, 11], t=2, M=77, rho=0.519, Y=2.000
  lambda0~1716.0, Lambda_R=24271, Lambda_S=1404, L*=48620
  RESULT: factor 53866009  via collision mod p (multipoint gcd)  (0.1s)
  oracle (correct candidate): branch=regular, i in [0,2Lambda]=True, i==Q(k_p) mod ell=True, e* in E_R=True, alpha^e*==giant mod p=True
  giantsteps: regular=1072, skinny=368
  babysteps: sieved |E_R|=25258 of dense 48620 (ratio 0.519, rho=0.519); skinny 2809; plain HH shortest-vector baseline 5221

Trial 12: N=6858657567573583 (53 bits), p=61437479, q=111636377
  m=1155 (primes<= 11), m0=1, X=m*m0=1155, S=[7, 11], t=2, M=77, rho=0.519, Y=2.000
  lambda0~2109.8, Lambda_R=29840, Lambda_S=1725, L*=59758
  RESULT: factor 111636377  via collision mod p (multipoint gcd)  (0.1s)
  oracle (correct candidate): branch=regular, i in [0,2Lambda]=True, i==Q(k_p) mod ell=True, e* in E_R=True, alpha^e*==giant mod p=True
  giantsteps: regular=1104, skinny=336
  babysteps: sieved |E_R|=31043 of dense 59758 (ratio 0.519, rho=0.519); skinny 3451; plain HH shortest-vector baseline 6419

Trial 13: N=7192339088709449 (53 bits), p=61679887, q=116607527
  m=1155 (primes<= 11), m0=1, X=m*m0=1155, S=[7, 11], t=2, M=77, rho=0.519, Y=2.000
  lambda0~2160.5, Lambda_R=30557, Lambda_S=1767, L*=61192
  RESULT: factor 61679887  via collision mod p (multipoint gcd)  (0.1s)
  oracle (correct candidate): branch=skinny, i in [0,2Lambda]=True, i==Q(k_p) mod ell=True, e* in E_R=None, alpha^e*==giant mod p=True
  giantsteps: regular=1168, skinny=272
  babysteps: sieved |E_R|=31788 of dense 61192 (ratio 0.519, rho=0.519); skinny 3535; plain HH shortest-vector baseline 6573

Trial 14: N=4445831686306061 (52 bits), p=58347313, q=76195997
  m=1155 (primes<= 11), m0=1, X=m*m0=1155, S=[7, 11], t=2, M=77, rho=0.519, Y=2.000
  lambda0~1698.6, Lambda_R=24025, Lambda_S=1389, L*=48128
  RESULT: factor 58347313  via collision mod p (multipoint gcd)  (0.1s)
  oracle (correct candidate): branch=regular, i in [0,2Lambda]=True, i==Q(k_p) mod ell=True, e* in E_R=True, alpha^e*==giant mod p=True
  giantsteps: regular=1072, skinny=368
  babysteps: sieved |E_R|=25002 of dense 48128 (ratio 0.519, rho=0.519); skinny 2779; plain HH shortest-vector baseline 5169

Trial 15: N=4119869284561003 (52 bits), p=55434751, q=74319253
  m=1155 (primes<= 11), m0=1, X=m*m0=1155, S=[7, 11], t=2, M=77, rho=0.519, Y=2.000
  lambda0~1635.2, Lambda_R=23128, Lambda_S=1338, L*=46334
  RESULT: factor 55434751  via collision mod p (multipoint gcd)  (0.1s)
  oracle (correct candidate): branch=skinny, i in [0,2Lambda]=True, i==Q(k_p) mod ell=True, e* in E_R=None, alpha^e*==giant mod p=True
  giantsteps: regular=1104, skinny=336
  babysteps: sieved |E_R|=24070 of dense 46334 (ratio 0.519, rho=0.519); skinny 2677; plain HH shortest-vector baseline 4975

Trial 16: N=7879441317829973 (53 bits), p=66666631, q=118191683
  m=1155 (primes<= 11), m0=1, X=m*m0=1155, S=[7, 11], t=2, M=77, rho=0.519, Y=2.000
  lambda0~2261.4, Lambda_R=31983, Lambda_S=1849, L*=64044
  RESULT: factor 66666631  via collision mod p (multipoint gcd)  (0.1s)
  oracle (correct candidate): branch=regular, i in [0,2Lambda]=True, i==Q(k_p) mod ell=True, e* in E_R=True, alpha^e*==giant mod p=True
  giantsteps: regular=1072, skinny=368
  babysteps: sieved |E_R|=33270 of dense 64044 (ratio 0.519, rho=0.519); skinny 3699; plain HH shortest-vector baseline 6879

Trial 17: N=3648475674061667 (52 bits), p=52774301, q=69133567
  m=1155 (primes<= 11), m0=1, X=m*m0=1155, S=[7, 11], t=2, M=77, rho=0.519, Y=2.000
  lambda0~1538.8, Lambda_R=21764, Lambda_S=1259, L*=43606
  RESULT: factor 69133567  via exact match + Lemma 2.4  (0.0s)
  oracle (correct candidate): branch=regular, i in [0,2Lambda]=True, i==Q(k_p) mod ell=True, e* in E_R=True, alpha^e*==giant mod p=True
  giantsteps: regular=1168, skinny=272
  babysteps: sieved |E_R|=22654 of dense 43606 (ratio 0.520, rho=0.519); skinny 2519; plain HH shortest-vector baseline 4683

Trial 18: N=1377351926448343 (51 bits), p=36237209, q=38009327
  m=1155 (primes<= 11), m0=1, X=m*m0=1155, S=[7, 11], t=2, M=77, rho=0.519, Y=2.000
  lambda0~945.5, Lambda_R=13374, Lambda_S=774, L*=26826
  RESULT: factor 36237209  via collision mod p (multipoint gcd)  (0.1s)
  oracle (correct candidate): branch=regular, i in [0,2Lambda]=True, i==Q(k_p) mod ell=True, e* in E_R=True, alpha^e*==giant mod p=True
  giantsteps: regular=1184, skinny=256
  babysteps: sieved |E_R|=13937 of dense 26826 (ratio 0.520, rho=0.519); skinny 1549; plain HH shortest-vector baseline 2879

Trial 19: N=3704123888198183 (52 bits), p=43940579, q=84298477
  m=1155 (primes<= 11), m0=1, X=m*m0=1155, S=[7, 11], t=2, M=77, rho=0.519, Y=2.000
  lambda0~1550.5, Lambda_R=21930, Lambda_S=1268, L*=43938
  RESULT: factor 43940579  via collision mod p (multipoint gcd)  (0.1s)
  oracle (correct candidate): branch=regular, i in [0,2Lambda]=True, i==Q(k_p) mod ell=True, e* in E_R=True, alpha^e*==giant mod p=True
  giantsteps: regular=944, skinny=496
  babysteps: sieved |E_R|=22824 of dense 43938 (ratio 0.519, rho=0.519); skinny 2537; plain HH shortest-vector baseline 4719

Trial 20: N=5626043949575453 (53 bits), p=53473831, q=105211163
  m=1155 (primes<= 11), m0=1, X=m*m0=1155, S=[7, 11], t=2, M=77, rho=0.519, Y=2.000
  lambda0~1910.9, Lambda_R=27026, Lambda_S=1563, L*=54130
  RESULT: factor 53473831  via collision mod p (multipoint gcd)  (0.1s)
  oracle (correct candidate): branch=regular, i in [0,2Lambda]=True, i==Q(k_p) mod ell=True, e* in E_R=True, alpha^e*==giant mod p=True
  giantsteps: regular=976, skinny=464
  babysteps: sieved |E_R|=28120 of dense 54130 (ratio 0.519, rho=0.519); skinny 3127; plain HH shortest-vector baseline 5813

Trial 21: N=4911059070997217 (53 bits), p=53448761, q=91883497
  m=1155 (primes<= 11), m0=1, X=m*m0=1155, S=[7, 11], t=2, M=77, rho=0.519, Y=2.000
  lambda0~1785.3, Lambda_R=25251, Lambda_S=1460, L*=50580
  RESULT: factor 53448761  via collision mod p (multipoint gcd)  (0.1s)
  oracle (correct candidate): branch=skinny, i in [0,2Lambda]=True, i==Q(k_p) mod ell=True, e* in E_R=None, alpha^e*==giant mod p=True
  giantsteps: regular=976, skinny=464
  babysteps: sieved |E_R|=26276 of dense 50580 (ratio 0.519, rho=0.519); skinny 2921; plain HH shortest-vector baseline 5433

Trial 22: N=2813805098016223 (52 bits), p=48990763, q=57435421
  m=1155 (primes<= 11), m0=1, X=m*m0=1155, S=[7, 11], t=2, M=77, rho=0.519, Y=2.000
  lambda0~1351.4, Lambda_R=19114, Lambda_S=1106, L*=38306
  RESULT: factor 48990763  via collision mod p (multipoint gcd)  (0.1s)
  oracle (correct candidate): branch=regular, i in [0,2Lambda]=True, i==Q(k_p) mod ell=True, e* in E_R=True, alpha^e*==giant mod p=True
  giantsteps: regular=1040, skinny=400
  babysteps: sieved |E_R|=19900 of dense 38306 (ratio 0.520, rho=0.519); skinny 2213; plain HH shortest-vector baseline 4113

Trial 23: N=4819048855480661 (53 bits), p=66215719, q=72778019
  m=1155 (primes<= 11), m0=1, X=m*m0=1155, S=[7, 11], t=2, M=77, rho=0.519, Y=2.000
  lambda0~1768.5, Lambda_R=25013, Lambda_S=1446, L*=50104
  RESULT: factor 66215719  via collision mod p (multipoint gcd)  (0.1s)
  oracle (correct candidate): branch=regular, i in [0,2Lambda]=True, i==Q(k_p) mod ell=True, e* in E_R=True, alpha^e*==giant mod p=True
  giantsteps: regular=1072, skinny=368
  babysteps: sieved |E_R|=26028 of dense 50104 (ratio 0.519, rho=0.519); skinny 2893; plain HH shortest-vector baseline 5381

Trial 24: N=2001905815272257 (51 bits), p=38066023, q=52590359
  m=1155 (primes<= 11), m0=1, X=m*m0=1155, S=[7, 11], t=2, M=77, rho=0.519, Y=2.000
  lambda0~1139.9, Lambda_R=16122, Lambda_S=933, L*=32322
  RESULT: factor 38066023  via collision mod p (multipoint gcd)  (0.1s)
  oracle (correct candidate): branch=skinny, i in [0,2Lambda]=True, i==Q(k_p) mod ell=True, e* in E_R=None, alpha^e*==giant mod p=True
  giantsteps: regular=1072, skinny=368
  babysteps: sieved |E_R|=16791 of dense 32322 (ratio 0.519, rho=0.519); skinny 1867; plain HH shortest-vector baseline 3471

Trial 25: N=5640962525496301 (53 bits), p=66400447, q=84953683
  m=1155 (primes<= 11), m0=1, X=m*m0=1155, S=[7, 11], t=2, M=77, rho=0.519, Y=2.000
  lambda0~1913.4, Lambda_R=27062, Lambda_S=1565, L*=54202
  RESULT: factor 84953683  via collision mod p (multipoint gcd)  (0.1s)
  oracle (correct candidate): branch=skinny, i in [0,2Lambda]=True, i==Q(k_p) mod ell=True, e* in E_R=None, alpha^e*==giant mod p=True
  giantsteps: regular=1088, skinny=352
  babysteps: sieved |E_R|=28158 of dense 54202 (ratio 0.520, rho=0.519); skinny 3131; plain HH shortest-vector baseline 5821

25/25 factored.

Trial 1: N=7857774246963887 (53 bits), p=65112661, q=120679667
  m=1155 (primes<= 11), m0=1, X=m*m0=1155, S=[7, 11], t=2, M=77, rho=0.519, Y=2.000
  lambda0~2258.3, Lambda_R=31939, Lambda_S=1846, L*=63956
  RESULT: factor 120679667  via collision mod p (multipoint gcd)  (0.2s)
  oracle (correct candidate): branch=regular, i in [0,2Lambda]=True, i==Q(k_p) mod ell=True, e* in E_R=True, alpha^e*==giant mod p=True
  giantsteps: regular=1168, skinny=272
  babysteps: sieved |E_R|=33224 of dense 63956 (ratio 0.519, rho=0.519); skinny 3693; plain HH shortest-vector baseline 6869

Trial 2: N=3863220017258669 (52 bits), p=39876773, q=96878953
  m=1155 (primes<= 11), m0=1, X=m*m0=1155, S=[7, 11], t=2, M=77, rho=0.519, Y=2.000
  lambda0~1583.4, Lambda_R=22396, Lambda_S=1295, L*=44870
  RESULT: factor 96878953  via collision mod p (multipoint gcd)  (0.1s)
  oracle (correct candidate): branch=regular, i in [0,2Lambda]=True, i==Q(k_p) mod ell=True, e* in E_R=True, alpha^e*==giant mod p=True
  giantsteps: regular=1120, skinny=320
  babysteps: sieved |E_R|=23309 of dense 44870 (ratio 0.519, rho=0.519); skinny 2591; plain HH shortest-vector baseline 4819

Trial 3: N=2229385997628079 (51 bits), p=41579623, q=53617273
  m=1155 (primes<= 11), m0=1, X=m*m0=1155, S=[7, 11], t=2, M=77, rho=0.519, Y=2.000
  lambda0~1202.9, Lambda_R=17014, Lambda_S=985, L*=34106
  RESULT: factor 41579623  via collision mod p (multipoint gcd)  (0.1s)
  oracle (correct candidate): branch=skinny, i in [0,2Lambda]=True, i==Q(k_p) mod ell=True, e* in E_R=None, alpha^e*==giant mod p=True
  giantsteps: regular=1088, skinny=352
  babysteps: sieved |E_R|=17719 of dense 34106 (ratio 0.520, rho=0.519); skinny 1971; plain HH shortest-vector baseline 3661

Trial 4: N=3847541931236671 (52 bits), p=54098101, q=71121571
  m=1155 (primes<= 11), m0=1, X=m*m0=1155, S=[7, 11], t=2, M=77, rho=0.519, Y=2.000
  lambda0~1580.2, Lambda_R=22350, Lambda_S=1293, L*=44778
  RESULT: factor 54098101  via Lemma 3.11 certification  (0.0s)

Trial 5: N=8375957962827517 (53 bits), p=66354413, q=126230609
  m=1155 (primes<= 11), m0=1, X=m*m0=1155, S=[7, 11], t=2, M=77, rho=0.519, Y=2.000
  lambda0~2331.5, Lambda_R=32976, Lambda_S=1906, L*=66030
  RESULT: factor 126230609  via collision mod p (multipoint gcd)  (0.2s)
  oracle (correct candidate): branch=regular, i in [0,2Lambda]=True, i==Q(k_p) mod ell=True, e* in E_R=True, alpha^e*==giant mod p=True
  giantsteps: regular=1184, skinny=256
  babysteps: sieved |E_R|=34301 of dense 66030 (ratio 0.519, rho=0.519); skinny 3813; plain HH shortest-vector baseline 7093

Trial 6: N=5885835960662747 (53 bits), p=65157997, q=90331751
  m=1155 (primes<= 11), m0=1, X=m*m0=1155, S=[7, 11], t=2, M=77, rho=0.519, Y=2.000
  lambda0~1954.5, Lambda_R=27643, Lambda_S=1598, L*=55364
  RESULT: factor 65157997  via collision mod p (multipoint gcd)  (0.1s)
  oracle (correct candidate): branch=skinny, i in [0,2Lambda]=True, i==Q(k_p) mod ell=True, e* in E_R=None, alpha^e*==giant mod p=True
  giantsteps: regular=1072, skinny=368
  babysteps: sieved |E_R|=28761 of dense 55364 (ratio 0.519, rho=0.519); skinny 3197; plain HH shortest-vector baseline 5947

Trial 7: N=7376562391371167 (53 bits), p=66884071, q=110288777
  m=1155 (primes<= 11), m0=1, X=m*m0=1155, S=[7, 11], t=2, M=77, rho=0.519, Y=2.000
  lambda0~2188.0, Lambda_R=30946, Lambda_S=1789, L*=61970
  RESULT: factor 110288777  via collision mod p (multipoint gcd)  (0.1s)
  oracle (correct candidate): branch=regular, i in [0,2Lambda]=True, i==Q(k_p) mod ell=True, e* in E_R=True, alpha^e*==giant mod p=True
  giantsteps: regular=1168, skinny=272
  babysteps: sieved |E_R|=32192 of dense 61970 (ratio 0.519, rho=0.519); skinny 3579; plain HH shortest-vector baseline 6657

Trial 8: N=2848871877756427 (52 bits), p=51392239, q=55433893
  m=1155 (primes<= 11), m0=1, X=m*m0=1155, S=[7, 11], t=2, M=77, rho=0.519, Y=2.000
  lambda0~1359.8, Lambda_R=19232, Lambda_S=1113, L*=38542
  RESULT: factor 51392239  via collision mod p (multipoint gcd)  (0.1s)
  oracle (correct candidate): branch=regular, i in [0,2Lambda]=True, i==Q(k_p) mod ell=True, e* in E_R=True, alpha^e*==giant mod p=True
  giantsteps: regular=1184, skinny=256
  babysteps: sieved |E_R|=20022 of dense 38542 (ratio 0.519, rho=0.519); skinny 2227; plain HH shortest-vector baseline 4139

Trial 9: N=5027672467738763 (53 bits), p=61881863, q=81246301
  m=1155 (primes<= 11), m0=1, X=m*m0=1155, S=[7, 11], t=2, M=77, rho=0.519, Y=2.000
  lambda0~1806.4, Lambda_R=25549, Lambda_S=1477, L*=51176
  RESULT: factor 61881863  via collision mod p (multipoint gcd)  (0.1s)
  oracle (correct candidate): branch=regular, i in [0,2Lambda]=True, i==Q(k_p) mod ell=True, e* in E_R=True, alpha^e*==giant mod p=True
  giantsteps: regular=976, skinny=464
  babysteps: sieved |E_R|=26584 of dense 51176 (ratio 0.519, rho=0.519); skinny 2955; plain HH shortest-vector baseline 5497

Trial 10: N=3804460427316821 (52 bits), p=42077701, q=90415121
  m=1155 (primes<= 11), m0=1, X=m*m0=1155, S=[7, 11], t=2, M=77, rho=0.519, Y=2.000
  lambda0~1571.4, Lambda_R=22225, Lambda_S=1286, L*=44528
  RESULT: factor 42077701  via Lemma 3.11 certification  (0.0s)

Trial 11: N=5997539687053361 (53 bits), p=51949967, q=115448383
  m=1155 (primes<= 11), m0=1, X=m*m0=1155, S=[7, 11], t=2, M=77, rho=0.519, Y=2.000
  lambda0~1972.9, Lambda_R=27904, Lambda_S=1613, L*=55886
  RESULT: factor 115448383  via collision mod p (multipoint gcd)  (0.1s)
  oracle (correct candidate): branch=regular, i in [0,2Lambda]=True, i==Q(k_p) mod ell=True, e* in E_R=True, alpha^e*==giant mod p=True
  giantsteps: regular=1008, skinny=432
  babysteps: sieved |E_R|=29032 of dense 55886 (ratio 0.519, rho=0.519); skinny 3227; plain HH shortest-vector baseline 6003

Trial 12: N=5505639706988747 (53 bits), p=47592203, q=115683649
  m=1155 (primes<= 11), m0=1, X=m*m0=1155, S=[7, 11], t=2, M=77, rho=0.519, Y=2.000
  lambda0~1890.3, Lambda_R=26735, Lambda_S=1546, L*=53548
  RESULT: factor 115683649  via collision mod p (multipoint gcd)  (0.1s)
  oracle (correct candidate): branch=regular, i in [0,2Lambda]=True, i==Q(k_p) mod ell=True, e* in E_R=True, alpha^e*==giant mod p=True
  giantsteps: regular=944, skinny=496
  babysteps: sieved |E_R|=27818 of dense 53548 (ratio 0.519, rho=0.519); skinny 3093; plain HH shortest-vector baseline 5751

Trial 13: N=6011148247885931 (53 bits), p=48425473, q=124131947
  m=1155 (primes<= 11), m0=1, X=m*m0=1155, S=[7, 11], t=2, M=77, rho=0.519, Y=2.000
  lambda0~1975.2, Lambda_R=27936, Lambda_S=1615, L*=55950
  RESULT: factor 48425473  via collision mod p (multipoint gcd)  (0.1s)
  oracle (correct candidate): branch=regular, i in [0,2Lambda]=True, i==Q(k_p) mod ell=True, e* in E_R=True, alpha^e*==giant mod p=True
  giantsteps: regular=1008, skinny=432
  babysteps: sieved |E_R|=29064 of dense 55950 (ratio 0.519, rho=0.519); skinny 3231; plain HH shortest-vector baseline 6009

Trial 14: N=4419557775835253 (52 bits), p=61681843, q=71650871
  m=1155 (primes<= 11), m0=1, X=m*m0=1155, S=[7, 11], t=2, M=77, rho=0.519, Y=2.000
  lambda0~1693.6, Lambda_R=23954, Lambda_S=1385, L*=47986
  RESULT: factor 71650871  via collision mod p (multipoint gcd)  (0.1s)
  oracle (correct candidate): branch=skinny, i in [0,2Lambda]=True, i==Q(k_p) mod ell=True, e* in E_R=None, alpha^e*==giant mod p=True
  giantsteps: regular=944, skinny=496
  babysteps: sieved |E_R|=24928 of dense 47986 (ratio 0.519, rho=0.519); skinny 2771; plain HH shortest-vector baseline 5153

Trial 15: N=3838468892961091 (52 bits), p=48639727, q=78916333
  m=1155 (primes<= 11), m0=1, X=m*m0=1155, S=[7, 11], t=2, M=77, rho=0.519, Y=2.000
  lambda0~1578.4, Lambda_R=22324, Lambda_S=1291, L*=44726
  RESULT: factor 48639727  via collision mod p (multipoint gcd)  (0.1s)
  oracle (correct candidate): branch=skinny, i in [0,2Lambda]=True, i==Q(k_p) mod ell=True, e* in E_R=None, alpha^e*==giant mod p=True
  giantsteps: regular=976, skinny=464
  babysteps: sieved |E_R|=23235 of dense 44726 (ratio 0.519, rho=0.519); skinny 2583; plain HH shortest-vector baseline 4803

Trial 16: N=4306307413969499 (52 bits), p=52816451, q=81533449
  m=1155 (primes<= 11), m0=1, X=m*m0=1155, S=[7, 11], t=2, M=77, rho=0.519, Y=2.000
  lambda0~1671.8, Lambda_R=23645, Lambda_S=1368, L*=47368
  RESULT: factor 81533449  via collision mod p (multipoint gcd)  (0.1s)
  oracle (correct candidate): branch=regular, i in [0,2Lambda]=True, i==Q(k_p) mod ell=True, e* in E_R=True, alpha^e*==giant mod p=True
  giantsteps: regular=1120, skinny=320
  babysteps: sieved |E_R|=24607 of dense 47368 (ratio 0.519, rho=0.519); skinny 2737; plain HH shortest-vector baseline 5087

Trial 17: N=3718232040175801 (52 bits), p=41414179, q=89781619
  m=1155 (primes<= 11), m0=1, X=m*m0=1155, S=[7, 11], t=2, M=77, rho=0.519, Y=2.000
  lambda0~1553.4, Lambda_R=21971, Lambda_S=1271, L*=44020
  RESULT: factor 41414179  via collision mod p (multipoint gcd)  (0.1s)
  oracle (correct candidate): branch=regular, i in [0,2Lambda]=True, i==Q(k_p) mod ell=True, e* in E_R=True, alpha^e*==giant mod p=True
  giantsteps: regular=976, skinny=464
  babysteps: sieved |E_R|=22867 of dense 44020 (ratio 0.519, rho=0.519); skinny 2543; plain HH shortest-vector baseline 4727

Trial 18: N=5040112717445651 (53 bits), p=41601577, q=121151963
  m=1155 (primes<= 11), m0=1, X=m*m0=1155, S=[7, 11], t=2, M=77, rho=0.519, Y=2.000
  lambda0~1808.6, Lambda_R=25580, Lambda_S=1479, L*=51238
  RESULT: factor 41601577  via collision mod p (multipoint gcd)  (0.1s)
  oracle (correct candidate): branch=regular, i in [0,2Lambda]=True, i==Q(k_p) mod ell=True, e* in E_R=True, alpha^e*==giant mod p=True
  giantsteps: regular=1008, skinny=432
  babysteps: sieved |E_R|=26618 of dense 51238 (ratio 0.519, rho=0.519); skinny 2959; plain HH shortest-vector baseline 5503

Trial 19: N=6161571245927621 (53 bits), p=59936923, q=102800927
  m=1155 (primes<= 11), m0=1, X=m*m0=1155, S=[7, 11], t=2, M=77, rho=0.519, Y=2.000
  lambda0~1999.7, Lambda_R=28283, Lambda_S=1635, L*=56644
  RESULT: factor 102800927  via collision mod p (multipoint gcd)  (0.1s)
  oracle (correct candidate): branch=regular, i in [0,2Lambda]=True, i==Q(k_p) mod ell=True, e* in E_R=True, alpha^e*==giant mod p=True
  giantsteps: regular=1008, skinny=432
  babysteps: sieved |E_R|=29425 of dense 56644 (ratio 0.519, rho=0.519); skinny 3271; plain HH shortest-vector baseline 6083

Trial 20: N=5420913666311567 (53 bits), p=46589009, q=116356063
  m=1155 (primes<= 11), m0=1, X=m*m0=1155, S=[7, 11], t=2, M=77, rho=0.519, Y=2.000
  lambda0~1875.7, Lambda_R=26529, Lambda_S=1534, L*=53136
  RESULT: factor 46589009  via collision mod p (multipoint gcd)  (0.1s)
  oracle (correct candidate): branch=skinny, i in [0,2Lambda]=True, i==Q(k_p) mod ell=True, e* in E_R=None, alpha^e*==giant mod p=True
  giantsteps: regular=944, skinny=496
  babysteps: sieved |E_R|=27603 of dense 53136 (ratio 0.519, rho=0.519); skinny 3069; plain HH shortest-vector baseline 5707

Trial 21: N=6724518980522459 (53 bits), p=66307261, q=101414519
  m=1155 (primes<= 11), m0=1, X=m*m0=1155, S=[7, 11], t=2, M=77, rho=0.519, Y=2.000
  lambda0~2089.1, Lambda_R=29547, Lambda_S=1708, L*=59172
  RESULT: factor 66307261  via collision mod p (multipoint gcd)  (0.1s)
  oracle (correct candidate): branch=regular, i in [0,2Lambda]=True, i==Q(k_p) mod ell=True, e* in E_R=True, alpha^e*==giant mod p=True
  giantsteps: regular=1072, skinny=368
  babysteps: sieved |E_R|=30739 of dense 59172 (ratio 0.519, rho=0.519); skinny 3417; plain HH shortest-vector baseline 6355

Trial 22: N=5495660907507343 (53 bits), p=41177749, q=133461907
  m=1155 (primes<= 11), m0=1, X=m*m0=1155, S=[7, 11], t=2, M=77, rho=0.519, Y=2.000
  lambda0~1888.6, Lambda_R=26711, Lambda_S=1545, L*=53500
  RESULT: factor 133461907  via collision mod p (multipoint gcd)  (0.1s)
  oracle (correct candidate): branch=regular, i in [0,2Lambda]=True, i==Q(k_p) mod ell=True, e* in E_R=True, alpha^e*==giant mod p=True
  giantsteps: regular=1040, skinny=400
  babysteps: sieved |E_R|=27792 of dense 53500 (ratio 0.519, rho=0.519); skinny 3091; plain HH shortest-vector baseline 5747

Trial 23: N=4791800617030513 (53 bits), p=44174353, q=108474721
  m=1155 (primes<= 11), m0=1, X=m*m0=1155, S=[7, 11], t=2, M=77, rho=0.519, Y=2.000
  lambda0~1763.5, Lambda_R=24942, Lambda_S=1442, L*=49962
  RESULT: factor 108474721  via collision mod p (multipoint gcd)  (0.1s)
  oracle (correct candidate): branch=regular, i in [0,2Lambda]=True, i==Q(k_p) mod ell=True, e* in E_R=True, alpha^e*==giant mod p=True
  giantsteps: regular=1104, skinny=336
  babysteps: sieved |E_R|=25955 of dense 49962 (ratio 0.519, rho=0.519); skinny 2885; plain HH shortest-vector baseline 5365

Trial 24: N=1976145460515857 (51 bits), p=38136643, q=51817499
  m=1155 (primes<= 11), m0=1, X=m*m0=1155, S=[7, 11], t=2, M=77, rho=0.519, Y=2.000
  lambda0~1132.5, Lambda_R=16018, Lambda_S=927, L*=32114
  RESULT: factor 51817499  via collision mod p (multipoint gcd)  (0.1s)
  oracle (correct candidate): branch=regular, i in [0,2Lambda]=True, i==Q(k_p) mod ell=True, e* in E_R=True, alpha^e*==giant mod p=True
  giantsteps: regular=1168, skinny=272
  babysteps: sieved |E_R|=16683 of dense 32114 (ratio 0.519, rho=0.519); skinny 1855; plain HH shortest-vector baseline 3449

Trial 25: N=5087120142983999 (53 bits), p=38277401, q=132901399
  m=1155 (primes<= 11), m0=1, X=m*m0=1155, S=[7, 11], t=2, M=77, rho=0.519, Y=2.000
  lambda0~1817.0, Lambda_R=25699, Lambda_S=1486, L*=51476
  RESULT: factor 38277401  via Lemma 3.11 certification  (0.0s)

25/25 factored.

Trial 1: N=3518638346534173 (52 bits), p=37521271, q=93777163
  m=1155 (primes<= 11), m0=1, X=m*m0=1155, S=[7, 11], t=2, M=77, rho=0.519, Y=2.000
  lambda0~1511.2, Lambda_R=21374, Lambda_S=1236, L*=42826
  RESULT: factor 37521271  via exact match + Lemma 2.4  (0.0s)
  oracle (correct candidate): branch=skinny, i in [0,2Lambda]=True, i==Q(k_p) mod ell=True, e* in E_R=None, alpha^e*==giant mod p=True
  giantsteps: regular=1104, skinny=336
  babysteps: sieved |E_R|=22247 of dense 42826 (ratio 0.519, rho=0.519); skinny 2473; plain HH shortest-vector baseline 4599

Trial 2: N=3694213764164291 (52 bits), p=54256297, q=68088203
  m=1155 (primes<= 11), m0=1, X=m*m0=1155, S=[7, 11], t=2, M=77, rho=0.519, Y=2.000
  lambda0~1548.4, Lambda_R=21900, Lambda_S=1267, L*=43878
  RESULT: factor 54256297  via collision mod p (multipoint gcd)  (0.1s)
  oracle (correct candidate): branch=regular, i in [0,2Lambda]=True, i==Q(k_p) mod ell=True, e* in E_R=True, alpha^e*==giant mod p=True
  giantsteps: regular=1120, skinny=320
  babysteps: sieved |E_R|=22795 of dense 43878 (ratio 0.520, rho=0.519); skinny 2535; plain HH shortest-vector baseline 4713

Trial 3: N=4570350548281801 (53 bits), p=41477693, q=110188157
  m=1155 (primes<= 11), m0=1, X=m*m0=1155, S=[7, 11], t=2, M=77, rho=0.519, Y=2.000
  lambda0~1722.3, Lambda_R=24359, Lambda_S=1409, L*=48796
  RESULT: factor 41477693  via collision mod p (multipoint gcd)  (0.1s)
  oracle (correct candidate): branch=regular, i in [0,2Lambda]=True, i==Q(k_p) mod ell=True, e* in E_R=True, alpha^e*==giant mod p=True
  giantsteps: regular=1120, skinny=320
  babysteps: sieved |E_R|=25348 of dense 48796 (ratio 0.519, rho=0.519); skinny 2819; plain HH shortest-vector baseline 5241

Trial 4: N=7253121030090769 (53 bits), p=66885713, q=108440513
  m=1155 (primes<= 11), m0=1, X=m*m0=1155, S=[7, 11], t=2, M=77, rho=0.519, Y=2.000
  lambda0~2169.6, Lambda_R=30686, Lambda_S=1774, L*=61450
  RESULT: factor 108440513  via collision mod p (multipoint gcd)  (0.1s)
  oracle (correct candidate): branch=regular, i in [0,2Lambda]=True, i==Q(k_p) mod ell=True, e* in E_R=True, alpha^e*==giant mod p=True
  giantsteps: regular=976, skinny=464
  babysteps: sieved |E_R|=31922 of dense 61450 (ratio 0.519, rho=0.519); skinny 3549; plain HH shortest-vector baseline 6601

Trial 5: N=5444320251170491 (53 bits), p=63460877, q=85790183
  m=1155 (primes<= 11), m0=1, X=m*m0=1155, S=[7, 11], t=2, M=77, rho=0.519, Y=2.000
  lambda0~1879.7, Lambda_R=26586, Lambda_S=1537, L*=53250
  RESULT: factor 85790183  via collision mod p (multipoint gcd)  (0.1s)
  oracle (correct candidate): branch=skinny, i in [0,2Lambda]=True, i==Q(k_p) mod ell=True, e* in E_R=None, alpha^e*==giant mod p=True
  giantsteps: regular=1088, skinny=352
  babysteps: sieved |E_R|=27663 of dense 53250 (ratio 0.519, rho=0.519); skinny 3075; plain HH shortest-vector baseline 5719

Trial 6: N=5106241708523171 (53 bits), p=57631157, q=88602103
  m=1155 (primes<= 11), m0=1, X=m*m0=1155, S=[7, 11], t=2, M=77, rho=0.519, Y=2.000
  lambda0~1820.4, Lambda_R=25747, Lambda_S=1489, L*=51572
  RESULT: factor 88602103  via collision mod p (multipoint gcd)  (0.1s)
  oracle (correct candidate): branch=regular, i in [0,2Lambda]=True, i==Q(k_p) mod ell=True, e* in E_R=True, alpha^e*==giant mod p=True
  giantsteps: regular=1008, skinny=432
  babysteps: sieved |E_R|=26791 of dense 51572 (ratio 0.519, rho=0.519); skinny 2979; plain HH shortest-vector baseline 5539

Trial 7: N=3599079773629181 (52 bits), p=40363591, q=89166491
  m=1155 (primes<= 11), m0=1, X=m*m0=1155, S=[7, 11], t=2, M=77, rho=0.519, Y=2.000
  lambda0~1528.3, Lambda_R=21617, Lambda_S=1250, L*=43312
  RESULT: factor 40363591  via collision mod p (multipoint gcd)  (0.1s)
  oracle (correct candidate): branch=regular, i in [0,2Lambda]=True, i==Q(k_p) mod ell=True, e* in E_R=True, alpha^e*==giant mod p=True
  giantsteps: regular=1072, skinny=368
  babysteps: sieved |E_R|=22501 of dense 43312 (ratio 0.520, rho=0.519); skinny 2501; plain HH shortest-vector baseline 4651

Trial 8: N=3373005767515603 (52 bits), p=56548333, q=59648191
  m=1155 (primes<= 11), m0=1, X=m*m0=1155, S=[7, 11], t=2, M=77, rho=0.519, Y=2.000
  lambda0~1479.6, Lambda_R=20927, Lambda_S=1211, L*=41932
  RESULT: factor 59648191  via Lemma 3.11 certification  (0.0s)

Trial 9: N=3802926343180889 (52 bits), p=43392761, q=87639649
  m=1155 (primes<= 11), m0=1, X=m*m0=1155, S=[7, 11], t=2, M=77, rho=0.519, Y=2.000
  lambda0~1571.0, Lambda_R=22220, Lambda_S=1285, L*=44518
  RESULT: factor 87639649  via collision mod p (multipoint gcd)  (0.1s)
  oracle (correct candidate): branch=regular, i in [0,2Lambda]=True, i==Q(k_p) mod ell=True, e* in E_R=True, alpha^e*==giant mod p=True
  giantsteps: regular=1120, skinny=320
  babysteps: sieved |E_R|=23127 of dense 44518 (ratio 0.519, rho=0.519); skinny 2571; plain HH shortest-vector baseline 4781

Trial 10: N=5469597078434897 (53 bits), p=46970701, q=116446997
  m=1155 (primes<= 11), m0=1, X=m*m0=1155, S=[7, 11], t=2, M=77, rho=0.519, Y=2.000
  lambda0~1884.1, Lambda_R=26648, Lambda_S=1541, L*=53374
  RESULT: factor 46970701  via collision mod p (multipoint gcd)  (0.1s)
  oracle (correct candidate): branch=regular, i in [0,2Lambda]=True, i==Q(k_p) mod ell=True, e* in E_R=True, alpha^e*==giant mod p=True
  giantsteps: regular=1168, skinny=272
  babysteps: sieved |E_R|=27727 of dense 53374 (ratio 0.519, rho=0.519); skinny 3083; plain HH shortest-vector baseline 5733

Trial 11: N=2233960681668259 (51 bits), p=35499257, q=62929787
  m=1155 (primes<= 11), m0=1, X=m*m0=1155, S=[7, 11], t=2, M=77, rho=0.519, Y=2.000
  lambda0~1204.1, Lambda_R=17031, Lambda_S=986, L*=34140
  RESULT: factor 62929787  via collision mod p (multipoint gcd)  (0.1s)
  oracle (correct candidate): branch=skinny, i in [0,2Lambda]=True, i==Q(k_p) mod ell=True, e* in E_R=None, alpha^e*==giant mod p=True
  giantsteps: regular=1088, skinny=352
  babysteps: sieved |E_R|=17736 of dense 34140 (ratio 0.520, rho=0.519); skinny 1973; plain HH shortest-vector baseline 3665

Trial 12: N=5280931510056541 (53 bits), p=41601029, q=126942329
  m=1155 (primes<= 11), m0=1, X=m*m0=1155, S=[7, 11], t=2, M=77, rho=0.519, Y=2.000
  lambda0~1851.3, Lambda_R=26184, Lambda_S=1514, L*=52446
  RESULT: factor 126942329  via collision mod p (multipoint gcd)  (0.1s)
  oracle (correct candidate): branch=regular, i in [0,2Lambda]=True, i==Q(k_p) mod ell=True, e* in E_R=True, alpha^e*==giant mod p=True
  giantsteps: regular=1088, skinny=352
  babysteps: sieved |E_R|=27245 of dense 52446 (ratio 0.519, rho=0.519); skinny 3029; plain HH shortest-vector baseline 5633

Trial 13: N=2218961056106947 (51 bits), p=35433059, q=62624033
  m=1155 (primes<= 11), m0=1, X=m*m0=1155, S=[7, 11], t=2, M=77, rho=0.519, Y=2.000
  lambda0~1200.1, Lambda_R=16974, Lambda_S=982, L*=34026
  RESULT: factor 62624033  via collision mod p (multipoint gcd)  (0.1s)
  oracle (correct candidate): branch=regular, i in [0,2Lambda]=True, i==Q(k_p) mod ell=True, e* in E_R=True, alpha^e*==giant mod p=True
  giantsteps: regular=1040, skinny=400
  babysteps: sieved |E_R|=17676 of dense 34026 (ratio 0.519, rho=0.519); skinny 1965; plain HH shortest-vector baseline 3653

Trial 14: N=5081367485301281 (53 bits), p=63587543, q=79911367
  m=1155 (primes<= 11), m0=1, X=m*m0=1155, S=[7, 11], t=2, M=77, rho=0.519, Y=2.000
  lambda0~1816.0, Lambda_R=25685, Lambda_S=1485, L*=51448
  RESULT: factor 63587543  via collision mod p (multipoint gcd)  (0.1s)
  oracle (correct candidate): branch=regular, i in [0,2Lambda]=True, i==Q(k_p) mod ell=True, e* in E_R=True, alpha^e*==giant mod p=True
  giantsteps: regular=1168, skinny=272
  babysteps: sieved |E_R|=26727 of dense 51448 (ratio 0.519, rho=0.519); skinny 2971; plain HH shortest-vector baseline 5525

Trial 15: N=4114828680394511 (52 bits), p=42765433, q=96218567
  m=1155 (primes<= 11), m0=1, X=m*m0=1155, S=[7, 11], t=2, M=77, rho=0.519, Y=2.000
  lambda0~1634.2, Lambda_R=23113, Lambda_S=1337, L*=46304
  RESULT: factor 42765433  via collision mod p (multipoint gcd)  (0.1s)
  oracle (correct candidate): branch=skinny, i in [0,2Lambda]=True, i==Q(k_p) mod ell=True, e* in E_R=None, alpha^e*==giant mod p=True
  giantsteps: regular=1072, skinny=368
  babysteps: sieved |E_R|=24055 of dense 46304 (ratio 0.520, rho=0.519); skinny 2675; plain HH shortest-vector baseline 4973

Trial 16: N=6378936238829359 (53 bits), p=66253949, q=96280091
  m=1155 (primes<= 11), m0=1, X=m*m0=1155, S=[7, 11], t=2, M=77, rho=0.519, Y=2.000
  lambda0~2034.7, Lambda_R=28778, Lambda_S=1664, L*=57634
  RESULT: factor 96280091  via collision mod p (multipoint gcd)  (0.1s)
  oracle (correct candidate): branch=regular, i in [0,2Lambda]=True, i==Q(k_p) mod ell=True, e* in E_R=True, alpha^e*==giant mod p=True
  giantsteps: regular=1136, skinny=304
  babysteps: sieved |E_R|=29941 of dense 57634 (ratio 0.520, rho=0.519); skinny 3329; plain HH shortest-vector baseline 6191

Trial 17: N=6743707350691669 (53 bits), p=62513371, q=107876239
  m=1155 (primes<= 11), m0=1, X=m*m0=1155, S=[7, 11], t=2, M=77, rho=0.519, Y=2.000
  lambda0~2092.1, Lambda_R=29589, Lambda_S=1711, L*=59256
  RESULT: factor 62513371  via collision mod p (multipoint gcd)  (0.1s)
  oracle (correct candidate): branch=regular, i in [0,2Lambda]=True, i==Q(k_p) mod ell=True, e* in E_R=True, alpha^e*==giant mod p=True
  giantsteps: regular=1136, skinny=304
  babysteps: sieved |E_R|=30783 of dense 59256 (ratio 0.519, rho=0.519); skinny 3423; plain HH shortest-vector baseline 6365

Trial 18: N=4174873421103949 (52 bits), p=48892421, q=85388969
  m=1155 (primes<= 11), m0=1, X=m*m0=1155, S=[7, 11], t=2, M=77, rho=0.519, Y=2.000
  lambda0~1646.1, Lambda_R=23281, Lambda_S=1347, L*=46640
  RESULT: factor 85388969  via collision mod p (multipoint gcd)  (0.1s)
  oracle (correct candidate): branch=regular, i in [0,2Lambda]=True, i==Q(k_p) mod ell=True, e* in E_R=True, alpha^e*==giant mod p=True
  giantsteps: regular=976, skinny=464
  babysteps: sieved |E_R|=24228 of dense 46640 (ratio 0.519, rho=0.519); skinny 2695; plain HH shortest-vector baseline 5009

Trial 19: N=4156425918156769 (52 bits), p=34683989, q=119837021
  m=1155 (primes<= 11), m0=1, X=m*m0=1155, S=[7, 11], t=2, M=77, rho=0.519, Y=2.000
  lambda0~1642.4, Lambda_R=23230, Lambda_S=1344, L*=46538
  RESULT: factor 119837021  via collision mod p (multipoint gcd)  (0.1s)
  oracle (correct candidate): branch=skinny, i in [0,2Lambda]=True, i==Q(k_p) mod ell=True, e* in E_R=None, alpha^e*==giant mod p=True
  giantsteps: regular=1088, skinny=352
  babysteps: sieved |E_R|=24177 of dense 46538 (ratio 0.520, rho=0.519); skinny 2689; plain HH shortest-vector baseline 4997

Trial 20: N=3178731899831911 (52 bits), p=51039773, q=62279507
  m=1155 (primes<= 11), m0=1, X=m*m0=1155, S=[7, 11], t=2, M=77, rho=0.519, Y=2.000
  lambda0~1436.3, Lambda_R=20315, Lambda_S=1175, L*=40708
  RESULT: factor 62279507  via collision mod p (multipoint gcd)  (0.1s)
  oracle (correct candidate): branch=skinny, i in [0,2Lambda]=True, i==Q(k_p) mod ell=True, e* in E_R=None, alpha^e*==giant mod p=True
  giantsteps: regular=1088, skinny=352
  babysteps: sieved |E_R|=21147 of dense 40708 (ratio 0.519, rho=0.519); skinny 2351; plain HH shortest-vector baseline 4371

Trial 21: N=2385209130147091 (52 bits), p=34329293, q=69480287
  m=1155 (primes<= 11), m0=1, X=m*m0=1155, S=[7, 11], t=2, M=77, rho=0.519, Y=2.000
  lambda0~1244.2, Lambda_R=17598, Lambda_S=1018, L*=35274
  RESULT: factor 34329293  via collision mod p (multipoint gcd)  (0.1s)
  oracle (correct candidate): branch=regular, i in [0,2Lambda]=True, i==Q(k_p) mod ell=True, e* in E_R=True, alpha^e*==giant mod p=True
  giantsteps: regular=1120, skinny=320
  babysteps: sieved |E_R|=18324 of dense 35274 (ratio 0.519, rho=0.519); skinny 2037; plain HH shortest-vector baseline 3787

Trial 22: N=3626047141073867 (52 bits), p=45710933, q=79325599
  m=1155 (primes<= 11), m0=1, X=m*m0=1155, S=[7, 11], t=2, M=77, rho=0.519, Y=2.000
  lambda0~1534.1, Lambda_R=21697, Lambda_S=1255, L*=43472
  RESULT: factor 79325599  via collision mod p (multipoint gcd)  (0.1s)
  oracle (correct candidate): branch=regular, i in [0,2Lambda]=True, i==Q(k_p) mod ell=True, e* in E_R=True, alpha^e*==giant mod p=True
  giantsteps: regular=1072, skinny=368
  babysteps: sieved |E_R|=22583 of dense 43472 (ratio 0.519, rho=0.519); skinny 2511; plain HH shortest-vector baseline 4669

Trial 23: N=2740087891717193 (52 bits), p=40686853, q=67345781
  m=1155 (primes<= 11), m0=1, X=m*m0=1155, S=[7, 11], t=2, M=77, rho=0.519, Y=2.000
  lambda0~1333.5, Lambda_R=18862, Lambda_S=1091, L*=37802
  RESULT: factor 67345781  via collision mod p (multipoint gcd)  (0.1s)
  oracle (correct candidate): branch=regular, i in [0,2Lambda]=True, i==Q(k_p) mod ell=True, e* in E_R=True, alpha^e*==giant mod p=True
  giantsteps: regular=976, skinny=464
  babysteps: sieved |E_R|=19639 of dense 37802 (ratio 0.520, rho=0.519); skinny 2183; plain HH shortest-vector baseline 4059

Trial 24: N=3845675605680607 (52 bits), p=42930803, q=89578469
  m=1155 (primes<= 11), m0=1, X=m*m0=1155, S=[7, 11], t=2, M=77, rho=0.519, Y=2.000
  lambda0~1579.8, Lambda_R=22345, Lambda_S=1292, L*=44768
  RESULT: factor 89578469  via collision mod p (multipoint gcd)  (0.1s)
  oracle (correct candidate): branch=regular, i in [0,2Lambda]=True, i==Q(k_p) mod ell=True, e* in E_R=True, alpha^e*==giant mod p=True
  giantsteps: regular=1184, skinny=256
  babysteps: sieved |E_R|=23258 of dense 44768 (ratio 0.520, rho=0.519); skinny 2585; plain HH shortest-vector baseline 4807

Trial 25: N=2669431217941309 (52 bits), p=45993197, q=58039697
  m=1155 (primes<= 11), m0=1, X=m*m0=1155, S=[7, 11], t=2, M=77, rho=0.519, Y=2.000
  lambda0~1316.2, Lambda_R=18617, Lambda_S=1077, L*=37312
  RESULT: factor 45993197  via collision mod p (multipoint gcd)  (0.1s)
  oracle (correct candidate): branch=regular, i in [0,2Lambda]=True, i==Q(k_p) mod ell=True, e* in E_R=True, alpha^e*==giant mod p=True
  giantsteps: regular=1120, skinny=320
  babysteps: sieved |E_R|=19383 of dense 37312 (ratio 0.519, rho=0.519); skinny 2155; plain HH shortest-vector baseline 4007

25/25 factored.

Trial 1: N=5710799408660597 (53 bits), p=59758967, q=95563891
  m=1155 (primes<= 11), m0=1, X=m*m0=1155, S=[7, 11], t=2, M=77, rho=0.519, Y=2.000
  lambda0~1925.2, Lambda_R=27229, Lambda_S=1574, L*=54536
  RESULT: factor 95563891  via collision mod p (multipoint gcd)  (0.1s)
  oracle (correct candidate): branch=regular, i in [0,2Lambda]=True, i==Q(k_p) mod ell=True, e* in E_R=True, alpha^e*==giant mod p=True
  giantsteps: regular=1072, skinny=368
  babysteps: sieved |E_R|=28331 of dense 54536 (ratio 0.519, rho=0.519); skinny 3149; plain HH shortest-vector baseline 5857

Trial 2: N=6549749066673119 (53 bits), p=59483231, q=110110849
  m=1155 (primes<= 11), m0=1, X=m*m0=1155, S=[7, 11], t=2, M=77, rho=0.519, Y=2.000
  lambda0~2061.8, Lambda_R=29160, Lambda_S=1686, L*=58398
  RESULT: factor 59483231  via collision mod p (multipoint gcd)  (0.1s)
  oracle (correct candidate): branch=regular, i in [0,2Lambda]=True, i==Q(k_p) mod ell=True, e* in E_R=True, alpha^e*==giant mod p=True
  giantsteps: regular=1008, skinny=432
  babysteps: sieved |E_R|=30338 of dense 58398 (ratio 0.520, rho=0.519); skinny 3373; plain HH shortest-vector baseline 6273

Trial 3: N=3515925451662629 (52 bits), p=40783997, q=86208457
  m=1155 (primes<= 11), m0=1, X=m*m0=1155, S=[7, 11], t=2, M=77, rho=0.519, Y=2.000
  lambda0~1510.6, Lambda_R=21365, Lambda_S=1236, L*=42808
  RESULT: factor 40783997  via collision mod p (multipoint gcd)  (0.1s)
  oracle (correct candidate): branch=regular, i in [0,2Lambda]=True, i==Q(k_p) mod ell=True, e* in E_R=True, alpha^e*==giant mod p=True
  giantsteps: regular=1168, skinny=272
  babysteps: sieved |E_R|=22239 of dense 42808 (ratio 0.520, rho=0.519); skinny 2473; plain HH shortest-vector baseline 4597

Trial 4: N=2229347331896767 (51 bits), p=43093151, q=51733217
  m=1155 (primes<= 11), m0=1, X=m*m0=1155, S=[7, 11], t=2, M=77, rho=0.519, Y=2.000
  lambda0~1202.9, Lambda_R=17014, Lambda_S=985, L*=34106
  RESULT: factor 51733217  via collision mod p (multipoint gcd)  (0.1s)
  oracle (correct candidate): branch=regular, i in [0,2Lambda]=True, i==Q(k_p) mod ell=True, e* in E_R=True, alpha^e*==giant mod p=True
  giantsteps: regular=1040, skinny=400
  babysteps: sieved |E_R|=17719 of dense 34106 (ratio 0.520, rho=0.519); skinny 1971; plain HH shortest-vector baseline 3661

Trial 5: N=7329302168195591 (53 bits), p=57514343, q=127434337
  m=1155 (primes<= 11), m0=1, X=m*m0=1155, S=[7, 11], t=2, M=77, rho=0.519, Y=2.000
  lambda0~2181.0, Lambda_R=30847, Lambda_S=1783, L*=61772
  RESULT: factor 127434337  via collision mod p (multipoint gcd)  (0.1s)
  oracle (correct candidate): branch=regular, i in [0,2Lambda]=True, i==Q(k_p) mod ell=True, e* in E_R=True, alpha^e*==giant mod p=True
  giantsteps: regular=1168, skinny=272
  babysteps: sieved |E_R|=32090 of dense 61772 (ratio 0.519, rho=0.519); skinny 3567; plain HH shortest-vector baseline 6635

Trial 6: N=4075344927288911 (52 bits), p=42975893, q=94828627
  m=1155 (primes<= 11), m0=1, X=m*m0=1155, S=[7, 11], t=2, M=77, rho=0.519, Y=2.000
  lambda0~1626.3, Lambda_R=23002, Lambda_S=1330, L*=46082
  RESULT: factor 94828627  via collision mod p (multipoint gcd)  (0.1s)
  oracle (correct candidate): branch=regular, i in [0,2Lambda]=True, i==Q(k_p) mod ell=True, e* in E_R=True, alpha^e*==giant mod p=True
  giantsteps: regular=1168, skinny=272
  babysteps: sieved |E_R|=23939 of dense 46082 (ratio 0.519, rho=0.519); skinny 2661; plain HH shortest-vector baseline 4949

Trial 7: N=5789976005682989 (53 bits), p=55393969, q=104523581
  m=1155 (primes<= 11), m0=1, X=m*m0=1155, S=[7, 11], t=2, M=77, rho=0.519, Y=2.000
  lambda0~1938.5, Lambda_R=27417, Lambda_S=1585, L*=54912
  RESULT: factor 55393969  via collision mod p (multipoint gcd)  (0.1s)
  oracle (correct candidate): branch=regular, i in [0,2Lambda]=True, i==Q(k_p) mod ell=True, e* in E_R=True, alpha^e*==giant mod p=True
  giantsteps: regular=1072, skinny=368
  babysteps: sieved |E_R|=28526 of dense 54912 (ratio 0.519, rho=0.519); skinny 3171; plain HH shortest-vector baseline 5897

Trial 8: N=5040667938117811 (53 bits), p=67043069, q=75185519
  m=1155 (primes<= 11), m0=1, X=m*m0=1155, S=[7, 11], t=2, M=77, rho=0.519, Y=2.000
  lambda0~1808.7, Lambda_R=25582, Lambda_S=1479, L*=51242
  RESULT: factor 67043069  via collision mod p (multipoint gcd)  (0.1s)
  oracle (correct candidate): branch=regular, i in [0,2Lambda]=True, i==Q(k_p) mod ell=True, e* in E_R=True, alpha^e*==giant mod p=True
  giantsteps: regular=1120, skinny=320
  babysteps: sieved |E_R|=26620 of dense 51242 (ratio 0.519, rho=0.519); skinny 2959; plain HH shortest-vector baseline 5503

Trial 9: N=4832695244087461 (53 bits), p=45486257, q=106245173
  m=1155 (primes<= 11), m0=1, X=m*m0=1155, S=[7, 11], t=2, M=77, rho=0.519, Y=2.000
  lambda0~1771.0, Lambda_R=25048, Lambda_S=1449, L*=50174
  RESULT: factor 45486257  via collision mod p (multipoint gcd)  (0.1s)
  oracle (correct candidate): branch=skinny, i in [0,2Lambda]=True, i==Q(k_p) mod ell=True, e* in E_R=None, alpha^e*==giant mod p=True
  giantsteps: regular=976, skinny=464
  babysteps: sieved |E_R|=26064 of dense 50174 (ratio 0.519, rho=0.519); skinny 2899; plain HH shortest-vector baseline 5389

Trial 10: N=5885255954307329 (53 bits), p=57988643, q=101489803
  m=1155 (primes<= 11), m0=1, X=m*m0=1155, S=[7, 11], t=2, M=77, rho=0.519, Y=2.000
  lambda0~1954.4, Lambda_R=27642, Lambda_S=1598, L*=55362
  RESULT: factor 57988643  via collision mod p (multipoint gcd)  (0.1s)
  oracle (correct candidate): branch=regular, i in [0,2Lambda]=True, i==Q(k_p) mod ell=True, e* in E_R=True, alpha^e*==giant mod p=True
  giantsteps: regular=1008, skinny=432
  babysteps: sieved |E_R|=28760 of dense 55362 (ratio 0.519, rho=0.519); skinny 3197; plain HH shortest-vector baseline 5947

Trial 11: N=5092800235672969 (53 bits), p=48564547, q=104866627
  m=1155 (primes<= 11), m0=1, X=m*m0=1155, S=[7, 11], t=2, M=77, rho=0.519, Y=2.000
  lambda0~1818.0, Lambda_R=25714, Lambda_S=1487, L*=51506
  RESULT: factor 104866627  via collision mod p (multipoint gcd)  (0.1s)
  oracle (correct candidate): branch=regular, i in [0,2Lambda]=True, i==Q(k_p) mod ell=True, e* in E_R=True, alpha^e*==giant mod p=True
  giantsteps: regular=1136, skinny=304
  babysteps: sieved |E_R|=26757 of dense 51506 (ratio 0.519, rho=0.519); skinny 2975; plain HH shortest-vector baseline 5531

Trial 12: N=2746178353868077 (52 bits), p=40889327, q=67161251
  m=1155 (primes<= 11), m0=1, X=m*m0=1155, S=[7, 11], t=2, M=77, rho=0.519, Y=2.000
  lambda0~1335.0, Lambda_R=18883, Lambda_S=1093, L*=37844
  RESULT: factor 67161251  via collision mod p (multipoint gcd)  (0.1s)
  oracle (correct candidate): branch=regular, i in [0,2Lambda]=True, i==Q(k_p) mod ell=True, e* in E_R=True, alpha^e*==giant mod p=True
  giantsteps: regular=1104, skinny=336
  babysteps: sieved |E_R|=19660 of dense 37844 (ratio 0.520, rho=0.519); skinny 2187; plain HH shortest-vector baseline 4063

Trial 13: N=3605956673111869 (52 bits), p=38159939, q=94495871
  m=1155 (primes<= 11), m0=1, X=m*m0=1155, S=[7, 11], t=2, M=77, rho=0.519, Y=2.000
  lambda0~1529.8, Lambda_R=21637, Lambda_S=1252, L*=43352
  RESULT: factor 94495871  via collision mod p (multipoint gcd)  (0.1s)
  oracle (correct candidate): branch=regular, i in [0,2Lambda]=True, i==Q(k_p) mod ell=True, e* in E_R=True, alpha^e*==giant mod p=True
  giantsteps: regular=1120, skinny=320
  babysteps: sieved |E_R|=22521 of dense 43352 (ratio 0.519, rho=0.519); skinny 2505; plain HH shortest-vector baseline 4655

Trial 14: N=4965968964028733 (53 bits), p=61190057, q=81156469
  m=1155 (primes<= 11), m0=1, X=m*m0=1155, S=[7, 11], t=2, M=77, rho=0.519, Y=2.000
  lambda0~1795.3, Lambda_R=25391, Lambda_S=1468, L*=50860
  RESULT: factor 61190057  via collision mod p (multipoint gcd)  (0.1s)
  oracle (correct candidate): branch=skinny, i in [0,2Lambda]=True, i==Q(k_p) mod ell=True, e* in E_R=None, alpha^e*==giant mod p=True
  giantsteps: regular=1072, skinny=368
  babysteps: sieved |E_R|=26421 of dense 50860 (ratio 0.519, rho=0.519); skinny 2937; plain HH shortest-vector baseline 5463

Trial 15: N=3215943710551813 (52 bits), p=40250293, q=79898641
  m=1155 (primes<= 11), m0=1, X=m*m0=1155, S=[7, 11], t=2, M=77, rho=0.519, Y=2.000
  lambda0~1444.7, Lambda_R=20434, Lambda_S=1182, L*=40946
  RESULT: factor 79898641  via collision mod p (multipoint gcd)  (0.1s)
  oracle (correct candidate): branch=regular, i in [0,2Lambda]=True, i==Q(k_p) mod ell=True, e* in E_R=True, alpha^e*==giant mod p=True
  giantsteps: regular=1184, skinny=256
  babysteps: sieved |E_R|=21271 of dense 40946 (ratio 0.519, rho=0.519); skinny 2365; plain HH shortest-vector baseline 4397

Trial 16: N=4753428504837773 (53 bits), p=39122689, q=121500557
  m=1155 (primes<= 11), m0=1, X=m*m0=1155, S=[7, 11], t=2, M=77, rho=0.519, Y=2.000
  lambda0~1756.4, Lambda_R=24842, Lambda_S=1437, L*=49762
  RESULT: factor 39122689  via collision mod p (multipoint gcd)  (0.1s)
  oracle (correct candidate): branch=skinny, i in [0,2Lambda]=True, i==Q(k_p) mod ell=True, e* in E_R=None, alpha^e*==giant mod p=True
  giantsteps: regular=976, skinny=464
  babysteps: sieved |E_R|=25851 of dense 49762 (ratio 0.519, rho=0.519); skinny 2875; plain HH shortest-vector baseline 5345

Trial 17: N=3661258537064647 (52 bits), p=52135309, q=70226083
  m=1155 (primes<= 11), m0=1, X=m*m0=1155, S=[7, 11], t=2, M=77, rho=0.519, Y=2.000
  lambda0~1541.5, Lambda_R=21803, Lambda_S=1261, L*=43684
  RESULT: factor 52135309  via collision mod p (multipoint gcd)  (0.1s)
  oracle (correct candidate): branch=skinny, i in [0,2Lambda]=True, i==Q(k_p) mod ell=True, e* in E_R=None, alpha^e*==giant mod p=True
  giantsteps: regular=1104, skinny=336
  babysteps: sieved |E_R|=22694 of dense 43684 (ratio 0.520, rho=0.519); skinny 2523; plain HH shortest-vector baseline 4691

Trial 18: N=6848210526466927 (53 bits), p=65487971, q=104572037
  m=1155 (primes<= 11), m0=1, X=m*m0=1155, S=[7, 11], t=2, M=77, rho=0.519, Y=2.000
  lambda0~2108.2, Lambda_R=29817, Lambda_S=1724, L*=59712
  RESULT: factor 65487971  via collision mod p (multipoint gcd)  (0.1s)
  oracle (correct candidate): branch=regular, i in [0,2Lambda]=True, i==Q(k_p) mod ell=True, e* in E_R=True, alpha^e*==giant mod p=True
  giantsteps: regular=1104, skinny=336
  babysteps: sieved |E_R|=31020 of dense 59712 (ratio 0.519, rho=0.519); skinny 3449; plain HH shortest-vector baseline 6413

Trial 19: N=1607529808295483 (51 bits), p=36212129, q=44392027
  m=1155 (primes<= 11), m0=1, X=m*m0=1155, S=[7, 11], t=2, M=77, rho=0.519, Y=2.000
  lambda0~1021.4, Lambda_R=14448, Lambda_S=836, L*=28974
  RESULT: factor 36212129  via collision mod p (multipoint gcd)  (0.1s)
  oracle (correct candidate): branch=regular, i in [0,2Lambda]=True, i==Q(k_p) mod ell=True, e* in E_R=True, alpha^e*==giant mod p=True
  giantsteps: regular=944, skinny=496
  babysteps: sieved |E_R|=15052 of dense 28974 (ratio 0.520, rho=0.519); skinny 1673; plain HH shortest-vector baseline 3111

Trial 20: N=3306476936833177 (52 bits), p=35080291, q=94254547
  m=1155 (primes<= 11), m0=1, X=m*m0=1155, S=[7, 11], t=2, M=77, rho=0.519, Y=2.000
  lambda0~1464.9, Lambda_R=20719, Lambda_S=1199, L*=41516
  RESULT: factor 35080291  via Lemma 3.11 certification  (0.0s)

Trial 21: N=2334500950112663 (52 bits), p=35869661, q=65082883
  m=1155 (primes<= 11), m0=1, X=m*m0=1155, S=[7, 11], t=2, M=77, rho=0.519, Y=2.000
  lambda0~1230.9, Lambda_R=17410, Lambda_S=1008, L*=34898
  RESULT: factor 65082883  via collision mod p (multipoint gcd)  (0.1s)
  oracle (correct candidate): branch=skinny, i in [0,2Lambda]=True, i==Q(k_p) mod ell=True, e* in E_R=None, alpha^e*==giant mod p=True
  giantsteps: regular=976, skinny=464
  babysteps: sieved |E_R|=18130 of dense 34898 (ratio 0.520, rho=0.519); skinny 2017; plain HH shortest-vector baseline 3747

Trial 22: N=3698793795604909 (52 bits), p=60450479, q=61187171
  m=1155 (primes<= 11), m0=1, X=m*m0=1155, S=[7, 11], t=2, M=77, rho=0.519, Y=2.000
  lambda0~1549.4, Lambda_R=21914, Lambda_S=1268, L*=43906
  RESULT: factor 60450479  via collision mod p (multipoint gcd)  (0.1s)
  oracle (correct candidate): branch=regular, i in [0,2Lambda]=True, i==Q(k_p) mod ell=True, e* in E_R=True, alpha^e*==giant mod p=True
  giantsteps: regular=976, skinny=464
  babysteps: sieved |E_R|=22809 of dense 43906 (ratio 0.519, rho=0.519); skinny 2537; plain HH shortest-vector baseline 4715

Trial 23: N=4373343261613451 (52 bits), p=34669451, q=126144001
  m=1155 (primes<= 11), m0=1, X=m*m0=1155, S=[7, 11], t=2, M=77, rho=0.519, Y=2.000
  lambda0~1684.7, Lambda_R=23828, Lambda_S=1378, L*=47734
  RESULT: factor 126144001  via collision mod p (multipoint gcd)  (0.1s)
  oracle (correct candidate): branch=regular, i in [0,2Lambda]=True, i==Q(k_p) mod ell=True, e* in E_R=True, alpha^e*==giant mod p=True
  giantsteps: regular=1168, skinny=272
  babysteps: sieved |E_R|=24798 of dense 47734 (ratio 0.520, rho=0.519); skinny 2757; plain HH shortest-vector baseline 5127

Trial 24: N=5733878761280447 (53 bits), p=50533429, q=113467043
  m=1155 (primes<= 11), m0=1, X=m*m0=1155, S=[7, 11], t=2, M=77, rho=0.519, Y=2.000
  lambda0~1929.1, Lambda_R=27284, Lambda_S=1578, L*=54646
  RESULT: factor 50533429  via collision mod p (multipoint gcd)  (0.1s)
  oracle (correct candidate): branch=regular, i in [0,2Lambda]=True, i==Q(k_p) mod ell=True, e* in E_R=True, alpha^e*==giant mod p=True
  giantsteps: regular=944, skinny=496
  babysteps: sieved |E_R|=28387 of dense 54646 (ratio 0.519, rho=0.519); skinny 3157; plain HH shortest-vector baseline 5869

Trial 25: N=4600933764548773 (53 bits), p=60342091, q=76247503
  m=1155 (primes<= 11), m0=1, X=m*m0=1155, S=[7, 11], t=2, M=77, rho=0.519, Y=2.000
  lambda0~1728.0, Lambda_R=24440, Lambda_S=1413, L*=48958
  RESULT: factor 60342091  via collision mod p (multipoint gcd)  (0.1s)
  oracle (correct candidate): branch=regular, i in [0,2Lambda]=True, i==Q(k_p) mod ell=True, e* in E_R=True, alpha^e*==giant mod p=True
  giantsteps: regular=1104, skinny=336
  babysteps: sieved |E_R|=25433 of dense 48958 (ratio 0.519, rho=0.519); skinny 2827; plain HH shortest-vector baseline 5259

25/25 factored.

Trial 1: N=6493686303468803 (53 bits), p=64626329, q=100480507
  m=1155 (primes<= 11), m0=1, X=m*m0=1155, S=[7, 11], t=2, M=77, rho=0.519, Y=2.000
  lambda0~2052.9, Lambda_R=29035, Lambda_S=1679, L*=58148
  RESULT: factor 64626329  via collision mod p (multipoint gcd)  (0.1s)
  oracle (correct candidate): branch=regular, i in [0,2Lambda]=True, i==Q(k_p) mod ell=True, e* in E_R=True, alpha^e*==giant mod p=True
  giantsteps: regular=976, skinny=464
  babysteps: sieved |E_R|=30207 of dense 58148 (ratio 0.519, rho=0.519); skinny 3359; plain HH shortest-vector baseline 6245

Trial 2: N=3333228601585703 (52 bits), p=49527161, q=67301023
  m=1155 (primes<= 11), m0=1, X=m*m0=1155, S=[7, 11], t=2, M=77, rho=0.519, Y=2.000
  lambda0~1470.8, Lambda_R=20803, Lambda_S=1203, L*=41684
  RESULT: factor 49527161  via collision mod p (multipoint gcd)  (0.1s)
  oracle (correct candidate): branch=regular, i in [0,2Lambda]=True, i==Q(k_p) mod ell=True, e* in E_R=True, alpha^e*==giant mod p=True
  giantsteps: regular=944, skinny=496
  babysteps: sieved |E_R|=21655 of dense 41684 (ratio 0.520, rho=0.519); skinny 2407; plain HH shortest-vector baseline 4477

Trial 3: N=6672918727683919 (53 bits), p=59301743, q=112524833
  m=1155 (primes<= 11), m0=1, X=m*m0=1155, S=[7, 11], t=2, M=77, rho=0.519, Y=2.000
  lambda0~2081.1, Lambda_R=29433, Lambda_S=1702, L*=58944
  RESULT: factor 112524833  via collision mod p (multipoint gcd)  (0.1s)
  oracle (correct candidate): branch=regular, i in [0,2Lambda]=True, i==Q(k_p) mod ell=True, e* in E_R=True, alpha^e*==giant mod p=True
  giantsteps: regular=1136, skinny=304
  babysteps: sieved |E_R|=30621 of dense 58944 (ratio 0.519, rho=0.519); skinny 3405; plain HH shortest-vector baseline 6331

Trial 4: N=2944473580022539 (52 bits), p=36453181, q=80774119
  m=1155 (primes<= 11), m0=1, X=m*m0=1155, S=[7, 11], t=2, M=77, rho=0.519, Y=2.000
  lambda0~1382.4, Lambda_R=19552, Lambda_S=1131, L*=39182
  RESULT: factor 36453181  via collision mod p (multipoint gcd)  (0.1s)
  oracle (correct candidate): branch=regular, i in [0,2Lambda]=True, i==Q(k_p) mod ell=True, e* in E_R=True, alpha^e*==giant mod p=True
  giantsteps: regular=1088, skinny=352
  babysteps: sieved |E_R|=20355 of dense 39182 (ratio 0.519, rho=0.519); skinny 2263; plain HH shortest-vector baseline 4207

Trial 5: N=2440273679192753 (52 bits), p=39158263, q=62318231
  m=1155 (primes<= 11), m0=1, X=m*m0=1155, S=[7, 11], t=2, M=77, rho=0.519, Y=2.000
  lambda0~1258.5, Lambda_R=17800, Lambda_S=1030, L*=35678
  RESULT: factor 39158263  via Lemma 3.11 certification  (0.0s)

Trial 6: N=4297117065343007 (52 bits), p=51560449, q=83341343
  m=1155 (primes<= 11), m0=1, X=m*m0=1155, S=[7, 11], t=2, M=77, rho=0.519, Y=2.000
  lambda0~1670.0, Lambda_R=23620, Lambda_S=1366, L*=47318
  RESULT: factor 51560449  via collision mod p (multipoint gcd)  (0.1s)
  oracle (correct candidate): branch=skinny, i in [0,2Lambda]=True, i==Q(k_p) mod ell=True, e* in E_R=None, alpha^e*==giant mod p=True
  giantsteps: regular=1072, skinny=368
  babysteps: sieved |E_R|=24581 of dense 47318 (ratio 0.519, rho=0.519); skinny 2733; plain HH shortest-vector baseline 5081

Trial 7: N=3026243179025879 (52 bits), p=36442177, q=83042327
  m=1155 (primes<= 11), m0=1, X=m*m0=1155, S=[7, 11], t=2, M=77, rho=0.519, Y=2.000
  lambda0~1401.5, Lambda_R=19822, Lambda_S=1147, L*=39722
  RESULT: factor 36442177  via collision mod p (multipoint gcd)  (0.1s)
  oracle (correct candidate): branch=regular, i in [0,2Lambda]=True, i==Q(k_p) mod ell=True, e* in E_R=True, alpha^e*==giant mod p=True
  giantsteps: regular=1072, skinny=368
  babysteps: sieved |E_R|=20635 of dense 39722 (ratio 0.519, rho=0.519); skinny 2295; plain HH shortest-vector baseline 4265

Trial 8: N=2344503033635491 (52 bits), p=33595699, q=69785809
  m=1155 (primes<= 11), m0=1, X=m*m0=1155, S=[7, 11], t=2, M=77, rho=0.519, Y=2.000
  lambda0~1233.5, Lambda_R=17447, Lambda_S=1010, L*=34972
  RESULT: factor 69785809  via collision mod p (multipoint gcd)  (0.1s)
  oracle (correct candidate): branch=regular, i in [0,2Lambda]=True, i==Q(k_p) mod ell=True, e* in E_R=True, alpha^e*==giant mod p=True
  giantsteps: regular=976, skinny=464
  babysteps: sieved |E_R|=18167 of dense 34972 (ratio 0.519, rho=0.519); skinny 2021; plain HH shortest-vector baseline 3755

Trial 9: N=3172317646532869 (52 bits), p=53035963, q=59814463
  m=1155 (primes<= 11), m0=1, X=m*m0=1155, S=[7, 11], t=2, M=77, rho=0.519, Y=2.000
  lambda0~1434.9, Lambda_R=20295, Lambda_S=1174, L*=40668
  RESULT: factor 53035963  via collision mod p (multipoint gcd)  (0.1s)
  oracle (correct candidate): branch=regular, i in [0,2Lambda]=True, i==Q(k_p) mod ell=True, e* in E_R=True, alpha^e*==giant mod p=True
  giantsteps: regular=1136, skinny=304
  babysteps: sieved |E_R|=21127 of dense 40668 (ratio 0.519, rho=0.519); skinny 2349; plain HH shortest-vector baseline 4367

Trial 10: N=5210048288163353 (53 bits), p=65828197, q=79146149
  m=1155 (primes<= 11), m0=1, X=m*m0=1155, S=[7, 11], t=2, M=77, rho=0.519, Y=2.000
  lambda0~1838.9, Lambda_R=26008, Lambda_S=1504, L*=52094
  RESULT: factor 65828197  via collision mod p (multipoint gcd)  (0.1s)
  oracle (correct candidate): branch=regular, i in [0,2Lambda]=True, i==Q(k_p) mod ell=True, e* in E_R=True, alpha^e*==giant mod p=True
  giantsteps: regular=976, skinny=464
  babysteps: sieved |E_R|=27062 of dense 52094 (ratio 0.519, rho=0.519); skinny 3009; plain HH shortest-vector baseline 5595

Trial 11: N=4687271153501333 (53 bits), p=36702551, q=127709683
  m=1155 (primes<= 11), m0=1, X=m*m0=1155, S=[7, 11], t=2, M=77, rho=0.519, Y=2.000
  lambda0~1744.2, Lambda_R=24669, Lambda_S=1427, L*=49416
  RESULT: factor 36702551  via collision mod p (multipoint gcd)  (0.1s)
  oracle (correct candidate): branch=regular, i in [0,2Lambda]=True, i==Q(k_p) mod ell=True, e* in E_R=True, alpha^e*==giant mod p=True
  giantsteps: regular=1072, skinny=368
  babysteps: sieved |E_R|=25671 of dense 49416 (ratio 0.519, rho=0.519); skinny 2855; plain HH shortest-vector baseline 5307

Trial 12: N=6634813424649437 (53 bits), p=61053121, q=108672797
  m=1155 (primes<= 11), m0=1, X=m*m0=1155, S=[7, 11], t=2, M=77, rho=0.519, Y=2.000
  lambda0~2075.1, Lambda_R=29349, Lambda_S=1697, L*=58776
  RESULT: factor 61053121  via collision mod p (multipoint gcd)  (0.1s)
  oracle (correct candidate): branch=regular, i in [0,2Lambda]=True, i==Q(k_p) mod ell=True, e* in E_R=True, alpha^e*==giant mod p=True
  giantsteps: regular=1072, skinny=368
  babysteps: sieved |E_R|=30534 of dense 58776 (ratio 0.519, rho=0.519); skinny 3395; plain HH shortest-vector baseline 6313

Trial 13: N=3201069963999647 (52 bits), p=48395857, q=66143471
  m=1155 (primes<= 11), m0=1, X=m*m0=1155, S=[7, 11], t=2, M=77, rho=0.519, Y=2.000
  lambda0~1441.4, Lambda_R=20387, Lambda_S=1179, L*=40852
  RESULT: factor 48395857  via collision mod p (multipoint gcd)  (0.1s)
  oracle (correct candidate): branch=skinny, i in [0,2Lambda]=True, i==Q(k_p) mod ell=True, e* in E_R=None, alpha^e*==giant mod p=True
  giantsteps: regular=1072, skinny=368
  babysteps: sieved |E_R|=21222 of dense 40852 (ratio 0.519, rho=0.519); skinny 2359; plain HH shortest-vector baseline 4387

Trial 14: N=1590179677486633 (51 bits), p=34041197, q=46713389
  m=1155 (primes<= 11), m0=1, X=m*m0=1155, S=[7, 11], t=2, M=77, rho=0.519, Y=2.000
  lambda0~1015.9, Lambda_R=14369, Lambda_S=832, L*=28816
  RESULT: factor 34041197  via collision mod p (multipoint gcd)  (0.1s)
  oracle (correct candidate): branch=regular, i in [0,2Lambda]=True, i==Q(k_p) mod ell=True, e* in E_R=True, alpha^e*==giant mod p=True
  giantsteps: regular=1104, skinny=336
  babysteps: sieved |E_R|=14970 of dense 28816 (ratio 0.520, rho=0.519); skinny 1665; plain HH shortest-vector baseline 3093

Trial 15: N=6647819693377981 (53 bits), p=61510483, q=108076207
  m=1155 (primes<= 11), m0=1, X=m*m0=1155, S=[7, 11], t=2, M=77, rho=0.519, Y=2.000
  lambda0~2077.1, Lambda_R=29378, Lambda_S=1698, L*=58834
  RESULT: factor 108076207  via collision mod p (multipoint gcd)  (0.1s)
  oracle (correct candidate): branch=regular, i in [0,2Lambda]=True, i==Q(k_p) mod ell=True, e* in E_R=True, alpha^e*==giant mod p=True
  giantsteps: regular=1120, skinny=320
  babysteps: sieved |E_R|=30563 of dense 58834 (ratio 0.519, rho=0.519); skinny 3397; plain HH shortest-vector baseline 6319

Trial 16: N=3522875813482637 (52 bits), p=46208621, q=76238497
  m=1155 (primes<= 11), m0=1, X=m*m0=1155, S=[7, 11], t=2, M=77, rho=0.519, Y=2.000
  lambda0~1512.1, Lambda_R=21387, Lambda_S=1237, L*=42852
  RESULT: factor 76238497  via collision mod p (multipoint gcd)  (0.1s)
  oracle (correct candidate): branch=skinny, i in [0,2Lambda]=True, i==Q(k_p) mod ell=True, e* in E_R=None, alpha^e*==giant mod p=True
  giantsteps: regular=976, skinny=464
  babysteps: sieved |E_R|=22261 of dense 42852 (ratio 0.519, rho=0.519); skinny 2475; plain HH shortest-vector baseline 4601

Trial 17: N=5395436636459231 (53 bits), p=57539953, q=93768527
  m=1155 (primes<= 11), m0=1, X=m*m0=1155, S=[7, 11], t=2, M=77, rho=0.519, Y=2.000
  lambda0~1871.3, Lambda_R=26466, Lambda_S=1530, L*=53010
  RESULT: factor 57539953  via collision mod p (multipoint gcd)  (0.1s)
  oracle (correct candidate): branch=regular, i in [0,2Lambda]=True, i==Q(k_p) mod ell=True, e* in E_R=True, alpha^e*==giant mod p=True
  giantsteps: regular=1008, skinny=432
  babysteps: sieved |E_R|=27538 of dense 53010 (ratio 0.519, rho=0.519); skinny 3061; plain HH shortest-vector baseline 5693

Trial 18: N=3940309903356019 (52 bits), p=45509407, q=86582317
  m=1155 (primes<= 11), m0=1, X=m*m0=1155, S=[7, 11], t=2, M=77, rho=0.519, Y=2.000
  lambda0~1599.2, Lambda_R=22618, Lambda_S=1308, L*=45314
  RESULT: factor 86582317  via collision mod p (multipoint gcd)  (0.1s)
  oracle (correct candidate): branch=regular, i in [0,2Lambda]=True, i==Q(k_p) mod ell=True, e* in E_R=True, alpha^e*==giant mod p=True
  giantsteps: regular=1136, skinny=304
  babysteps: sieved |E_R|=23541 of dense 45314 (ratio 0.520, rho=0.519); skinny 2617; plain HH shortest-vector baseline 4867

Trial 19: N=3874782165194561 (52 bits), p=46064063, q=84117247
  m=1155 (primes<= 11), m0=1, X=m*m0=1155, S=[7, 11], t=2, M=77, rho=0.519, Y=2.000
  lambda0~1585.8, Lambda_R=22429, Lambda_S=1297, L*=44936
  RESULT: factor 84117247  via collision mod p (multipoint gcd)  (0.1s)
  oracle (correct candidate): branch=regular, i in [0,2Lambda]=True, i==Q(k_p) mod ell=True, e* in E_R=True, alpha^e*==giant mod p=True
  giantsteps: regular=1168, skinny=272
  babysteps: sieved |E_R|=23344 of dense 44936 (ratio 0.519, rho=0.519); skinny 2595; plain HH shortest-vector baseline 4825

Trial 20: N=3659488086027757 (52 bits), p=42263021, q=86588417
  m=1155 (primes<= 11), m0=1, X=m*m0=1155, S=[7, 11], t=2, M=77, rho=0.519, Y=2.000
  lambda0~1541.1, Lambda_R=21797, Lambda_S=1261, L*=43672
  RESULT: factor 42263021  via collision mod p (multipoint gcd)  (0.1s)
  oracle (correct candidate): branch=skinny, i in [0,2Lambda]=True, i==Q(k_p) mod ell=True, e* in E_R=None, alpha^e*==giant mod p=True
  giantsteps: regular=1104, skinny=336
  babysteps: sieved |E_R|=22687 of dense 43672 (ratio 0.519, rho=0.519); skinny 2523; plain HH shortest-vector baseline 4689

Trial 21: N=6127414832777417 (53 bits), p=53529323, q=114468379
  m=1155 (primes<= 11), m0=1, X=m*m0=1155, S=[7, 11], t=2, M=77, rho=0.519, Y=2.000
  lambda0~1994.2, Lambda_R=28205, Lambda_S=1631, L*=56488
  RESULT: factor 114468379  via collision mod p (multipoint gcd)  (0.1s)
  oracle (correct candidate): branch=regular, i in [0,2Lambda]=True, i==Q(k_p) mod ell=True, e* in E_R=True, alpha^e*==giant mod p=True
  giantsteps: regular=1168, skinny=272
  babysteps: sieved |E_R|=29344 of dense 56488 (ratio 0.519, rho=0.519); skinny 3263; plain HH shortest-vector baseline 6067

Trial 22: N=3849479058667999 (52 bits), p=46953691, q=81984589
  m=1155 (primes<= 11), m0=1, X=m*m0=1155, S=[7, 11], t=2, M=77, rho=0.519, Y=2.000
  lambda0~1580.6, Lambda_R=22356, Lambda_S=1293, L*=44790
  RESULT: factor 46953691  via collision mod p (multipoint gcd)  (0.1s)
  oracle (correct candidate): branch=skinny, i in [0,2Lambda]=True, i==Q(k_p) mod ell=True, e* in E_R=None, alpha^e*==giant mod p=True
  giantsteps: regular=976, skinny=464
  babysteps: sieved |E_R|=23267 of dense 44790 (ratio 0.519, rho=0.519); skinny 2587; plain HH shortest-vector baseline 4811

Trial 23: N=5504744836424059 (53 bits), p=41832811, q=131589169
  m=1155 (primes<= 11), m0=1, X=m*m0=1155, S=[7, 11], t=2, M=77, rho=0.519, Y=2.000
  lambda0~1890.1, Lambda_R=26733, Lambda_S=1546, L*=53544
  RESULT: factor 131589169  via collision mod p (multipoint gcd)  (0.1s)
  oracle (correct candidate): branch=skinny, i in [0,2Lambda]=True, i==Q(k_p) mod ell=True, e* in E_R=None, alpha^e*==giant mod p=True
  giantsteps: regular=1136, skinny=304
  babysteps: sieved |E_R|=27816 of dense 53544 (ratio 0.519, rho=0.519); skinny 3093; plain HH shortest-vector baseline 5751

Trial 24: N=7199956371334681 (53 bits), p=55239083, q=130341707
  m=1155 (primes<= 11), m0=1, X=m*m0=1155, S=[7, 11], t=2, M=77, rho=0.519, Y=2.000
  lambda0~2161.7, Lambda_R=30573, Lambda_S=1768, L*=61224
  RESULT: factor 130341707  via collision mod p (multipoint gcd)  (0.1s)
  oracle (correct candidate): branch=regular, i in [0,2Lambda]=True, i==Q(k_p) mod ell=True, e* in E_R=True, alpha^e*==giant mod p=True
  giantsteps: regular=1088, skinny=352
  babysteps: sieved |E_R|=31805 of dense 61224 (ratio 0.519, rho=0.519); skinny 3537; plain HH shortest-vector baseline 6577

Trial 25: N=4974515068035497 (53 bits), p=47690857, q=104307521
  m=1155 (primes<= 11), m0=1, X=m*m0=1155, S=[7, 11], t=2, M=77, rho=0.519, Y=2.000
  lambda0~1796.8, Lambda_R=25413, Lambda_S=1470, L*=50904
  RESULT: factor 104307521  via collision mod p (multipoint gcd)  (0.1s)
  oracle (correct candidate): branch=skinny, i in [0,2Lambda]=True, i==Q(k_p) mod ell=True, e* in E_R=None, alpha^e*==giant mod p=True
  giantsteps: regular=976, skinny=464
  babysteps: sieved |E_R|=26443 of dense 50904 (ratio 0.519, rho=0.519); skinny 2941; plain HH shortest-vector baseline 5467

25/25 factored.

Trial 1: N=5931123460530419 (53 bits), p=55550893, q=106769183
  m=1155 (primes<= 11), m0=1, X=m*m0=1155, S=[7, 11], t=2, M=77, rho=0.519, Y=2.000
  lambda0~1962.0, Lambda_R=27749, Lambda_S=1604, L*=55576
  RESULT: factor 106769183  via collision mod p (multipoint gcd)  (0.1s)
  oracle (correct candidate): branch=regular, i in [0,2Lambda]=True, i==Q(k_p) mod ell=True, e* in E_R=True, alpha^e*==giant mod p=True
  giantsteps: regular=1072, skinny=368
  babysteps: sieved |E_R|=28871 of dense 55576 (ratio 0.519, rho=0.519); skinny 3209; plain HH shortest-vector baseline 5969

Trial 2: N=6704841338362721 (53 bits), p=58736563, q=114151067
  m=1155 (primes<= 11), m0=1, X=m*m0=1155, S=[7, 11], t=2, M=77, rho=0.519, Y=2.000
  lambda0~2086.0, Lambda_R=29503, Lambda_S=1706, L*=59084
  RESULT: factor 58736563  via collision mod p (multipoint gcd)  (0.1s)
  oracle (correct candidate): branch=regular, i in [0,2Lambda]=True, i==Q(k_p) mod ell=True, e* in E_R=True, alpha^e*==giant mod p=True
  giantsteps: regular=1120, skinny=320
  babysteps: sieved |E_R|=30694 of dense 59084 (ratio 0.519, rho=0.519); skinny 3413; plain HH shortest-vector baseline 6347

Trial 3: N=2449160731681063 (52 bits), p=35684917, q=68632939
  m=1155 (primes<= 11), m0=1, X=m*m0=1155, S=[7, 11], t=2, M=77, rho=0.519, Y=2.000
  lambda0~1260.8, Lambda_R=17832, Lambda_S=1032, L*=35742
  RESULT: factor 68632939  via collision mod p (multipoint gcd)  (0.1s)
  oracle (correct candidate): branch=regular, i in [0,2Lambda]=True, i==Q(k_p) mod ell=True, e* in E_R=True, alpha^e*==giant mod p=True
  giantsteps: regular=1104, skinny=336
  babysteps: sieved |E_R|=18567 of dense 35742 (ratio 0.519, rho=0.519); skinny 2065; plain HH shortest-vector baseline 3837

Trial 4: N=4389860321320459 (52 bits), p=33890551, q=129530509
  m=1155 (primes<= 11), m0=1, X=m*m0=1155, S=[7, 11], t=2, M=77, rho=0.519, Y=2.000
  lambda0~1687.9, Lambda_R=23873, Lambda_S=1381, L*=47824
  RESULT: factor 33890551  via collision mod p (multipoint gcd)  (0.1s)
  oracle (correct candidate): branch=regular, i in [0,2Lambda]=True, i==Q(k_p) mod ell=True, e* in E_R=True, alpha^e*==giant mod p=True
  giantsteps: regular=1120, skinny=320
  babysteps: sieved |E_R|=24843 of dense 47824 (ratio 0.519, rho=0.519); skinny 2763; plain HH shortest-vector baseline 5137

Trial 5: N=5390830308161453 (53 bits), p=51121337, q=105451669
  m=1155 (primes<= 11), m0=1, X=m*m0=1155, S=[7, 11], t=2, M=77, rho=0.519, Y=2.000
  lambda0~1870.5, Lambda_R=26455, Lambda_S=1530, L*=52988
  RESULT: factor 51121337  via collision mod p (multipoint gcd)  (0.1s)
  oracle (correct candidate): branch=regular, i in [0,2Lambda]=True, i==Q(k_p) mod ell=True, e* in E_R=True, alpha^e*==giant mod p=True
  giantsteps: regular=1168, skinny=272
  babysteps: sieved |E_R|=27527 of dense 52988 (ratio 0.519, rho=0.519); skinny 3061; plain HH shortest-vector baseline 5691

Trial 6: N=2208177437646689 (51 bits), p=44680843, q=49421123
  m=1155 (primes<= 11), m0=1, X=m*m0=1155, S=[7, 11], t=2, M=77, rho=0.519, Y=2.000
  lambda0~1197.1, Lambda_R=16933, Lambda_S=980, L*=33944
  RESULT: factor 44680843  via collision mod p (multipoint gcd)  (0.1s)
  oracle (correct candidate): branch=regular, i in [0,2Lambda]=True, i==Q(k_p) mod ell=True, e* in E_R=True, alpha^e*==giant mod p=True
  giantsteps: regular=1168, skinny=272
  babysteps: sieved |E_R|=17634 of dense 33944 (ratio 0.520, rho=0.519); skinny 1961; plain HH shortest-vector baseline 3645

Trial 7: N=3905580368038711 (52 bits), p=37912529, q=103015559
  m=1155 (primes<= 11), m0=1, X=m*m0=1155, S=[7, 11], t=2, M=77, rho=0.519, Y=2.000
  lambda0~1592.1, Lambda_R=22518, Lambda_S=1302, L*=45114
  RESULT: factor 37912529  via collision mod p (multipoint gcd)  (0.1s)
  oracle (correct candidate): branch=regular, i in [0,2Lambda]=True, i==Q(k_p) mod ell=True, e* in E_R=True, alpha^e*==giant mod p=True
  giantsteps: regular=1120, skinny=320
  babysteps: sieved |E_R|=23436 of dense 45114 (ratio 0.519, rho=0.519); skinny 2605; plain HH shortest-vector baseline 4845

Trial 8: N=5392243903719139 (53 bits), p=55591297, q=96997987
  m=1155 (primes<= 11), m0=1, X=m*m0=1155, S=[7, 11], t=2, M=77, rho=0.519, Y=2.000
  lambda0~1870.7, Lambda_R=26459, Lambda_S=1530, L*=52996
  RESULT: factor 55591297  via collision mod p (multipoint gcd)  (0.1s)
  oracle (correct candidate): branch=skinny, i in [0,2Lambda]=True, i==Q(k_p) mod ell=True, e* in E_R=None, alpha^e*==giant mod p=True
  giantsteps: regular=1088, skinny=352
  babysteps: sieved |E_R|=27531 of dense 52996 (ratio 0.519, rho=0.519); skinny 3061; plain HH shortest-vector baseline 5691

Trial 9: N=5033668792380517 (53 bits), p=63593857, q=79153381
  m=1155 (primes<= 11), m0=1, X=m*m0=1155, S=[7, 11], t=2, M=77, rho=0.519, Y=2.000
  lambda0~1807.5, Lambda_R=25564, Lambda_S=1478, L*=51206
  RESULT: factor 63593857  via collision mod p (multipoint gcd)  (0.1s)
  oracle (correct candidate): branch=skinny, i in [0,2Lambda]=True, i==Q(k_p) mod ell=True, e* in E_R=None, alpha^e*==giant mod p=True
  giantsteps: regular=1104, skinny=336
  babysteps: sieved |E_R|=26601 of dense 51206 (ratio 0.519, rho=0.519); skinny 2957; plain HH shortest-vector baseline 5499

Trial 10: N=3941053630916177 (52 bits), p=59179457, q=66594961
  m=1155 (primes<= 11), m0=1, X=m*m0=1155, S=[7, 11], t=2, M=77, rho=0.519, Y=2.000
  lambda0~1599.3, Lambda_R=22620, Lambda_S=1308, L*=45318
  RESULT: factor 66594961  via Lemma 3.11 certification  (0.0s)

Trial 11: N=5608805312342387 (53 bits), p=52511653, q=106810679
  m=1155 (primes<= 11), m0=1, X=m*m0=1155, S=[7, 11], t=2, M=77, rho=0.519, Y=2.000
  lambda0~1907.9, Lambda_R=26985, Lambda_S=1560, L*=54048
  RESULT: factor 52511653  via collision mod p (multipoint gcd)  (0.1s)
  oracle (correct candidate): branch=regular, i in [0,2Lambda]=True, i==Q(k_p) mod ell=True, e* in E_R=True, alpha^e*==giant mod p=True
  giantsteps: regular=1168, skinny=272
  babysteps: sieved |E_R|=28078 of dense 54048 (ratio 0.520, rho=0.519); skinny 3121; plain HH shortest-vector baseline 5805

Trial 12: N=7024869135994979 (53 bits), p=60165487, q=116759117
  m=1155 (primes<= 11), m0=1, X=m*m0=1155, S=[7, 11], t=2, M=77, rho=0.519, Y=2.000
  lambda0~2135.2, Lambda_R=30199, Lambda_S=1746, L*=60476
  RESULT: factor 60165487  via collision mod p (multipoint gcd)  (0.2s)
  oracle (correct candidate): branch=regular, i in [0,2Lambda]=True, i==Q(k_p) mod ell=True, e* in E_R=True, alpha^e*==giant mod p=True
  giantsteps: regular=1168, skinny=272
  babysteps: sieved |E_R|=31418 of dense 60476 (ratio 0.520, rho=0.519); skinny 3493; plain HH shortest-vector baseline 6495

Trial 13: N=7383735995632883 (53 bits), p=55478779, q=133091177
  m=1155 (primes<= 11), m0=1, X=m*m0=1155, S=[7, 11], t=2, M=77, rho=0.519, Y=2.000
  lambda0~2189.1, Lambda_R=30961, Lambda_S=1790, L*=62000
  RESULT: factor 55478779  via collision mod p (multipoint gcd)  (0.1s)
  oracle (correct candidate): branch=regular, i in [0,2Lambda]=True, i==Q(k_p) mod ell=True, e* in E_R=True, alpha^e*==giant mod p=True
  giantsteps: regular=976, skinny=464
  babysteps: sieved |E_R|=32208 of dense 62000 (ratio 0.519, rho=0.519); skinny 3581; plain HH shortest-vector baseline 6659

Trial 14: N=1544139407518517 (51 bits), p=36919139, q=41824903
  m=1155 (primes<= 11), m0=1, X=m*m0=1155, S=[7, 11], t=2, M=77, rho=0.519, Y=2.000
  lambda0~1001.1, Lambda_R=14160, Lambda_S=820, L*=28398
  RESULT: factor 41824903  via collision mod p (multipoint gcd)  (0.1s)
  oracle (correct candidate): branch=skinny, i in [0,2Lambda]=True, i==Q(k_p) mod ell=True, e* in E_R=None, alpha^e*==giant mod p=True
  giantsteps: regular=976, skinny=464
  babysteps: sieved |E_R|=14752 of dense 28398 (ratio 0.519, rho=0.519); skinny 1641; plain HH shortest-vector baseline 3049

Trial 15: N=4650399797088659 (53 bits), p=35644117, q=130467527
  m=1155 (primes<= 11), m0=1, X=m*m0=1155, S=[7, 11], t=2, M=77, rho=0.519, Y=2.000
  lambda0~1737.3, Lambda_R=24571, Lambda_S=1421, L*=49220
  RESULT: factor 130467527  via collision mod p (multipoint gcd)  (0.1s)
  oracle (correct candidate): branch=regular, i in [0,2Lambda]=True, i==Q(k_p) mod ell=True, e* in E_R=True, alpha^e*==giant mod p=True
  giantsteps: regular=1168, skinny=272
  babysteps: sieved |E_R|=25570 of dense 49220 (ratio 0.520, rho=0.519); skinny 2843; plain HH shortest-vector baseline 5287

Trial 16: N=4140311237487511 (52 bits), p=45304717, q=91388083
  m=1155 (primes<= 11), m0=1, X=m*m0=1155, S=[7, 11], t=2, M=77, rho=0.519, Y=2.000
  lambda0~1639.2, Lambda_R=23185, Lambda_S=1341, L*=46448
  RESULT: factor 45304717  via collision mod p (multipoint gcd)  (0.1s)
  oracle (correct candidate): branch=skinny, i in [0,2Lambda]=True, i==Q(k_p) mod ell=True, e* in E_R=None, alpha^e*==giant mod p=True
  giantsteps: regular=976, skinny=464
  babysteps: sieved |E_R|=24130 of dense 46448 (ratio 0.520, rho=0.519); skinny 2683; plain HH shortest-vector baseline 4989

Trial 17: N=5503867277625989 (53 bits), p=45415471, q=121189259
  m=1155 (primes<= 11), m0=1, X=m*m0=1155, S=[7, 11], t=2, M=77, rho=0.519, Y=2.000
  lambda0~1890.0, Lambda_R=26731, Lambda_S=1546, L*=53540
  RESULT: factor 45415471  via collision mod p (multipoint gcd)  (0.1s)
  oracle (correct candidate): branch=regular, i in [0,2Lambda]=True, i==Q(k_p) mod ell=True, e* in E_R=True, alpha^e*==giant mod p=True
  giantsteps: regular=1008, skinny=432
  babysteps: sieved |E_R|=27814 of dense 53540 (ratio 0.519, rho=0.519); skinny 3093; plain HH shortest-vector baseline 5751

Trial 18: N=4441335899443879 (52 bits), p=59858779, q=74196901
  m=1155 (primes<= 11), m0=1, X=m*m0=1155, S=[7, 11], t=2, M=77, rho=0.519, Y=2.000
  lambda0~1697.8, Lambda_R=24013, Lambda_S=1389, L*=48104
  RESULT: factor 74196901  via collision mod p (multipoint gcd)  (0.1s)
  oracle (correct candidate): branch=regular, i in [0,2Lambda]=True, i==Q(k_p) mod ell=True, e* in E_R=True, alpha^e*==giant mod p=True
  giantsteps: regular=1136, skinny=304
  babysteps: sieved |E_R|=24989 of dense 48104 (ratio 0.519, rho=0.519); skinny 2779; plain HH shortest-vector baseline 5167

Trial 19: N=4445463914383313 (52 bits), p=49964939, q=88971667
  m=1155 (primes<= 11), m0=1, X=m*m0=1155, S=[7, 11], t=2, M=77, rho=0.519, Y=2.000
  lambda0~1698.6, Lambda_R=24024, Lambda_S=1389, L*=48126
  RESULT: factor 49964939  via collision mod p (multipoint gcd)  (0.1s)
  oracle (correct candidate): branch=regular, i in [0,2Lambda]=True, i==Q(k_p) mod ell=True, e* in E_R=True, alpha^e*==giant mod p=True
  giantsteps: regular=976, skinny=464
  babysteps: sieved |E_R|=25001 of dense 48126 (ratio 0.519, rho=0.519); skinny 2779; plain HH shortest-vector baseline 5169

Trial 20: N=3823072600721089 (52 bits), p=48916397, q=78155237
  m=1155 (primes<= 11), m0=1, X=m*m0=1155, S=[7, 11], t=2, M=77, rho=0.519, Y=2.000
  lambda0~1575.2, Lambda_R=22279, Lambda_S=1289, L*=44636
  RESULT: factor 48916397  via collision mod p (multipoint gcd)  (0.1s)
  oracle (correct candidate): branch=regular, i in [0,2Lambda]=True, i==Q(k_p) mod ell=True, e* in E_R=True, alpha^e*==giant mod p=True
  giantsteps: regular=976, skinny=464
  babysteps: sieved |E_R|=23187 of dense 44636 (ratio 0.519, rho=0.519); skinny 2579; plain HH shortest-vector baseline 4793

Trial 21: N=4342051979957177 (52 bits), p=62447993, q=69530689
  m=1155 (primes<= 11), m0=1, X=m*m0=1155, S=[7, 11], t=2, M=77, rho=0.519, Y=2.000
  lambda0~1678.7, Lambda_R=23743, Lambda_S=1373, L*=47564
  RESULT: factor 69530689  via collision mod p (multipoint gcd)  (0.1s)
  oracle (correct candidate): branch=regular, i in [0,2Lambda]=True, i==Q(k_p) mod ell=True, e* in E_R=True, alpha^e*==giant mod p=True
  giantsteps: regular=976, skinny=464
  babysteps: sieved |E_R|=24708 of dense 47564 (ratio 0.519, rho=0.519); skinny 2747; plain HH shortest-vector baseline 5109

Trial 22: N=5104616911697659 (53 bits), p=40569121, q=125825179
  m=1155 (primes<= 11), m0=1, X=m*m0=1155, S=[7, 11], t=2, M=77, rho=0.519, Y=2.000
  lambda0~1820.2, Lambda_R=25743, Lambda_S=1489, L*=51564
  RESULT: factor 40569121  via collision mod p (multipoint gcd)  (0.1s)
  oracle (correct candidate): branch=skinny, i in [0,2Lambda]=True, i==Q(k_p) mod ell=True, e* in E_R=None, alpha^e*==giant mod p=True
  giantsteps: regular=1088, skinny=352
  babysteps: sieved |E_R|=26786 of dense 51564 (ratio 0.519, rho=0.519); skinny 2979; plain HH shortest-vector baseline 5539

Trial 23: N=2185218010832951 (51 bits), p=43940773, q=49730987
  m=1155 (primes<= 11), m0=1, X=m*m0=1155, S=[7, 11], t=2, M=77, rho=0.519, Y=2.000
  lambda0~1190.9, Lambda_R=16844, Lambda_S=975, L*=33766
  RESULT: factor 43940773  via collision mod p (multipoint gcd)  (0.1s)
  oracle (correct candidate): branch=regular, i in [0,2Lambda]=True, i==Q(k_p) mod ell=True, e* in E_R=True, alpha^e*==giant mod p=True
  giantsteps: regular=1008, skinny=432
  babysteps: sieved |E_R|=17541 of dense 33766 (ratio 0.519, rho=0.519); skinny 1951; plain HH shortest-vector baseline 3625

Trial 24: N=3645669261885961 (52 bits), p=44724997, q=81513013
  m=1155 (primes<= 11), m0=1, X=m*m0=1155, S=[7, 11], t=2, M=77, rho=0.519, Y=2.000
  lambda0~1538.2, Lambda_R=21756, Lambda_S=1258, L*=43590
  RESULT: factor 81513013  via collision mod p (multipoint gcd)  (0.1s)
  oracle (correct candidate): branch=regular, i in [0,2Lambda]=True, i==Q(k_p) mod ell=True, e* in E_R=True, alpha^e*==giant mod p=True
  giantsteps: regular=1136, skinny=304
  babysteps: sieved |E_R|=22644 of dense 43590 (ratio 0.519, rho=0.519); skinny 2517; plain HH shortest-vector baseline 4681

Trial 25: N=4722467800854607 (53 bits), p=59031229, q=79999483
  m=1155 (primes<= 11), m0=1, X=m*m0=1155, S=[7, 11], t=2, M=77, rho=0.519, Y=2.000
  lambda0~1750.7, Lambda_R=24761, Lambda_S=1432, L*=49600
  RESULT: factor 59031229  via collision mod p (multipoint gcd)  (0.1s)
  oracle (correct candidate): branch=regular, i in [0,2Lambda]=True, i==Q(k_p) mod ell=True, e* in E_R=True, alpha^e*==giant mod p=True
  giantsteps: regular=1040, skinny=400
  babysteps: sieved |E_R|=25767 of dense 49600 (ratio 0.519, rho=0.519); skinny 2865; plain HH shortest-vector baseline 5327

25/25 factored.

Trial 1: N=4363791705268753 (52 bits), p=36364973, q=119999861
  m=1155 (primes<= 11), m0=1, X=m*m0=1155, S=[7, 11], t=2, M=77, rho=0.519, Y=2.000
  lambda0~1682.9, Lambda_R=23802, Lambda_S=1377, L*=47682
  RESULT: factor 36364973  via collision mod p (multipoint gcd)  (0.1s)
  oracle (correct candidate): branch=skinny, i in [0,2Lambda]=True, i==Q(k_p) mod ell=True, e* in E_R=None, alpha^e*==giant mod p=True
  giantsteps: regular=1104, skinny=336
  babysteps: sieved |E_R|=24771 of dense 47682 (ratio 0.520, rho=0.519); skinny 2755; plain HH shortest-vector baseline 5121

Trial 2: N=2629455556687837 (52 bits), p=37550839, q=70023883
  m=1155 (primes<= 11), m0=1, X=m*m0=1155, S=[7, 11], t=2, M=77, rho=0.519, Y=2.000
  lambda0~1306.4, Lambda_R=18477, Lambda_S=1069, L*=37032
  RESULT: factor 37550839  via collision mod p (multipoint gcd)  (0.1s)
  oracle (correct candidate): branch=regular, i in [0,2Lambda]=True, i==Q(k_p) mod ell=True, e* in E_R=True, alpha^e*==giant mod p=True
  giantsteps: regular=1040, skinny=400
  babysteps: sieved |E_R|=19239 of dense 37032 (ratio 0.520, rho=0.519); skinny 2139; plain HH shortest-vector baseline 3977

Trial 3: N=5145133159028827 (53 bits), p=55451609, q=92786003
  m=1155 (primes<= 11), m0=1, X=m*m0=1155, S=[7, 11], t=2, M=77, rho=0.519, Y=2.000
  lambda0~1827.4, Lambda_R=25845, Lambda_S=1495, L*=51768
  RESULT: factor 55451609  via collision mod p (multipoint gcd)  (0.1s)
  oracle (correct candidate): branch=regular, i in [0,2Lambda]=True, i==Q(k_p) mod ell=True, e* in E_R=True, alpha^e*==giant mod p=True
  giantsteps: regular=1184, skinny=256
  babysteps: sieved |E_R|=26894 of dense 51768 (ratio 0.520, rho=0.519); skinny 2991; plain HH shortest-vector baseline 5559

Trial 4: N=4217455892615663 (52 bits), p=60225131, q=70028173
  m=1155 (primes<= 11), m0=1, X=m*m0=1155, S=[7, 11], t=2, M=77, rho=0.519, Y=2.000
  lambda0~1654.4, Lambda_R=23400, Lambda_S=1353, L*=46878
  RESULT: factor 70028173  via collision mod p (multipoint gcd)  (0.1s)
  oracle (correct candidate): branch=skinny, i in [0,2Lambda]=True, i==Q(k_p) mod ell=True, e* in E_R=None, alpha^e*==giant mod p=True
  giantsteps: regular=1072, skinny=368
  babysteps: sieved |E_R|=24352 of dense 46878 (ratio 0.519, rho=0.519); skinny 2707; plain HH shortest-vector baseline 5035

Trial 5: N=1451423307274459 (51 bits), p=34289611, q=42328369
  m=1155 (primes<= 11), m0=1, X=m*m0=1155, S=[7, 11], t=2, M=77, rho=0.519, Y=2.000
  lambda0~970.6, Lambda_R=13728, Lambda_S=795, L*=27534
  RESULT: factor 42328369  via collision mod p (multipoint gcd)  (0.1s)
  oracle (correct candidate): branch=regular, i in [0,2Lambda]=True, i==Q(k_p) mod ell=True, e* in E_R=True, alpha^e*==giant mod p=True
  giantsteps: regular=1136, skinny=304
  babysteps: sieved |E_R|=14304 of dense 27534 (ratio 0.520, rho=0.519); skinny 1591; plain HH shortest-vector baseline 2955

Trial 6: N=5036731513614529 (53 bits), p=63580607, q=79218047
  m=1155 (primes<= 11), m0=1, X=m*m0=1155, S=[7, 11], t=2, M=77, rho=0.519, Y=2.000
  lambda0~1808.0, Lambda_R=25572, Lambda_S=1479, L*=51222
  RESULT: factor 79218047  via collision mod p (multipoint gcd)  (0.1s)
  oracle (correct candidate): branch=regular, i in [0,2Lambda]=True, i==Q(k_p) mod ell=True, e* in E_R=True, alpha^e*==giant mod p=True
  giantsteps: regular=976, skinny=464
  babysteps: sieved |E_R|=26610 of dense 51222 (ratio 0.520, rho=0.519); skinny 2959; plain HH shortest-vector baseline 5501

Trial 7: N=7020784072553497 (53 bits), p=61790863, q=113621719
  m=1155 (primes<= 11), m0=1, X=m*m0=1155, S=[7, 11], t=2, M=77, rho=0.519, Y=2.000
  lambda0~2134.6, Lambda_R=30191, Lambda_S=1745, L*=60460
  RESULT: factor 61790863  via exact match + Lemma 2.4  (0.1s)
  oracle (correct candidate): branch=skinny, i in [0,2Lambda]=True, i==Q(k_p) mod ell=True, e* in E_R=None, alpha^e*==giant mod p=True
  giantsteps: regular=1104, skinny=336
  babysteps: sieved |E_R|=31408 of dense 60460 (ratio 0.519, rho=0.519); skinny 3491; plain HH shortest-vector baseline 6493

Trial 8: N=5347160569780919 (53 bits), p=58295807, q=91724617
  m=1155 (primes<= 11), m0=1, X=m*m0=1155, S=[7, 11], t=2, M=77, rho=0.519, Y=2.000
  lambda0~1862.9, Lambda_R=26348, Lambda_S=1524, L*=52774
  RESULT: factor 58295807  via collision mod p (multipoint gcd)  (0.1s)
  oracle (correct candidate): branch=regular, i in [0,2Lambda]=True, i==Q(k_p) mod ell=True, e* in E_R=True, alpha^e*==giant mod p=True
  giantsteps: regular=1072, skinny=368
  babysteps: sieved |E_R|=27416 of dense 52774 (ratio 0.519, rho=0.519); skinny 3049; plain HH shortest-vector baseline 5667

Trial 9: N=3908480461647353 (52 bits), p=42972973, q=90952061
  m=1155 (primes<= 11), m0=1, X=m*m0=1155, S=[7, 11], t=2, M=77, rho=0.519, Y=2.000
  lambda0~1592.7, Lambda_R=22527, Lambda_S=1303, L*=45132
  RESULT: factor 90952061  via collision mod p (multipoint gcd)  (0.1s)
  oracle (correct candidate): branch=regular, i in [0,2Lambda]=True, i==Q(k_p) mod ell=True, e* in E_R=True, alpha^e*==giant mod p=True
  giantsteps: regular=1168, skinny=272
  babysteps: sieved |E_R|=23446 of dense 45132 (ratio 0.519, rho=0.519); skinny 2607; plain HH shortest-vector baseline 4847

Trial 10: N=3078688470981043 (52 bits), p=38068883, q=80871521
  m=1155 (primes<= 11), m0=1, X=m*m0=1155, S=[7, 11], t=2, M=77, rho=0.519, Y=2.000
  lambda0~1413.5, Lambda_R=19993, Lambda_S=1157, L*=40064
  RESULT: factor 38068883  via collision mod p (multipoint gcd)  (0.1s)
  oracle (correct candidate): branch=regular, i in [0,2Lambda]=True, i==Q(k_p) mod ell=True, e* in E_R=True, alpha^e*==giant mod p=True
  giantsteps: regular=1104, skinny=336
  babysteps: sieved |E_R|=20814 of dense 40064 (ratio 0.520, rho=0.519); skinny 2315; plain HH shortest-vector baseline 4303

Trial 11: N=8153932366443961 (53 bits), p=63960839, q=127483199
  m=1155 (primes<= 11), m0=1, X=m*m0=1155, S=[7, 11], t=2, M=77, rho=0.519, Y=2.000
  lambda0~2300.4, Lambda_R=32536, Lambda_S=1881, L*=65150
  RESULT: factor 63960839  via collision mod p (multipoint gcd)  (0.1s)
  oracle (correct candidate): branch=regular, i in [0,2Lambda]=True, i==Q(k_p) mod ell=True, e* in E_R=True, alpha^e*==giant mod p=True
  giantsteps: regular=1088, skinny=352
  babysteps: sieved |E_R|=33844 of dense 65150 (ratio 0.519, rho=0.519); skinny 3763; plain HH shortest-vector baseline 6997

Trial 12: N=4754643299356927 (53 bits), p=38766731, q=122647517
  m=1155 (primes<= 11), m0=1, X=m*m0=1155, S=[7, 11], t=2, M=77, rho=0.519, Y=2.000
  lambda0~1756.7, Lambda_R=24845, Lambda_S=1437, L*=49768
  RESULT: factor 38766731  via collision mod p (multipoint gcd)  (0.1s)
  oracle (correct candidate): branch=regular, i in [0,2Lambda]=True, i==Q(k_p) mod ell=True, e* in E_R=True, alpha^e*==giant mod p=True
  giantsteps: regular=1104, skinny=336
  babysteps: sieved |E_R|=25855 of dense 49768 (ratio 0.520, rho=0.519); skinny 2875; plain HH shortest-vector baseline 5345

Trial 13: N=7217887111071841 (53 bits), p=59621953, q=121060897
  m=1155 (primes<= 11), m0=1, X=m*m0=1155, S=[7, 11], t=2, M=77, rho=0.519, Y=2.000
  lambda0~2164.4, Lambda_R=30611, Lambda_S=1770, L*=61300
  RESULT: factor 59621953  via collision mod p (multipoint gcd)  (0.1s)
  oracle (correct candidate): branch=regular, i in [0,2Lambda]=True, i==Q(k_p) mod ell=True, e* in E_R=True, alpha^e*==giant mod p=True
  giantsteps: regular=1136, skinny=304
  babysteps: sieved |E_R|=31844 of dense 61300 (ratio 0.519, rho=0.519); skinny 3541; plain HH shortest-vector baseline 6585

Trial 14: N=1682709496789481 (51 bits), p=35553593, q=47328817
  m=1155 (primes<= 11), m0=1, X=m*m0=1155, S=[7, 11], t=2, M=77, rho=0.519, Y=2.000
  lambda0~1045.0, Lambda_R=14782, Lambda_S=856, L*=29642
  RESULT: factor 35553593  via collision mod p (multipoint gcd)  (0.1s)
  oracle (correct candidate): branch=skinny, i in [0,2Lambda]=True, i==Q(k_p) mod ell=True, e* in E_R=None, alpha^e*==giant mod p=True
  giantsteps: regular=1008, skinny=432
  babysteps: sieved |E_R|=15399 of dense 29642 (ratio 0.519, rho=0.519); skinny 1713; plain HH shortest-vector baseline 3183

Trial 15: N=4750307323400963 (53 bits), p=43165789, q=110047967
  m=1155 (primes<= 11), m0=1, X=m*m0=1155, S=[7, 11], t=2, M=77, rho=0.519, Y=2.000
  lambda0~1755.9, Lambda_R=24834, Lambda_S=1436, L*=49746
  RESULT: factor 43165789  via collision mod p (multipoint gcd)  (0.1s)
  oracle (correct candidate): branch=regular, i in [0,2Lambda]=True, i==Q(k_p) mod ell=True, e* in E_R=True, alpha^e*==giant mod p=True
  giantsteps: regular=1168, skinny=272
  babysteps: sieved |E_R|=25842 of dense 49746 (ratio 0.519, rho=0.519); skinny 2873; plain HH shortest-vector baseline 5343

Trial 16: N=5179318804497751 (53 bits), p=49760129, q=104085719
  m=1155 (primes<= 11), m0=1, X=m*m0=1155, S=[7, 11], t=2, M=77, rho=0.519, Y=2.000
  lambda0~1833.4, Lambda_R=25931, Lambda_S=1499, L*=51940
  RESULT: factor 49760129  via collision mod p (multipoint gcd)  (0.1s)
  oracle (correct candidate): branch=regular, i in [0,2Lambda]=True, i==Q(k_p) mod ell=True, e* in E_R=True, alpha^e*==giant mod p=True
  giantsteps: regular=976, skinny=464
  babysteps: sieved |E_R|=26982 of dense 51940 (ratio 0.519, rho=0.519); skinny 2999; plain HH shortest-vector baseline 5579

Trial 17: N=6015459141083947 (53 bits), p=52129897, q=115393651
  m=1155 (primes<= 11), m0=1, X=m*m0=1155, S=[7, 11], t=2, M=77, rho=0.519, Y=2.000
  lambda0~1975.9, Lambda_R=27946, Lambda_S=1616, L*=55970
  RESULT: factor 52129897  via collision mod p (multipoint gcd)  (0.1s)
  oracle (correct candidate): branch=regular, i in [0,2Lambda]=True, i==Q(k_p) mod ell=True, e* in E_R=True, alpha^e*==giant mod p=True
  giantsteps: regular=1104, skinny=336
  babysteps: sieved |E_R|=29076 of dense 55970 (ratio 0.519, rho=0.519); skinny 3233; plain HH shortest-vector baseline 6011

Trial 18: N=5325657176840191 (53 bits), p=61336481, q=86826911
  m=1155 (primes<= 11), m0=1, X=m*m0=1155, S=[7, 11], t=2, M=77, rho=0.519, Y=2.000
  lambda0~1859.1, Lambda_R=26295, Lambda_S=1520, L*=52668
  RESULT: factor 86826911  via collision mod p (multipoint gcd)  (0.1s)
  oracle (correct candidate): branch=regular, i in [0,2Lambda]=True, i==Q(k_p) mod ell=True, e* in E_R=True, alpha^e*==giant mod p=True
  giantsteps: regular=976, skinny=464
  babysteps: sieved |E_R|=27360 of dense 52668 (ratio 0.519, rho=0.519); skinny 3041; plain HH shortest-vector baseline 5657

Trial 19: N=5498640590976457 (53 bits), p=41292409, q=133163473
  m=1155 (primes<= 11), m0=1, X=m*m0=1155, S=[7, 11], t=2, M=77, rho=0.519, Y=2.000
  lambda0~1889.1, Lambda_R=26718, Lambda_S=1545, L*=53514
  RESULT: factor 133163473  via collision mod p (multipoint gcd)  (0.1s)
  oracle (correct candidate): branch=skinny, i in [0,2Lambda]=True, i==Q(k_p) mod ell=True, e* in E_R=None, alpha^e*==giant mod p=True
  giantsteps: regular=1104, skinny=336
  babysteps: sieved |E_R|=27800 of dense 53514 (ratio 0.519, rho=0.519); skinny 3091; plain HH shortest-vector baseline 5747

Trial 20: N=6823504365383507 (53 bits), p=61101427, q=111675041
  m=1155 (primes<= 11), m0=1, X=m*m0=1155, S=[7, 11], t=2, M=77, rho=0.519, Y=2.000
  lambda0~2104.4, Lambda_R=29763, Lambda_S=1721, L*=59604
  RESULT: factor 111675041  via collision mod p (multipoint gcd)  (0.1s)
  oracle (correct candidate): branch=skinny, i in [0,2Lambda]=True, i==Q(k_p) mod ell=True, e* in E_R=None, alpha^e*==giant mod p=True
  giantsteps: regular=944, skinny=496
  babysteps: sieved |E_R|=30963 of dense 59604 (ratio 0.519, rho=0.519); skinny 3443; plain HH shortest-vector baseline 6403

Trial 21: N=3848073543516493 (52 bits), p=47868523, q=80388391
  m=1155 (primes<= 11), m0=1, X=m*m0=1155, S=[7, 11], t=2, M=77, rho=0.519, Y=2.000
  lambda0~1580.3, Lambda_R=22352, Lambda_S=1293, L*=44782
  RESULT: factor 80388391  via collision mod p (multipoint gcd)  (0.1s)
  oracle (correct candidate): branch=regular, i in [0,2Lambda]=True, i==Q(k_p) mod ell=True, e* in E_R=True, alpha^e*==giant mod p=True
  giantsteps: regular=1104, skinny=336
  babysteps: sieved |E_R|=23264 of dense 44782 (ratio 0.519, rho=0.519); skinny 2587; plain HH shortest-vector baseline 4809

Trial 22: N=5087856241171369 (53 bits), p=39109207, q=130093567
  m=1155 (primes<= 11), m0=1, X=m*m0=1155, S=[7, 11], t=2, M=77, rho=0.519, Y=2.000
  lambda0~1817.2, Lambda_R=25701, Lambda_S=1486, L*=51480
  RESULT: factor 39109207  via collision mod p (multipoint gcd)  (0.1s)
  oracle (correct candidate): branch=regular, i in [0,2Lambda]=True, i==Q(k_p) mod ell=True, e* in E_R=True, alpha^e*==giant mod p=True
  giantsteps: regular=1136, skinny=304
  babysteps: sieved |E_R|=26743 of dense 51480 (ratio 0.519, rho=0.519); skinny 2973; plain HH shortest-vector baseline 5529

Trial 23: N=8365625309018723 (53 bits), p=66611003, q=125589241
  m=1155 (primes<= 11), m0=1, X=m*m0=1155, S=[7, 11], t=2, M=77, rho=0.519, Y=2.000
  lambda0~2330.1, Lambda_R=32955, Lambda_S=1905, L*=65988
  RESULT: factor 125589241  via Lemma 3.11 certification  (0.0s)

Trial 24: N=5092377125873227 (53 bits), p=59137471, q=86110837
  m=1155 (primes<= 11), m0=1, X=m*m0=1155, S=[7, 11], t=2, M=77, rho=0.519, Y=2.000
  lambda0~1818.0, Lambda_R=25713, Lambda_S=1487, L*=51504
  RESULT: factor 86110837  via collision mod p (multipoint gcd)  (0.1s)
  oracle (correct candidate): branch=regular, i in [0,2Lambda]=True, i==Q(k_p) mod ell=True, e* in E_R=True, alpha^e*==giant mod p=True
  giantsteps: regular=1104, skinny=336
  babysteps: sieved |E_R|=26756 of dense 51504 (ratio 0.519, rho=0.519); skinny 2975; plain HH shortest-vector baseline 5531

Trial 25: N=3900848959936321 (52 bits), p=33885667, q=115117963
  m=1155 (primes<= 11), m0=1, X=m*m0=1155, S=[7, 11], t=2, M=77, rho=0.519, Y=2.000
  lambda0~1591.1, Lambda_R=22505, Lambda_S=1302, L*=45088
  RESULT: factor 115117963  via collision mod p (multipoint gcd)  (0.1s)
  oracle (correct candidate): branch=regular, i in [0,2Lambda]=True, i==Q(k_p) mod ell=True, e* in E_R=True, alpha^e*==giant mod p=True
  giantsteps: regular=1136, skinny=304
  babysteps: sieved |E_R|=23423 of dense 45088 (ratio 0.519, rho=0.519); skinny 2605; plain HH shortest-vector baseline 4841

25/25 factored.

Trial 1: N=5170239913077683 (53 bits), p=59165927, q=87385429
  m=1155 (primes<= 11), m0=1, X=m*m0=1155, S=[7, 11], t=2, M=77, rho=0.519, Y=2.000
  lambda0~1831.8, Lambda_R=25908, Lambda_S=1498, L*=51894
  RESULT: factor 87385429  via collision mod p (multipoint gcd)  (0.1s)
  oracle (correct candidate): branch=regular, i in [0,2Lambda]=True, i==Q(k_p) mod ell=True, e* in E_R=True, alpha^e*==giant mod p=True
  giantsteps: regular=1072, skinny=368
  babysteps: sieved |E_R|=26959 of dense 51894 (ratio 0.520, rho=0.519); skinny 2997; plain HH shortest-vector baseline 5573

Trial 2: N=2568700533233347 (52 bits), p=39416417, q=65168291
  m=1155 (primes<= 11), m0=1, X=m*m0=1155, S=[7, 11], t=2, M=77, rho=0.519, Y=2.000
  lambda0~1291.2, Lambda_R=18262, Lambda_S=1057, L*=36602
  RESULT: factor 65168291  via collision mod p (multipoint gcd)  (0.1s)
  oracle (correct candidate): branch=regular, i in [0,2Lambda]=True, i==Q(k_p) mod ell=True, e* in E_R=True, alpha^e*==giant mod p=True
  giantsteps: regular=1104, skinny=336
  babysteps: sieved |E_R|=19015 of dense 36602 (ratio 0.520, rho=0.519); skinny 2115; plain HH shortest-vector baseline 3931

Trial 3: N=5444430052943771 (53 bits), p=45594331, q=119410241
  m=1155 (primes<= 11), m0=1, X=m*m0=1155, S=[7, 11], t=2, M=77, rho=0.519, Y=2.000
  lambda0~1879.8, Lambda_R=26586, Lambda_S=1537, L*=53250
  RESULT: factor 119410241  via collision mod p (multipoint gcd)  (0.1s)
  oracle (correct candidate): branch=skinny, i in [0,2Lambda]=True, i==Q(k_p) mod ell=True, e* in E_R=None, alpha^e*==giant mod p=True
  giantsteps: regular=1072, skinny=368
  babysteps: sieved |E_R|=27663 of dense 53250 (ratio 0.519, rho=0.519); skinny 3075; plain HH shortest-vector baseline 5719

Trial 4: N=7244081596915843 (53 bits), p=57293309, q=126438527
  m=1155 (primes<= 11), m0=1, X=m*m0=1155, S=[7, 11], t=2, M=77, rho=0.519, Y=2.000
  lambda0~2168.3, Lambda_R=30667, Lambda_S=1773, L*=61412
  RESULT: factor 126438527  via collision mod p (multipoint gcd)  (0.1s)
  oracle (correct candidate): branch=skinny, i in [0,2Lambda]=True, i==Q(k_p) mod ell=True, e* in E_R=None, alpha^e*==giant mod p=True
  giantsteps: regular=1104, skinny=336
  babysteps: sieved |E_R|=31903 of dense 61412 (ratio 0.519, rho=0.519); skinny 3547; plain HH shortest-vector baseline 6597

Trial 5: N=4129550265500281 (52 bits), p=47920393, q=86175217
  m=1155 (primes<= 11), m0=1, X=m*m0=1155, S=[7, 11], t=2, M=77, rho=0.519, Y=2.000
  lambda0~1637.1, Lambda_R=23155, Lambda_S=1339, L*=46388
  RESULT: factor 47920393  via collision mod p (multipoint gcd)  (0.1s)
  oracle (correct candidate): branch=regular, i in [0,2Lambda]=True, i==Q(k_p) mod ell=True, e* in E_R=True, alpha^e*==giant mod p=True
  giantsteps: regular=1120, skinny=320
  babysteps: sieved |E_R|=24098 of dense 46388 (ratio 0.519, rho=0.519); skinny 2679; plain HH shortest-vector baseline 4981

Trial 6: N=6552687289751003 (53 bits), p=59393987, q=110325769
  m=1155 (primes<= 11), m0=1, X=m*m0=1155, S=[7, 11], t=2, M=77, rho=0.519, Y=2.000
  lambda0~2062.2, Lambda_R=29167, Lambda_S=1686, L*=58412
  RESULT: factor 59393987  via collision mod p (multipoint gcd)  (0.1s)
  oracle (correct candidate): branch=regular, i in [0,2Lambda]=True, i==Q(k_p) mod ell=True, e* in E_R=True, alpha^e*==giant mod p=True
  giantsteps: regular=1168, skinny=272
  babysteps: sieved |E_R|=30344 of dense 58412 (ratio 0.519, rho=0.519); skinny 3373; plain HH shortest-vector baseline 6273

Trial 7: N=3579756342571511 (52 bits), p=35550269, q=100695619
  m=1155 (primes<= 11), m0=1, X=m*m0=1155, S=[7, 11], t=2, M=77, rho=0.519, Y=2.000
  lambda0~1524.2, Lambda_R=21559, Lambda_S=1247, L*=43196
  RESULT: factor 35550269  via collision mod p (multipoint gcd)  (0.1s)
  oracle (correct candidate): branch=regular, i in [0,2Lambda]=True, i==Q(k_p) mod ell=True, e* in E_R=True, alpha^e*==giant mod p=True
  giantsteps: regular=1120, skinny=320
  babysteps: sieved |E_R|=22440 of dense 43196 (ratio 0.519, rho=0.519); skinny 2495; plain HH shortest-vector baseline 4639

Trial 8: N=4959250595478911 (53 bits), p=64220183, q=77222617
  m=1155 (primes<= 11), m0=1, X=m*m0=1155, S=[7, 11], t=2, M=77, rho=0.519, Y=2.000
  lambda0~1794.1, Lambda_R=25374, Lambda_S=1467, L*=50826
  RESULT: factor 77222617  via collision mod p (multipoint gcd)  (0.1s)
  oracle (correct candidate): branch=regular, i in [0,2Lambda]=True, i==Q(k_p) mod ell=True, e* in E_R=True, alpha^e*==giant mod p=True
  giantsteps: regular=1072, skinny=368
  babysteps: sieved |E_R|=26403 of dense 50826 (ratio 0.519, rho=0.519); skinny 2935; plain HH shortest-vector baseline 5459

Trial 9: N=4187638068412247 (52 bits), p=48609247, q=86149001
  m=1155 (primes<= 11), m0=1, X=m*m0=1155, S=[7, 11], t=2, M=77, rho=0.519, Y=2.000
  lambda0~1648.6, Lambda_R=23317, Lambda_S=1349, L*=46712
  RESULT: factor 86149001  via Lemma 3.11 certification  (0.0s)

Trial 10: N=7956601423530743 (53 bits), p=64436023, q=123480641
  m=1155 (primes<= 11), m0=1, X=m*m0=1155, S=[7, 11], t=2, M=77, rho=0.519, Y=2.000
  lambda0~2272.4, Lambda_R=32140, Lambda_S=1858, L*=64358
  RESULT: factor 64436023  via collision mod p (multipoint gcd)  (0.1s)
  oracle (correct candidate): branch=skinny, i in [0,2Lambda]=True, i==Q(k_p) mod ell=True, e* in E_R=None, alpha^e*==giant mod p=True
  giantsteps: regular=1168, skinny=272
  babysteps: sieved |E_R|=33433 of dense 64358 (ratio 0.519, rho=0.519); skinny 3717; plain HH shortest-vector baseline 6913

Trial 11: N=4654796386545881 (53 bits), p=57057919, q=81580199
  m=1155 (primes<= 11), m0=1, X=m*m0=1155, S=[7, 11], t=2, M=77, rho=0.519, Y=2.000
  lambda0~1738.1, Lambda_R=24583, Lambda_S=1422, L*=49244
  RESULT: factor 81580199  via collision mod p (multipoint gcd)  (0.1s)
  oracle (correct candidate): branch=regular, i in [0,2Lambda]=True, i==Q(k_p) mod ell=True, e* in E_R=True, alpha^e*==giant mod p=True
  giantsteps: regular=1120, skinny=320
  babysteps: sieved |E_R|=25581 of dense 49244 (ratio 0.519, rho=0.519); skinny 2845; plain HH shortest-vector baseline 5289

Trial 12: N=5681988790422913 (53 bits), p=44951311, q=126403183
  m=1155 (primes<= 11), m0=1, X=m*m0=1155, S=[7, 11], t=2, M=77, rho=0.519, Y=2.000
  lambda0~1920.3, Lambda_R=27160, Lambda_S=1570, L*=54398
  RESULT: factor 44951311  via collision mod p (multipoint gcd)  (0.1s)
  oracle (correct candidate): branch=skinny, i in [0,2Lambda]=True, i==Q(k_p) mod ell=True, e* in E_R=None, alpha^e*==giant mod p=True
  giantsteps: regular=1040, skinny=400
  babysteps: sieved |E_R|=28259 of dense 54398 (ratio 0.519, rho=0.519); skinny 3141; plain HH shortest-vector baseline 5843

Trial 13: N=3764724928434233 (52 bits), p=40421593, q=93136481
  m=1155 (primes<= 11), m0=1, X=m*m0=1155, S=[7, 11], t=2, M=77, rho=0.519, Y=2.000
  lambda0~1563.1, Lambda_R=22108, Lambda_S=1279, L*=44294
  RESULT: factor 40421593  via collision mod p (multipoint gcd)  (0.1s)
  oracle (correct candidate): branch=regular, i in [0,2Lambda]=True, i==Q(k_p) mod ell=True, e* in E_R=True, alpha^e*==giant mod p=True
  giantsteps: regular=1168, skinny=272
  babysteps: sieved |E_R|=23011 of dense 44294 (ratio 0.520, rho=0.519); skinny 2559; plain HH shortest-vector baseline 4757

Trial 14: N=4428631524479111 (52 bits), p=43959991, q=100742321
  m=1155 (primes<= 11), m0=1, X=m*m0=1155, S=[7, 11], t=2, M=77, rho=0.519, Y=2.000
  lambda0~1695.4, Lambda_R=23979, Lambda_S=1387, L*=48036
  RESULT: factor 100742321  via collision mod p (multipoint gcd)  (0.1s)
  oracle (correct candidate): branch=regular, i in [0,2Lambda]=True, i==Q(k_p) mod ell=True, e* in E_R=True, alpha^e*==giant mod p=True
  giantsteps: regular=1168, skinny=272
  babysteps: sieved |E_R|=24955 of dense 48036 (ratio 0.520, rho=0.519); skinny 2775; plain HH shortest-vector baseline 5159

Trial 15: N=4449620393574341 (52 bits), p=54756103, q=81262547
  m=1155 (primes<= 11), m0=1, X=m*m0=1155, S=[7, 11], t=2, M=77, rho=0.519, Y=2.000
  lambda0~1699.4, Lambda_R=24035, Lambda_S=1390, L*=48148
  RESULT: factor 54756103  via collision mod p (multipoint gcd)  (0.1s)
  oracle (correct candidate): branch=regular, i in [0,2Lambda]=True, i==Q(k_p) mod ell=True, e* in E_R=True, alpha^e*==giant mod p=True
  giantsteps: regular=1008, skinny=432
  babysteps: sieved |E_R|=25013 of dense 48148 (ratio 0.520, rho=0.519); skinny 2781; plain HH shortest-vector baseline 5171

Trial 16: N=5250889031055817 (53 bits), p=48890927, q=107400071
  m=1155 (primes<= 11), m0=1, X=m*m0=1155, S=[7, 11], t=2, M=77, rho=0.519, Y=2.000
  lambda0~1846.0, Lambda_R=26110, Lambda_S=1510, L*=52298
  RESULT: factor 48890927  via collision mod p (multipoint gcd)  (0.1s)
  oracle (correct candidate): branch=regular, i in [0,2Lambda]=True, i==Q(k_p) mod ell=True, e* in E_R=True, alpha^e*==giant mod p=True
  giantsteps: regular=1104, skinny=336
  babysteps: sieved |E_R|=27168 of dense 52298 (ratio 0.519, rho=0.519); skinny 3021; plain HH shortest-vector baseline 5617

Trial 17: N=4156978361463593 (52 bits), p=49023719, q=84795247
  m=1155 (primes<= 11), m0=1, X=m*m0=1155, S=[7, 11], t=2, M=77, rho=0.519, Y=2.000
  lambda0~1642.5, Lambda_R=23232, Lambda_S=1344, L*=46542
  RESULT: factor 49023719  via collision mod p (multipoint gcd)  (0.1s)
  oracle (correct candidate): branch=regular, i in [0,2Lambda]=True, i==Q(k_p) mod ell=True, e* in E_R=True, alpha^e*==giant mod p=True
  giantsteps: regular=944, skinny=496
  babysteps: sieved |E_R|=24178 of dense 46542 (ratio 0.519, rho=0.519); skinny 2689; plain HH shortest-vector baseline 4999

Trial 18: N=4646710179228353 (53 bits), p=50474591, q=92060383
  m=1155 (primes<= 11), m0=1, X=m*m0=1155, S=[7, 11], t=2, M=77, rho=0.519, Y=2.000
  lambda0~1736.6, Lambda_R=24562, Lambda_S=1420, L*=49202
  RESULT: factor 50474591  via collision mod p (multipoint gcd)  (0.1s)
  oracle (correct candidate): branch=regular, i in [0,2Lambda]=True, i==Q(k_p) mod ell=True, e* in E_R=True, alpha^e*==giant mod p=True
  giantsteps: regular=1072, skinny=368
  babysteps: sieved |E_R|=25560 of dense 49202 (ratio 0.519, rho=0.519); skinny 2841; plain HH shortest-vector baseline 5285

Trial 19: N=3622176475936867 (52 bits), p=48891827, q=74085521
  m=1155 (primes<= 11), m0=1, X=m*m0=1155, S=[7, 11], t=2, M=77, rho=0.519, Y=2.000
  lambda0~1533.2, Lambda_R=21686, Lambda_S=1254, L*=43450
  RESULT: factor 74085521  via collision mod p (multipoint gcd)  (0.1s)
  oracle (correct candidate): branch=regular, i in [0,2Lambda]=True, i==Q(k_p) mod ell=True, e* in E_R=True, alpha^e*==giant mod p=True
  giantsteps: regular=1104, skinny=336
  babysteps: sieved |E_R|=22572 of dense 43450 (ratio 0.519, rho=0.519); skinny 2509; plain HH shortest-vector baseline 4667

Trial 20: N=5115086933076581 (53 bits), p=47791259, q=107029759
  m=1155 (primes<= 11), m0=1, X=m*m0=1155, S=[7, 11], t=2, M=77, rho=0.519, Y=2.000
  lambda0~1822.0, Lambda_R=25770, Lambda_S=1490, L*=51618
  RESULT: factor 107029759  via collision mod p (multipoint gcd)  (0.1s)
  oracle (correct candidate): branch=regular, i in [0,2Lambda]=True, i==Q(k_p) mod ell=True, e* in E_R=True, alpha^e*==giant mod p=True
  giantsteps: regular=1008, skinny=432
  babysteps: sieved |E_R|=26816 of dense 51618 (ratio 0.520, rho=0.519); skinny 2981; plain HH shortest-vector baseline 5543

Trial 21: N=6192276371388089 (53 bits), p=56345917, q=109897517
  m=1155 (primes<= 11), m0=1, X=m*m0=1155, S=[7, 11], t=2, M=77, rho=0.519, Y=2.000
  lambda0~2004.7, Lambda_R=28353, Lambda_S=1639, L*=56784
  RESULT: factor 109897517  via collision mod p (multipoint gcd)  (0.1s)
  oracle (correct candidate): branch=regular, i in [0,2Lambda]=True, i==Q(k_p) mod ell=True, e* in E_R=True, alpha^e*==giant mod p=True
  giantsteps: regular=1168, skinny=272
  babysteps: sieved |E_R|=29499 of dense 56784 (ratio 0.519, rho=0.519); skinny 3279; plain HH shortest-vector baseline 6099

Trial 22: N=5292018847539037 (53 bits), p=59033147, q=89644871
  m=1155 (primes<= 11), m0=1, X=m*m0=1155, S=[7, 11], t=2, M=77, rho=0.519, Y=2.000
  lambda0~1853.3, Lambda_R=26212, Lambda_S=1516, L*=52502
  RESULT: factor 59033147  via collision mod p (multipoint gcd)  (0.1s)
  oracle (correct candidate): branch=regular, i in [0,2Lambda]=True, i==Q(k_p) mod ell=True, e* in E_R=True, alpha^e*==giant mod p=True
  giantsteps: regular=1040, skinny=400
  babysteps: sieved |E_R|=27275 of dense 52502 (ratio 0.520, rho=0.519); skinny 3033; plain HH shortest-vector baseline 5639

Trial 23: N=5553514458255679 (53 bits), p=59051617, q=94045087
  m=1155 (primes<= 11), m0=1, X=m*m0=1155, S=[7, 11], t=2, M=77, rho=0.519, Y=2.000
  lambda0~1898.5, Lambda_R=26851, Lambda_S=1553, L*=53780
  RESULT: factor 59051617  via collision mod p (multipoint gcd)  (0.1s)
  oracle (correct candidate): branch=regular, i in [0,2Lambda]=True, i==Q(k_p) mod ell=True, e* in E_R=True, alpha^e*==giant mod p=True
  giantsteps: regular=1088, skinny=352
  babysteps: sieved |E_R|=27938 of dense 53780 (ratio 0.519, rho=0.519); skinny 3107; plain HH shortest-vector baseline 5777

Trial 24: N=1754212963612679 (51 bits), p=38975719, q=45007841
  m=1155 (primes<= 11), m0=1, X=m*m0=1155, S=[7, 11], t=2, M=77, rho=0.519, Y=2.000
  lambda0~1067.0, Lambda_R=15092, Lambda_S=874, L*=30262
  RESULT: factor 38975719  via collision mod p (multipoint gcd)  (0.1s)
  oracle (correct candidate): branch=regular, i in [0,2Lambda]=True, i==Q(k_p) mod ell=True, e* in E_R=True, alpha^e*==giant mod p=True
  giantsteps: regular=1168, skinny=272
  babysteps: sieved |E_R|=15721 of dense 30262 (ratio 0.519, rho=0.519); skinny 1749; plain HH shortest-vector baseline 3249

Trial 25: N=4315259575717589 (52 bits), p=57934073, q=74485693
  m=1155 (primes<= 11), m0=1, X=m*m0=1155, S=[7, 11], t=2, M=77, rho=0.519, Y=2.000
  lambda0~1673.5, Lambda_R=23670, Lambda_S=1369, L*=47418
  RESULT: factor 57934073  via collision mod p (multipoint gcd)  (0.1s)
  oracle (correct candidate): branch=regular, i in [0,2Lambda]=True, i==Q(k_p) mod ell=True, e* in E_R=True, alpha^e*==giant mod p=True
  giantsteps: regular=1120, skinny=320
  babysteps: sieved |E_R|=24633 of dense 47418 (ratio 0.519, rho=0.519); skinny 2739; plain HH shortest-vector baseline 5093

25/25 factored.

Trial 1: N=1585463012515537 (51 bits), p=34522973, q=45924869
  m=1155 (primes<= 11), m0=1, X=m*m0=1155, S=[7, 11], t=2, M=77, rho=0.519, Y=2.000
  lambda0~1014.4, Lambda_R=14348, Lambda_S=831, L*=28774
  RESULT: factor 34522973  via collision mod p (multipoint gcd)  (0.1s)
  oracle (correct candidate): branch=regular, i in [0,2Lambda]=True, i==Q(k_p) mod ell=True, e* in E_R=True, alpha^e*==giant mod p=True
  giantsteps: regular=1104, skinny=336
  babysteps: sieved |E_R|=14947 of dense 28774 (ratio 0.519, rho=0.519); skinny 1663; plain HH shortest-vector baseline 3089

Trial 2: N=5078982360964103 (53 bits), p=63824951, q=79576753
  m=1155 (primes<= 11), m0=1, X=m*m0=1155, S=[7, 11], t=2, M=77, rho=0.519, Y=2.000
  lambda0~1815.6, Lambda_R=25679, Lambda_S=1485, L*=51436
  RESULT: factor 63824951  via Lemma 3.11 certification  (0.0s)

Trial 3: N=3853928426922853 (52 bits), p=51196669, q=75276937
  m=1155 (primes<= 11), m0=1, X=m*m0=1155, S=[7, 11], t=2, M=77, rho=0.519, Y=2.000
  lambda0~1581.5, Lambda_R=22369, Lambda_S=1294, L*=44816
  RESULT: factor 75276937  via Lemma 3.11 certification  (0.0s)

Trial 4: N=7662121855691579 (53 bits), p=57461863, q=133342733
  m=1155 (primes<= 11), m0=1, X=m*m0=1155, S=[7, 11], t=2, M=77, rho=0.519, Y=2.000
  lambda0~2230.0, Lambda_R=31539, Lambda_S=1823, L*=63156
  RESULT: factor 57461863  via collision mod p (multipoint gcd)  (0.1s)
  oracle (correct candidate): branch=skinny, i in [0,2Lambda]=True, i==Q(k_p) mod ell=True, e* in E_R=None, alpha^e*==giant mod p=True
  giantsteps: regular=1168, skinny=272
  babysteps: sieved |E_R|=32809 of dense 63156 (ratio 0.519, rho=0.519); skinny 3647; plain HH shortest-vector baseline 6783

Trial 5: N=3702404639205149 (52 bits), p=38471887, q=96236627
  m=1155 (primes<= 11), m0=1, X=m*m0=1155, S=[7, 11], t=2, M=77, rho=0.519, Y=2.000
  lambda0~1550.1, Lambda_R=21925, Lambda_S=1268, L*=43928
  RESULT: factor 96236627  via collision mod p (multipoint gcd)  (0.1s)
  oracle (correct candidate): branch=regular, i in [0,2Lambda]=True, i==Q(k_p) mod ell=True, e* in E_R=True, alpha^e*==giant mod p=True
  giantsteps: regular=1168, skinny=272
  babysteps: sieved |E_R|=22821 of dense 43928 (ratio 0.520, rho=0.519); skinny 2537; plain HH shortest-vector baseline 4717

Trial 6: N=6161916722563211 (53 bits), p=63425741, q=97151671
  m=1155 (primes<= 11), m0=1, X=m*m0=1155, S=[7, 11], t=2, M=77, rho=0.519, Y=2.000
  lambda0~1999.8, Lambda_R=28284, Lambda_S=1635, L*=56646
  RESULT: factor 97151671  via Lemma 3.11 certification  (0.0s)

Trial 7: N=6551689521020741 (53 bits), p=49503469, q=132348089
  m=1155 (primes<= 11), m0=1, X=m*m0=1155, S=[7, 11], t=2, M=77, rho=0.519, Y=2.000
  lambda0~2062.1, Lambda_R=29165, Lambda_S=1686, L*=58408
  RESULT: factor 49503469  via collision mod p (multipoint gcd)  (0.1s)
  oracle (correct candidate): branch=regular, i in [0,2Lambda]=True, i==Q(k_p) mod ell=True, e* in E_R=True, alpha^e*==giant mod p=True
  giantsteps: regular=1168, skinny=272
  babysteps: sieved |E_R|=30342 of dense 58408 (ratio 0.519, rho=0.519); skinny 3373; plain HH shortest-vector baseline 6273

Trial 8: N=4341241198073201 (52 bits), p=48691333, q=89158397
  m=1155 (primes<= 11), m0=1, X=m*m0=1155, S=[7, 11], t=2, M=77, rho=0.519, Y=2.000
  lambda0~1678.5, Lambda_R=23741, Lambda_S=1373, L*=47560
  RESULT: factor 48691333  via collision mod p (multipoint gcd)  (0.1s)
  oracle (correct candidate): branch=regular, i in [0,2Lambda]=True, i==Q(k_p) mod ell=True, e* in E_R=True, alpha^e*==giant mod p=True
  giantsteps: regular=1120, skinny=320
  babysteps: sieved |E_R|=24706 of dense 47560 (ratio 0.519, rho=0.519); skinny 2747; plain HH shortest-vector baseline 5107

Trial 9: N=5215381852233107 (53 bits), p=55008091, q=94811177
  m=1155 (primes<= 11), m0=1, X=m*m0=1155, S=[7, 11], t=2, M=77, rho=0.519, Y=2.000
  lambda0~1839.8, Lambda_R=26021, Lambda_S=1505, L*=52120
  RESULT: factor 55008091  via collision mod p (multipoint gcd)  (0.1s)
  oracle (correct candidate): branch=regular, i in [0,2Lambda]=True, i==Q(k_p) mod ell=True, e* in E_R=True, alpha^e*==giant mod p=True
  giantsteps: regular=1168, skinny=272
  babysteps: sieved |E_R|=27076 of dense 52120 (ratio 0.519, rho=0.519); skinny 3011; plain HH shortest-vector baseline 5597

Trial 10: N=3473255328450041 (52 bits), p=44095759, q=78766199
  m=1155 (primes<= 11), m0=1, X=m*m0=1155, S=[7, 11], t=2, M=77, rho=0.519, Y=2.000
  lambda0~1501.4, Lambda_R=21235, Lambda_S=1228, L*=42548
  RESULT: factor 44095759  via collision mod p (multipoint gcd)  (0.1s)
  oracle (correct candidate): branch=regular, i in [0,2Lambda]=True, i==Q(k_p) mod ell=True, e* in E_R=True, alpha^e*==giant mod p=True
  giantsteps: regular=1072, skinny=368
  babysteps: sieved |E_R|=22103 of dense 42548 (ratio 0.519, rho=0.519); skinny 2457; plain HH shortest-vector baseline 4569

Trial 11: N=6463821462514807 (53 bits), p=49946321, q=129415367
  m=1155 (primes<= 11), m0=1, X=m*m0=1155, S=[7, 11], t=2, M=77, rho=0.519, Y=2.000
  lambda0~2048.2, Lambda_R=28968, Lambda_S=1675, L*=58014
  RESULT: factor 49946321  via collision mod p (multipoint gcd)  (0.1s)
  oracle (correct candidate): branch=skinny, i in [0,2Lambda]=True, i==Q(k_p) mod ell=True, e* in E_R=None, alpha^e*==giant mod p=True
  giantsteps: regular=1184, skinny=256
  babysteps: sieved |E_R|=30138 of dense 58014 (ratio 0.519, rho=0.519); skinny 3351; plain HH shortest-vector baseline 6231

Trial 12: N=6307398882757913 (53 bits), p=57097519, q=110467127
  m=1155 (primes<= 11), m0=1, X=m*m0=1155, S=[7, 11], t=2, M=77, rho=0.519, Y=2.000
  lambda0~2023.3, Lambda_R=28616, Lambda_S=1654, L*=57310
  RESULT: factor 57097519  via collision mod p (multipoint gcd)  (0.1s)
  oracle (correct candidate): branch=regular, i in [0,2Lambda]=True, i==Q(k_p) mod ell=True, e* in E_R=True, alpha^e*==giant mod p=True
  giantsteps: regular=976, skinny=464
  babysteps: sieved |E_R|=29772 of dense 57310 (ratio 0.519, rho=0.519); skinny 3309; plain HH shortest-vector baseline 6155

Trial 13: N=3780752723281943 (52 bits), p=52978127, q=71364409
  m=1155 (primes<= 11), m0=1, X=m*m0=1155, S=[7, 11], t=2, M=77, rho=0.519, Y=2.000
  lambda0~1566.4, Lambda_R=22155, Lambda_S=1281, L*=44388
  RESULT: factor 71364409  via collision mod p (multipoint gcd)  (0.1s)
  oracle (correct candidate): branch=regular, i in [0,2Lambda]=True, i==Q(k_p) mod ell=True, e* in E_R=True, alpha^e*==giant mod p=True
  giantsteps: regular=976, skinny=464
  babysteps: sieved |E_R|=23059 of dense 44388 (ratio 0.519, rho=0.519); skinny 2563; plain HH shortest-vector baseline 4767

Trial 14: N=7679360342139463 (53 bits), p=63207817, q=121493839
  m=1155 (primes<= 11), m0=1, X=m*m0=1155, S=[7, 11], t=2, M=77, rho=0.519, Y=2.000
  lambda0~2232.5, Lambda_R=31575, Lambda_S=1825, L*=63228
  RESULT: factor 63207817  via collision mod p (multipoint gcd)  (0.1s)
  oracle (correct candidate): branch=regular, i in [0,2Lambda]=True, i==Q(k_p) mod ell=True, e* in E_R=True, alpha^e*==giant mod p=True
  giantsteps: regular=1184, skinny=256
  babysteps: sieved |E_R|=32846 of dense 63228 (ratio 0.519, rho=0.519); skinny 3651; plain HH shortest-vector baseline 6791

Trial 15: N=1964036616608669 (51 bits), p=36478733, q=53840593
  m=1155 (primes<= 11), m0=1, X=m*m0=1155, S=[7, 11], t=2, M=77, rho=0.519, Y=2.000
  lambda0~1129.0, Lambda_R=15969, Lambda_S=924, L*=32016
  RESULT: factor 53840593  via collision mod p (multipoint gcd)  (0.1s)
  oracle (correct candidate): branch=regular, i in [0,2Lambda]=True, i==Q(k_p) mod ell=True, e* in E_R=True, alpha^e*==giant mod p=True
  giantsteps: regular=1120, skinny=320
  babysteps: sieved |E_R|=16632 of dense 32016 (ratio 0.519, rho=0.519); skinny 1849; plain HH shortest-vector baseline 3437

Trial 16: N=5603696504547131 (53 bits), p=41985709, q=133466759
  m=1155 (primes<= 11), m0=1, X=m*m0=1155, S=[7, 11], t=2, M=77, rho=0.519, Y=2.000
  lambda0~1907.1, Lambda_R=26972, Lambda_S=1560, L*=54022
  RESULT: factor 41985709  via collision mod p (multipoint gcd)  (0.1s)
  oracle (correct candidate): branch=regular, i in [0,2Lambda]=True, i==Q(k_p) mod ell=True, e* in E_R=True, alpha^e*==giant mod p=True
  giantsteps: regular=1120, skinny=320
  babysteps: sieved |E_R|=28064 of dense 54022 (ratio 0.519, rho=0.519); skinny 3121; plain HH shortest-vector baseline 5803

Trial 17: N=4421116010490041 (52 bits), p=37040483, q=119359027
  m=1155 (primes<= 11), m0=1, X=m*m0=1155, S=[7, 11], t=2, M=77, rho=0.519, Y=2.000
  lambda0~1693.9, Lambda_R=23958, Lambda_S=1386, L*=47994
  RESULT: factor 37040483  via collision mod p (multipoint gcd)  (0.1s)
  oracle (correct candidate): branch=regular, i in [0,2Lambda]=True, i==Q(k_p) mod ell=True, e* in E_R=True, alpha^e*==giant mod p=True
  giantsteps: regular=1120, skinny=320
  babysteps: sieved |E_R|=24933 of dense 47994 (ratio 0.520, rho=0.519); skinny 2773; plain HH shortest-vector baseline 5155

Trial 18: N=3537733277728537 (52 bits), p=42759191, q=82736207
  m=1155 (primes<= 11), m0=1, X=m*m0=1155, S=[7, 11], t=2, M=77, rho=0.519, Y=2.000
  lambda0~1515.3, Lambda_R=21432, Lambda_S=1240, L*=42942
  RESULT: factor 42759191  via collision mod p (multipoint gcd)  (0.1s)
  oracle (correct candidate): branch=regular, i in [0,2Lambda]=True, i==Q(k_p) mod ell=True, e* in E_R=True, alpha^e*==giant mod p=True
  giantsteps: regular=1184, skinny=256
  babysteps: sieved |E_R|=22307 of dense 42942 (ratio 0.519, rho=0.519); skinny 2481; plain HH shortest-vector baseline 4611

Trial 19: N=5386962756436951 (53 bits), p=51054329, q=105514319
  m=1155 (primes<= 11), m0=1, X=m*m0=1155, S=[7, 11], t=2, M=77, rho=0.519, Y=2.000
  lambda0~1869.8, Lambda_R=26446, Lambda_S=1529, L*=52970
  RESULT: factor 51054329  via collision mod p (multipoint gcd)  (0.1s)
  oracle (correct candidate): branch=regular, i in [0,2Lambda]=True, i==Q(k_p) mod ell=True, e* in E_R=True, alpha^e*==giant mod p=True
  giantsteps: regular=1136, skinny=304
  babysteps: sieved |E_R|=27518 of dense 52970 (ratio 0.520, rho=0.519); skinny 3059; plain HH shortest-vector baseline 5689

Trial 20: N=6292146703902581 (53 bits), p=51100267, q=123133343
  m=1155 (primes<= 11), m0=1, X=m*m0=1155, S=[7, 11], t=2, M=77, rho=0.519, Y=2.000
  lambda0~2020.8, Lambda_R=28581, Lambda_S=1652, L*=57240
  RESULT: factor 123133343  via collision mod p (multipoint gcd)  (0.1s)
  oracle (correct candidate): branch=skinny, i in [0,2Lambda]=True, i==Q(k_p) mod ell=True, e* in E_R=None, alpha^e*==giant mod p=True
  giantsteps: regular=1120, skinny=320
  babysteps: sieved |E_R|=29736 of dense 57240 (ratio 0.519, rho=0.519); skinny 3305; plain HH shortest-vector baseline 6147

Trial 21: N=2509401143236577 (52 bits), p=41961611, q=59802307
  m=1155 (primes<= 11), m0=1, X=m*m0=1155, S=[7, 11], t=2, M=77, rho=0.519, Y=2.000
  lambda0~1276.2, Lambda_R=18050, Lambda_S=1044, L*=36178
  RESULT: factor 41961611  via collision mod p (multipoint gcd)  (0.1s)
  oracle (correct candidate): branch=regular, i in [0,2Lambda]=True, i==Q(k_p) mod ell=True, e* in E_R=True, alpha^e*==giant mod p=True
  giantsteps: regular=944, skinny=496
  babysteps: sieved |E_R|=18795 of dense 36178 (ratio 0.520, rho=0.519); skinny 2089; plain HH shortest-vector baseline 3885

Trial 22: N=3276540511933981 (52 bits), p=43178713, q=75883237
  m=1155 (primes<= 11), m0=1, X=m*m0=1155, S=[7, 11], t=2, M=77, rho=0.519, Y=2.000
  lambda0~1458.3, Lambda_R=20625, Lambda_S=1193, L*=41328
  RESULT: factor 43178713  via collision mod p (multipoint gcd)  (0.1s)
  oracle (correct candidate): branch=regular, i in [0,2Lambda]=True, i==Q(k_p) mod ell=True, e* in E_R=True, alpha^e*==giant mod p=True
  giantsteps: regular=1120, skinny=320
  babysteps: sieved |E_R|=21469 of dense 41328 (ratio 0.519, rho=0.519); skinny 2387; plain HH shortest-vector baseline 4439

Trial 23: N=6305391752090273 (53 bits), p=54782641, q=115098353
  m=1155 (primes<= 11), m0=1, X=m*m0=1155, S=[7, 11], t=2, M=77, rho=0.519, Y=2.000
  lambda0~2022.9, Lambda_R=28611, Lambda_S=1654, L*=57300
  RESULT: factor 54782641  via Lemma 3.11 certification  (0.0s)

Trial 24: N=4647169757698519 (53 bits), p=62222497, q=74686327
  m=1155 (primes<= 11), m0=1, X=m*m0=1155, S=[7, 11], t=2, M=77, rho=0.519, Y=2.000
  lambda0~1736.7, Lambda_R=24563, Lambda_S=1420, L*=49204
  RESULT: factor 74686327  via collision mod p (multipoint gcd)  (0.1s)
  oracle (correct candidate): branch=regular, i in [0,2Lambda]=True, i==Q(k_p) mod ell=True, e* in E_R=True, alpha^e*==giant mod p=True
  giantsteps: regular=1136, skinny=304
  babysteps: sieved |E_R|=25561 of dense 49204 (ratio 0.519, rho=0.519); skinny 2841; plain HH shortest-vector baseline 5285

Trial 25: N=5139556836969271 (53 bits), p=40566683, q=126694037
  m=1155 (primes<= 11), m0=1, X=m*m0=1155, S=[7, 11], t=2, M=77, rho=0.519, Y=2.000
  lambda0~1826.4, Lambda_R=25831, Lambda_S=1494, L*=51740
  RESULT: factor 40566683  via collision mod p (multipoint gcd)  (0.1s)
  oracle (correct candidate): branch=regular, i in [0,2Lambda]=True, i==Q(k_p) mod ell=True, e* in E_R=True, alpha^e*==giant mod p=True
  giantsteps: regular=1120, skinny=320
  babysteps: sieved |E_R|=26879 of dense 51740 (ratio 0.520, rho=0.519); skinny 2989; plain HH shortest-vector baseline 5557

25/25 factored.

Trial 1: N=3066835995420803 (52 bits), p=50719237, q=60466919
  m=1155 (primes<= 11), m0=1, X=m*m0=1155, S=[7, 11], t=2, M=77, rho=0.519, Y=2.000
  lambda0~1410.8, Lambda_R=19955, Lambda_S=1154, L*=39988
  RESULT: factor 50719237  via collision mod p (multipoint gcd)  (0.1s)
  oracle (correct candidate): branch=regular, i in [0,2Lambda]=True, i==Q(k_p) mod ell=True, e* in E_R=True, alpha^e*==giant mod p=True
  giantsteps: regular=1168, skinny=272
  babysteps: sieved |E_R|=20774 of dense 39988 (ratio 0.520, rho=0.519); skinny 2309; plain HH shortest-vector baseline 4293

Trial 2: N=4971185044721039 (53 bits), p=41500093, q=119787323
  m=1155 (primes<= 11), m0=1, X=m*m0=1155, S=[7, 11], t=2, M=77, rho=0.519, Y=2.000
  lambda0~1796.2, Lambda_R=25405, Lambda_S=1469, L*=50888
  RESULT: factor 119787323  via collision mod p (multipoint gcd)  (0.1s)
  oracle (correct candidate): branch=regular, i in [0,2Lambda]=True, i==Q(k_p) mod ell=True, e* in E_R=True, alpha^e*==giant mod p=True
  giantsteps: regular=1120, skinny=320
  babysteps: sieved |E_R|=26436 of dense 50888 (ratio 0.519, rho=0.519); skinny 2939; plain HH shortest-vector baseline 5465

Trial 3: N=4698795970999367 (53 bits), p=52253081, q=89923807
  m=1155 (primes<= 11), m0=1, X=m*m0=1155, S=[7, 11], t=2, M=77, rho=0.519, Y=2.000
  lambda0~1746.3, Lambda_R=24699, Lambda_S=1428, L*=49476
  RESULT: factor 52253081  via collision mod p (multipoint gcd)  (0.1s)
  oracle (correct candidate): branch=regular, i in [0,2Lambda]=True, i==Q(k_p) mod ell=True, e* in E_R=True, alpha^e*==giant mod p=True
  giantsteps: regular=976, skinny=464
  babysteps: sieved |E_R|=25702 of dense 49476 (ratio 0.519, rho=0.519); skinny 2857; plain HH shortest-vector baseline 5313

Trial 4: N=1822902916144801 (51 bits), p=39919991, q=45663911
  m=1155 (primes<= 11), m0=1, X=m*m0=1155, S=[7, 11], t=2, M=77, rho=0.519, Y=2.000
  lambda0~1087.7, Lambda_R=15385, Lambda_S=891, L*=30848
  RESULT: factor 39919991  via collision mod p (multipoint gcd)  (0.1s)
  oracle (correct candidate): branch=regular, i in [0,2Lambda]=True, i==Q(k_p) mod ell=True, e* in E_R=True, alpha^e*==giant mod p=True
  giantsteps: regular=1136, skinny=304
  babysteps: sieved |E_R|=16024 of dense 30848 (ratio 0.519, rho=0.519); skinny 1783; plain HH shortest-vector baseline 3311

Trial 5: N=3676411679462689 (52 bits), p=39953939, q=92016251
  m=1155 (primes<= 11), m0=1, X=m*m0=1155, S=[7, 11], t=2, M=77, rho=0.519, Y=2.000
  lambda0~1544.7, Lambda_R=21848, Lambda_S=1264, L*=43774
  RESULT: factor 92016251  via collision mod p (multipoint gcd)  (0.1s)
  oracle (correct candidate): branch=regular, i in [0,2Lambda]=True, i==Q(k_p) mod ell=True, e* in E_R=True, alpha^e*==giant mod p=True
  giantsteps: regular=1120, skinny=320
  babysteps: sieved |E_R|=22741 of dense 43774 (ratio 0.520, rho=0.519); skinny 2529; plain HH shortest-vector baseline 4701

Trial 6: N=3890992908527663 (52 bits), p=50434639, q=77149217
  m=1155 (primes<= 11), m0=1, X=m*m0=1155, S=[7, 11], t=2, M=77, rho=0.519, Y=2.000
  lambda0~1589.1, Lambda_R=22476, Lambda_S=1300, L*=45030
  RESULT: factor 50434639  via collision mod p (multipoint gcd)  (0.1s)
  oracle (correct candidate): branch=regular, i in [0,2Lambda]=True, i==Q(k_p) mod ell=True, e* in E_R=True, alpha^e*==giant mod p=True
  giantsteps: regular=1168, skinny=272
  babysteps: sieved |E_R|=23392 of dense 45030 (ratio 0.519, rho=0.519); skinny 2601; plain HH shortest-vector baseline 4835

Trial 7: N=4114286371741099 (52 bits), p=47503147, q=86610817
  m=1155 (primes<= 11), m0=1, X=m*m0=1155, S=[7, 11], t=2, M=77, rho=0.519, Y=2.000
  lambda0~1634.1, Lambda_R=23112, Lambda_S=1337, L*=46302
  RESULT: factor 86610817  via collision mod p (multipoint gcd)  (0.1s)
  oracle (correct candidate): branch=regular, i in [0,2Lambda]=True, i==Q(k_p) mod ell=True, e* in E_R=True, alpha^e*==giant mod p=True
  giantsteps: regular=976, skinny=464
  babysteps: sieved |E_R|=24054 of dense 46302 (ratio 0.520, rho=0.519); skinny 2675; plain HH shortest-vector baseline 4973

Trial 8: N=4429912465088449 (52 bits), p=42992659, q=103038811
  m=1155 (primes<= 11), m0=1, X=m*m0=1155, S=[7, 11], t=2, M=77, rho=0.519, Y=2.000
  lambda0~1695.6, Lambda_R=23982, Lambda_S=1387, L*=48042
  RESULT: factor 42992659  via collision mod p (multipoint gcd)  (0.1s)
  oracle (correct candidate): branch=regular, i in [0,2Lambda]=True, i==Q(k_p) mod ell=True, e* in E_R=True, alpha^e*==giant mod p=True
  giantsteps: regular=1088, skinny=352
  babysteps: sieved |E_R|=24958 of dense 48042 (ratio 0.520, rho=0.519); skinny 2775; plain HH shortest-vector baseline 5159

Trial 9: N=2489294226978523 (52 bits), p=41988517, q=59285119
  m=1155 (primes<= 11), m0=1, X=m*m0=1155, S=[7, 11], t=2, M=77, rho=0.519, Y=2.000
  lambda0~1271.1, Lambda_R=17978, Lambda_S=1040, L*=36034
  RESULT: factor 41988517  via collision mod p (multipoint gcd)  (0.1s)
  oracle (correct candidate): branch=regular, i in [0,2Lambda]=True, i==Q(k_p) mod ell=True, e* in E_R=True, alpha^e*==giant mod p=True
  giantsteps: regular=1184, skinny=256
  babysteps: sieved |E_R|=18720 of dense 36034 (ratio 0.520, rho=0.519); skinny 2081; plain HH shortest-vector baseline 3869

Trial 10: N=5706112793114099 (53 bits), p=43389889, q=131507891
  m=1155 (primes<= 11), m0=1, X=m*m0=1155, S=[7, 11], t=2, M=77, rho=0.519, Y=2.000
  lambda0~1924.4, Lambda_R=27218, Lambda_S=1574, L*=54514
  RESULT: factor 131507891  via collision mod p (multipoint gcd)  (0.1s)
  oracle (correct candidate): branch=skinny, i in [0,2Lambda]=True, i==Q(k_p) mod ell=True, e* in E_R=None, alpha^e*==giant mod p=True
  giantsteps: regular=1120, skinny=320
  babysteps: sieved |E_R|=28320 of dense 54514 (ratio 0.519, rho=0.519); skinny 3149; plain HH shortest-vector baseline 5855

Trial 11: N=1721486453525369 (51 bits), p=36660863, q=46957063
  m=1155 (primes<= 11), m0=1, X=m*m0=1155, S=[7, 11], t=2, M=77, rho=0.519, Y=2.000
  lambda0~1057.0, Lambda_R=14951, Lambda_S=866, L*=29980
  RESULT: factor 36660863  via collision mod p (multipoint gcd)  (0.1s)
  oracle (correct candidate): branch=regular, i in [0,2Lambda]=True, i==Q(k_p) mod ell=True, e* in E_R=True, alpha^e*==giant mod p=True
  giantsteps: regular=1168, skinny=272
  babysteps: sieved |E_R|=15575 of dense 29980 (ratio 0.520, rho=0.519); skinny 1733; plain HH shortest-vector baseline 3219

Trial 12: N=1769147876510059 (51 bits), p=37708817, q=46916027
  m=1155 (primes<= 11), m0=1, X=m*m0=1155, S=[7, 11], t=2, M=77, rho=0.519, Y=2.000
  lambda0~1071.5, Lambda_R=15156, Lambda_S=877, L*=30390
  RESULT: factor 37708817  via collision mod p (multipoint gcd)  (0.1s)
  oracle (correct candidate): branch=regular, i in [0,2Lambda]=True, i==Q(k_p) mod ell=True, e* in E_R=True, alpha^e*==giant mod p=True
  giantsteps: regular=1088, skinny=352
  babysteps: sieved |E_R|=15787 of dense 30390 (ratio 0.519, rho=0.519); skinny 1755; plain HH shortest-vector baseline 3263

Trial 13: N=2398352848052467 (52 bits), p=36565381, q=65590807
  m=1155 (primes<= 11), m0=1, X=m*m0=1155, S=[7, 11], t=2, M=77, rho=0.519, Y=2.000
  lambda0~1247.6, Lambda_R=17647, Lambda_S=1021, L*=35372
  RESULT: factor 36565381  via collision mod p (multipoint gcd)  (0.1s)
  oracle (correct candidate): branch=regular, i in [0,2Lambda]=True, i==Q(k_p) mod ell=True, e* in E_R=True, alpha^e*==giant mod p=True
  giantsteps: regular=1040, skinny=400
  babysteps: sieved |E_R|=18376 of dense 35372 (ratio 0.520, rho=0.519); skinny 2043; plain HH shortest-vector baseline 3797

Trial 14: N=4201820138040923 (52 bits), p=62969609, q=66727747
  m=1155 (primes<= 11), m0=1, X=m*m0=1155, S=[7, 11], t=2, M=77, rho=0.519, Y=2.000
  lambda0~1651.4, Lambda_R=23356, Lambda_S=1351, L*=46790
  RESULT: factor 66727747  via collision mod p (multipoint gcd)  (0.1s)
  oracle (correct candidate): branch=regular, i in [0,2Lambda]=True, i==Q(k_p) mod ell=True, e* in E_R=True, alpha^e*==giant mod p=True
  giantsteps: regular=976, skinny=464
  babysteps: sieved |E_R|=24306 of dense 46790 (ratio 0.519, rho=0.519); skinny 2703; plain HH shortest-vector baseline 5025

Trial 15: N=5126822013805277 (53 bits), p=38546561, q=133003357
  m=1155 (primes<= 11), m0=1, X=m*m0=1155, S=[7, 11], t=2, M=77, rho=0.519, Y=2.000
  lambda0~1824.1, Lambda_R=25799, Lambda_S=1492, L*=51676
  RESULT: factor 38546561  via collision mod p (multipoint gcd)  (0.1s)
  oracle (correct candidate): branch=regular, i in [0,2Lambda]=True, i==Q(k_p) mod ell=True, e* in E_R=True, alpha^e*==giant mod p=True
  giantsteps: regular=1168, skinny=272
  babysteps: sieved |E_R|=26845 of dense 51676 (ratio 0.519, rho=0.519); skinny 2985; plain HH shortest-vector baseline 5551

Trial 16: N=3885782105664869 (52 bits), p=54139153, q=71773973
  m=1155 (primes<= 11), m0=1, X=m*m0=1155, S=[7, 11], t=2, M=77, rho=0.519, Y=2.000
  lambda0~1588.1, Lambda_R=22461, Lambda_S=1299, L*=45000
  RESULT: factor 54139153  via collision mod p (multipoint gcd)  (0.1s)
  oracle (correct candidate): branch=regular, i in [0,2Lambda]=True, i==Q(k_p) mod ell=True, e* in E_R=True, alpha^e*==giant mod p=True
  giantsteps: regular=1120, skinny=320
  babysteps: sieved |E_R|=23378 of dense 45000 (ratio 0.520, rho=0.519); skinny 2599; plain HH shortest-vector baseline 4833

Trial 17: N=3627804433839253 (52 bits), p=35147261, q=103217273
  m=1155 (primes<= 11), m0=1, X=m*m0=1155, S=[7, 11], t=2, M=77, rho=0.519, Y=2.000
  lambda0~1534.4, Lambda_R=21703, Lambda_S=1255, L*=43484
  RESULT: factor 103217273  via collision mod p (multipoint gcd)  (0.1s)
  oracle (correct candidate): branch=regular, i in [0,2Lambda]=True, i==Q(k_p) mod ell=True, e* in E_R=True, alpha^e*==giant mod p=True
  giantsteps: regular=1184, skinny=256
  babysteps: sieved |E_R|=22589 of dense 43484 (ratio 0.519, rho=0.519); skinny 2511; plain HH shortest-vector baseline 4669

Trial 18: N=6457979534002081 (53 bits), p=65499979, q=98595139
  m=1155 (primes<= 11), m0=1, X=m*m0=1155, S=[7, 11], t=2, M=77, rho=0.519, Y=2.000
  lambda0~2047.3, Lambda_R=28955, Lambda_S=1674, L*=57988
  RESULT: factor 98595139  via collision mod p (multipoint gcd)  (0.1s)
  oracle (correct candidate): branch=regular, i in [0,2Lambda]=True, i==Q(k_p) mod ell=True, e* in E_R=True, alpha^e*==giant mod p=True
  giantsteps: regular=1136, skinny=304
  babysteps: sieved |E_R|=30123 of dense 57988 (ratio 0.519, rho=0.519); skinny 3349; plain HH shortest-vector baseline 6229

Trial 19: N=3749944476356671 (52 bits), p=54043573, q=69387427
  m=1155 (primes<= 11), m0=1, X=m*m0=1155, S=[7, 11], t=2, M=77, rho=0.519, Y=2.000
  lambda0~1560.1, Lambda_R=22065, Lambda_S=1276, L*=44208
  RESULT: factor 69387427  via collision mod p (multipoint gcd)  (0.1s)
  oracle (correct candidate): branch=skinny, i in [0,2Lambda]=True, i==Q(k_p) mod ell=True, e* in E_R=None, alpha^e*==giant mod p=True
  giantsteps: regular=1120, skinny=320
  babysteps: sieved |E_R|=22966 of dense 44208 (ratio 0.519, rho=0.519); skinny 2553; plain HH shortest-vector baseline 4747

Trial 20: N=8039127736137019 (53 bits), p=63193729, q=127214011
  m=1155 (primes<= 11), m0=1, X=m*m0=1155, S=[7, 11], t=2, M=77, rho=0.519, Y=2.000
  lambda0~2284.2, Lambda_R=32306, Lambda_S=1868, L*=64690
  RESULT: factor 127214011  via Lemma 3.11 certification  (0.0s)

Trial 21: N=4529592339585139 (53 bits), p=39623813, q=114314903
  m=1155 (primes<= 11), m0=1, X=m*m0=1155, S=[7, 11], t=2, M=77, rho=0.519, Y=2.000
  lambda0~1714.6, Lambda_R=24250, Lambda_S=1402, L*=48578
  RESULT: factor 114314903  via collision mod p (multipoint gcd)  (0.1s)
  oracle (correct candidate): branch=regular, i in [0,2Lambda]=True, i==Q(k_p) mod ell=True, e* in E_R=True, alpha^e*==giant mod p=True
  giantsteps: regular=1136, skinny=304
  babysteps: sieved |E_R|=25236 of dense 48578 (ratio 0.519, rho=0.519); skinny 2805; plain HH shortest-vector baseline 5217

Trial 22: N=4732935246465809 (53 bits), p=48712661, q=97160269
  m=1155 (primes<= 11), m0=1, X=m*m0=1155, S=[7, 11], t=2, M=77, rho=0.519, Y=2.000
  lambda0~1752.6, Lambda_R=24789, Lambda_S=1434, L*=49656
  RESULT: factor 97160269  via collision mod p (multipoint gcd)  (0.1s)
  oracle (correct candidate): branch=regular, i in [0,2Lambda]=True, i==Q(k_p) mod ell=True, e* in E_R=True, alpha^e*==giant mod p=True
  giantsteps: regular=1168, skinny=272
  babysteps: sieved |E_R|=25796 of dense 49656 (ratio 0.519, rho=0.519); skinny 2869; plain HH shortest-vector baseline 5333

Trial 23: N=6762110443326431 (53 bits), p=57343129, q=117923639
  m=1155 (primes<= 11), m0=1, X=m*m0=1155, S=[7, 11], t=2, M=77, rho=0.519, Y=2.000
  lambda0~2094.9, Lambda_R=29629, Lambda_S=1713, L*=59336
  RESULT: factor 117923639  via collision mod p (multipoint gcd)  (0.1s)
  oracle (correct candidate): branch=regular, i in [0,2Lambda]=True, i==Q(k_p) mod ell=True, e* in E_R=True, alpha^e*==giant mod p=True
  giantsteps: regular=1072, skinny=368
  babysteps: sieved |E_R|=30824 of dense 59336 (ratio 0.519, rho=0.519); skinny 3427; plain HH shortest-vector baseline 6373

Trial 24: N=5414200297984391 (53 bits), p=61962113, q=87379207
  m=1155 (primes<= 11), m0=1, X=m*m0=1155, S=[7, 11], t=2, M=77, rho=0.519, Y=2.000
  lambda0~1874.5, Lambda_R=26512, Lambda_S=1533, L*=53102
  RESULT: factor 87379207  via collision mod p (multipoint gcd)  (0.1s)
  oracle (correct candidate): branch=skinny, i in [0,2Lambda]=True, i==Q(k_p) mod ell=True, e* in E_R=None, alpha^e*==giant mod p=True
  giantsteps: regular=1120, skinny=320
  babysteps: sieved |E_R|=27585 of dense 53102 (ratio 0.519, rho=0.519); skinny 3067; plain HH shortest-vector baseline 5703

Trial 25: N=3666760615749529 (52 bits), p=43832797, q=83653357
  m=1155 (primes<= 11), m0=1, X=m*m0=1155, S=[7, 11], t=2, M=77, rho=0.519, Y=2.000
  lambda0~1542.7, Lambda_R=21819, Lambda_S=1262, L*=43716
  RESULT: factor 43832797  via collision mod p (multipoint gcd)  (0.1s)
  oracle (correct candidate): branch=regular, i in [0,2Lambda]=True, i==Q(k_p) mod ell=True, e* in E_R=True, alpha^e*==giant mod p=True
  giantsteps: regular=976, skinny=464
  babysteps: sieved |E_R|=22710 of dense 43716 (ratio 0.519, rho=0.519); skinny 2525; plain HH shortest-vector baseline 4695

25/25 factored.

Trial 1: N=3189042179403463 (52 bits), p=43436101, q=73419163
  m=1155 (primes<= 11), m0=1, X=m*m0=1155, S=[7, 11], t=2, M=77, rho=0.519, Y=2.000
  lambda0~1438.7, Lambda_R=20348, Lambda_S=1177, L*=40774
  RESULT: factor 73419163  via collision mod p (multipoint gcd)  (0.1s)
  oracle (correct candidate): branch=skinny, i in [0,2Lambda]=True, i==Q(k_p) mod ell=True, e* in E_R=None, alpha^e*==giant mod p=True
  giantsteps: regular=1040, skinny=400
  babysteps: sieved |E_R|=21181 of dense 40774 (ratio 0.519, rho=0.519); skinny 2355; plain HH shortest-vector baseline 4379

Trial 2: N=4470358128946763 (52 bits), p=61771513, q=72369251
  m=1155 (primes<= 11), m0=1, X=m*m0=1155, S=[7, 11], t=2, M=77, rho=0.519, Y=2.000
  lambda0~1703.3, Lambda_R=24091, Lambda_S=1393, L*=48260
  RESULT: factor 61771513  via collision mod p (multipoint gcd)  (0.1s)
  oracle (correct candidate): branch=regular, i in [0,2Lambda]=True, i==Q(k_p) mod ell=True, e* in E_R=True, alpha^e*==giant mod p=True
  giantsteps: regular=1168, skinny=272
  babysteps: sieved |E_R|=25070 of dense 48260 (ratio 0.519, rho=0.519); skinny 2787; plain HH shortest-vector baseline 5183

Trial 3: N=4322410918873609 (52 bits), p=64498789, q=67015381
  m=1155 (primes<= 11), m0=1, X=m*m0=1155, S=[7, 11], t=2, M=77, rho=0.519, Y=2.000
  lambda0~1674.9, Lambda_R=23689, Lambda_S=1370, L*=47456
  RESULT: factor 64498789  via collision mod p (multipoint gcd)  (0.1s)
  oracle (correct candidate): branch=regular, i in [0,2Lambda]=True, i==Q(k_p) mod ell=True, e* in E_R=True, alpha^e*==giant mod p=True
  giantsteps: regular=976, skinny=464
  babysteps: sieved |E_R|=24654 of dense 47456 (ratio 0.520, rho=0.519); skinny 2741; plain HH shortest-vector baseline 5097

Trial 4: N=2839635889943159 (52 bits), p=42971021, q=66082579
  m=1155 (primes<= 11), m0=1, X=m*m0=1155, S=[7, 11], t=2, M=77, rho=0.519, Y=2.000
  lambda0~1357.6, Lambda_R=19201, Lambda_S=1111, L*=38480
  RESULT: factor 66082579  via collision mod p (multipoint gcd)  (0.1s)
  oracle (correct candidate): branch=skinny, i in [0,2Lambda]=True, i==Q(k_p) mod ell=True, e* in E_R=None, alpha^e*==giant mod p=True
  giantsteps: regular=1008, skinny=432
  babysteps: sieved |E_R|=19990 of dense 38480 (ratio 0.519, rho=0.519); skinny 2223; plain HH shortest-vector baseline 4133

Trial 5: N=5500125591254417 (53 bits), p=66772319, q=82371343
  m=1155 (primes<= 11), m0=1, X=m*m0=1155, S=[7, 11], t=2, M=77, rho=0.519, Y=2.000
  lambda0~1889.4, Lambda_R=26722, Lambda_S=1545, L*=53522
  RESULT: factor 66772319  via collision mod p (multipoint gcd)  (0.1s)
  oracle (correct candidate): branch=regular, i in [0,2Lambda]=True, i==Q(k_p) mod ell=True, e* in E_R=True, alpha^e*==giant mod p=True
  giantsteps: regular=944, skinny=496
  babysteps: sieved |E_R|=27803 of dense 53522 (ratio 0.519, rho=0.519); skinny 3091; plain HH shortest-vector baseline 5749

Trial 6: N=3278138738273807 (52 bits), p=53406677, q=61380691
  m=1155 (primes<= 11), m0=1, X=m*m0=1155, S=[7, 11], t=2, M=77, rho=0.519, Y=2.000
  lambda0~1458.6, Lambda_R=20630, Lambda_S=1193, L*=41338
  RESULT: factor 61380691  via collision mod p (multipoint gcd)  (0.1s)
  oracle (correct candidate): branch=regular, i in [0,2Lambda]=True, i==Q(k_p) mod ell=True, e* in E_R=True, alpha^e*==giant mod p=True
  giantsteps: regular=1168, skinny=272
  babysteps: sieved |E_R|=21475 of dense 41338 (ratio 0.519, rho=0.519); skinny 2387; plain HH shortest-vector baseline 4439

Trial 7: N=2987206231836913 (52 bits), p=50670937, q=58953049
  m=1155 (primes<= 11), m0=1, X=m*m0=1155, S=[7, 11], t=2, M=77, rho=0.519, Y=2.000
  lambda0~1392.4, Lambda_R=19694, Lambda_S=1139, L*=39466
  RESULT: factor 58953049  via Lemma 3.11 certification  (0.0s)

Trial 8: N=7331735529393959 (53 bits), p=65395139, q=112114381
  m=1155 (primes<= 11), m0=1, X=m*m0=1155, S=[7, 11], t=2, M=77, rho=0.519, Y=2.000
  lambda0~2181.4, Lambda_R=30852, Lambda_S=1784, L*=61782
  RESULT: factor 112114381  via collision mod p (multipoint gcd)  (0.1s)
  oracle (correct candidate): branch=regular, i in [0,2Lambda]=True, i==Q(k_p) mod ell=True, e* in E_R=True, alpha^e*==giant mod p=True
  giantsteps: regular=1008, skinny=432
  babysteps: sieved |E_R|=32096 of dense 61782 (ratio 0.520, rho=0.519); skinny 3569; plain HH shortest-vector baseline 6635

Trial 9: N=5969927103171683 (53 bits), p=66567307, q=89682569
  m=1155 (primes<= 11), m0=1, X=m*m0=1155, S=[7, 11], t=2, M=77, rho=0.519, Y=2.000
  lambda0~1968.4, Lambda_R=27840, Lambda_S=1610, L*=55758
  RESULT: factor 66567307  via collision mod p (multipoint gcd)  (0.1s)
  oracle (correct candidate): branch=regular, i in [0,2Lambda]=True, i==Q(k_p) mod ell=True, e* in E_R=True, alpha^e*==giant mod p=True
  giantsteps: regular=1168, skinny=272
  babysteps: sieved |E_R|=28966 of dense 55758 (ratio 0.519, rho=0.519); skinny 3221; plain HH shortest-vector baseline 5989

Trial 10: N=3876989202901901 (52 bits), p=56023073, q=69203437
  m=1155 (primes<= 11), m0=1, X=m*m0=1155, S=[7, 11], t=2, M=77, rho=0.519, Y=2.000
  lambda0~1586.3, Lambda_R=22436, Lambda_S=1298, L*=44950
  RESULT: factor 56023073  via collision mod p (multipoint gcd)  (0.1s)
  oracle (correct candidate): branch=regular, i in [0,2Lambda]=True, i==Q(k_p) mod ell=True, e* in E_R=True, alpha^e*==giant mod p=True
  giantsteps: regular=1120, skinny=320
  babysteps: sieved |E_R|=23351 of dense 44950 (ratio 0.519, rho=0.519); skinny 2597; plain HH shortest-vector baseline 4827

Trial 11: N=1853250823268899 (51 bits), p=33861803, q=54729833
  m=1155 (primes<= 11), m0=1, X=m*m0=1155, S=[7, 11], t=2, M=77, rho=0.519, Y=2.000
  lambda0~1096.7, Lambda_R=15512, Lambda_S=898, L*=31102
  RESULT: factor 54729833  via collision mod p (multipoint gcd)  (0.1s)
  oracle (correct candidate): branch=skinny, i in [0,2Lambda]=True, i==Q(k_p) mod ell=True, e* in E_R=None, alpha^e*==giant mod p=True
  giantsteps: regular=1120, skinny=320
  babysteps: sieved |E_R|=16158 of dense 31102 (ratio 0.520, rho=0.519); skinny 1797; plain HH shortest-vector baseline 3339

Trial 12: N=5466699749931481 (53 bits), p=44053963, q=124090987
  m=1155 (primes<= 11), m0=1, X=m*m0=1155, S=[7, 11], t=2, M=77, rho=0.519, Y=2.000
  lambda0~1883.6, Lambda_R=26641, Lambda_S=1540, L*=53360
  RESULT: factor 124090987  via collision mod p (multipoint gcd)  (0.1s)
  oracle (correct candidate): branch=regular, i in [0,2Lambda]=True, i==Q(k_p) mod ell=True, e* in E_R=True, alpha^e*==giant mod p=True
  giantsteps: regular=1120, skinny=320
  babysteps: sieved |E_R|=27720 of dense 53360 (ratio 0.519, rho=0.519); skinny 3081; plain HH shortest-vector baseline 5731

Trial 13: N=2719898958727861 (52 bits), p=38144131, q=71305831
  m=1155 (primes<= 11), m0=1, X=m*m0=1155, S=[7, 11], t=2, M=77, rho=0.519, Y=2.000
  lambda0~1328.6, Lambda_R=18792, Lambda_S=1087, L*=37662
  RESULT: factor 71305831  via collision mod p (multipoint gcd)  (0.1s)
  oracle (correct candidate): branch=regular, i in [0,2Lambda]=True, i==Q(k_p) mod ell=True, e* in E_R=True, alpha^e*==giant mod p=True
  giantsteps: regular=976, skinny=464
  babysteps: sieved |E_R|=19565 of dense 37662 (ratio 0.519, rho=0.519); skinny 2175; plain HH shortest-vector baseline 4045

Trial 14: N=7466520983751031 (53 bits), p=60714721, q=122977111
  m=1155 (primes<= 11), m0=1, X=m*m0=1155, S=[7, 11], t=2, M=77, rho=0.519, Y=2.000
  lambda0~2201.3, Lambda_R=31134, Lambda_S=1800, L*=62346
  RESULT: factor 60714721  via Lemma 3.11 certification  (0.0s)

Trial 15: N=7535029338407713 (53 bits), p=64050013, q=117642901
  m=1155 (primes<= 11), m0=1, X=m*m0=1155, S=[7, 11], t=2, M=77, rho=0.519, Y=2.000
  lambda0~2211.4, Lambda_R=31277, Lambda_S=1808, L*=62632
  RESULT: factor 64050013  via collision mod p (multipoint gcd)  (0.1s)
  oracle (correct candidate): branch=regular, i in [0,2Lambda]=True, i==Q(k_p) mod ell=True, e* in E_R=True, alpha^e*==giant mod p=True
  giantsteps: regular=1104, skinny=336
  babysteps: sieved |E_R|=32538 of dense 62632 (ratio 0.520, rho=0.519); skinny 3617; plain HH shortest-vector baseline 6727

Trial 16: N=5833980003333973 (53 bits), p=60329021, q=96702713
  m=1155 (primes<= 11), m0=1, X=m*m0=1155, S=[7, 11], t=2, M=77, rho=0.519, Y=2.000
  lambda0~1945.9, Lambda_R=27521, Lambda_S=1591, L*=55120
  RESULT: factor 60329021  via collision mod p (multipoint gcd)  (0.1s)
  oracle (correct candidate): branch=skinny, i in [0,2Lambda]=True, i==Q(k_p) mod ell=True, e* in E_R=None, alpha^e*==giant mod p=True
  giantsteps: regular=1104, skinny=336
  babysteps: sieved |E_R|=28635 of dense 55120 (ratio 0.520, rho=0.519); skinny 3183; plain HH shortest-vector baseline 5921

Trial 17: N=6449520478209727 (53 bits), p=53043143, q=121590089
  m=1155 (primes<= 11), m0=1, X=m*m0=1155, S=[7, 11], t=2, M=77, rho=0.519, Y=2.000
  lambda0~2045.9, Lambda_R=28936, Lambda_S=1673, L*=57950
  RESULT: factor 53043143  via collision mod p (multipoint gcd)  (0.1s)
  oracle (correct candidate): branch=regular, i in [0,2Lambda]=True, i==Q(k_p) mod ell=True, e* in E_R=True, alpha^e*==giant mod p=True
  giantsteps: regular=1104, skinny=336
  babysteps: sieved |E_R|=30104 of dense 57950 (ratio 0.519, rho=0.519); skinny 3347; plain HH shortest-vector baseline 6225

Trial 18: N=4715634380527613 (53 bits), p=43577857, q=108211709
  m=1155 (primes<= 11), m0=1, X=m*m0=1155, S=[7, 11], t=2, M=77, rho=0.519, Y=2.000
  lambda0~1749.4, Lambda_R=24743, Lambda_S=1431, L*=49564
  RESULT: factor 43577857  via Lemma 3.11 certification  (0.0s)

Trial 19: N=5021212033423867 (53 bits), p=55993429, q=89675023
  m=1155 (primes<= 11), m0=1, X=m*m0=1155, S=[7, 11], t=2, M=77, rho=0.519, Y=2.000
  lambda0~1805.2, Lambda_R=25532, Lambda_S=1476, L*=51142
  RESULT: factor 89675023  via collision mod p (multipoint gcd)  (0.1s)
  oracle (correct candidate): branch=skinny, i in [0,2Lambda]=True, i==Q(k_p) mod ell=True, e* in E_R=None, alpha^e*==giant mod p=True
  giantsteps: regular=1104, skinny=336
  babysteps: sieved |E_R|=26567 of dense 51142 (ratio 0.519, rho=0.519); skinny 2953; plain HH shortest-vector baseline 5493

Trial 20: N=5101574445661037 (53 bits), p=58454173, q=87274769
  m=1155 (primes<= 11), m0=1, X=m*m0=1155, S=[7, 11], t=2, M=77, rho=0.519, Y=2.000
  lambda0~1819.6, Lambda_R=25736, Lambda_S=1488, L*=51550
  RESULT: factor 58454173  via collision mod p (multipoint gcd)  (0.1s)
  oracle (correct candidate): branch=regular, i in [0,2Lambda]=True, i==Q(k_p) mod ell=True, e* in E_R=True, alpha^e*==giant mod p=True
  giantsteps: regular=1168, skinny=272
  babysteps: sieved |E_R|=26780 of dense 51550 (ratio 0.519, rho=0.519); skinny 2977; plain HH shortest-vector baseline 5537

Trial 21: N=2603305891483907 (52 bits), p=48474487, q=53704661
  m=1155 (primes<= 11), m0=1, X=m*m0=1155, S=[7, 11], t=2, M=77, rho=0.519, Y=2.000
  lambda0~1299.8, Lambda_R=18385, Lambda_S=1064, L*=36848
  RESULT: factor 48474487  via collision mod p (multipoint gcd)  (0.1s)
  oracle (correct candidate): branch=regular, i in [0,2Lambda]=True, i==Q(k_p) mod ell=True, e* in E_R=True, alpha^e*==giant mod p=True
  giantsteps: regular=1168, skinny=272
  babysteps: sieved |E_R|=19142 of dense 36848 (ratio 0.519, rho=0.519); skinny 2129; plain HH shortest-vector baseline 3957

Trial 22: N=7540089928157819 (53 bits), p=57274433, q=131648443
  m=1155 (primes<= 11), m0=1, X=m*m0=1155, S=[7, 11], t=2, M=77, rho=0.519, Y=2.000
  lambda0~2212.2, Lambda_R=31287, Lambda_S=1809, L*=62652
  RESULT: factor 57274433  via collision mod p (multipoint gcd)  (0.1s)
  oracle (correct candidate): branch=regular, i in [0,2Lambda]=True, i==Q(k_p) mod ell=True, e* in E_R=True, alpha^e*==giant mod p=True
  giantsteps: regular=1072, skinny=368
  babysteps: sieved |E_R|=32546 of dense 62652 (ratio 0.519, rho=0.519); skinny 3619; plain HH shortest-vector baseline 6729

Trial 23: N=2063317132505323 (51 bits), p=37936799, q=54388277
  m=1155 (primes<= 11), m0=1, X=m*m0=1155, S=[7, 11], t=2, M=77, rho=0.519, Y=2.000
  lambda0~1157.2, Lambda_R=16368, Lambda_S=947, L*=32814
  RESULT: factor 37936799  via collision mod p (multipoint gcd)  (0.1s)
  oracle (correct candidate): branch=regular, i in [0,2Lambda]=True, i==Q(k_p) mod ell=True, e* in E_R=True, alpha^e*==giant mod p=True
  giantsteps: regular=1104, skinny=336
  babysteps: sieved |E_R|=17047 of dense 32814 (ratio 0.520, rho=0.519); skinny 1895; plain HH shortest-vector baseline 3523

Trial 24: N=3868235474345213 (52 bits), p=39534247, q=97845179
  m=1155 (primes<= 11), m0=1, X=m*m0=1155, S=[7, 11], t=2, M=77, rho=0.519, Y=2.000
  lambda0~1584.5, Lambda_R=22410, Lambda_S=1296, L*=44898
  RESULT: factor 39534247  via collision mod p (multipoint gcd)  (0.1s)
  oracle (correct candidate): branch=regular, i in [0,2Lambda]=True, i==Q(k_p) mod ell=True, e* in E_R=True, alpha^e*==giant mod p=True
  giantsteps: regular=1072, skinny=368
  babysteps: sieved |E_R|=23323 of dense 44898 (ratio 0.519, rho=0.519); skinny 2593; plain HH shortest-vector baseline 4821

Trial 25: N=3076152755228713 (52 bits), p=43850017, q=70151689
  m=1155 (primes<= 11), m0=1, X=m*m0=1155, S=[7, 11], t=2, M=77, rho=0.519, Y=2.000
  lambda0~1413.0, Lambda_R=19985, Lambda_S=1156, L*=40048
  RESULT: factor 43850017  via collision mod p (multipoint gcd)  (0.1s)
  oracle (correct candidate): branch=regular, i in [0,2Lambda]=True, i==Q(k_p) mod ell=True, e* in E_R=True, alpha^e*==giant mod p=True
  giantsteps: regular=1184, skinny=256
  babysteps: sieved |E_R|=20804 of dense 40048 (ratio 0.519, rho=0.519); skinny 2313; plain HH shortest-vector baseline 4301

25/25 factored.

Trial 1: N=7031694492422023 (53 bits), p=52675991, q=133489553
  m=1155 (primes<= 11), m0=1, X=m*m0=1155, S=[7, 11], t=2, M=77, rho=0.519, Y=2.000
  lambda0~2136.3, Lambda_R=30214, Lambda_S=1747, L*=60506
  RESULT: factor 133489553  via Lemma 3.11 certification  (0.0s)

Trial 2: N=5911769568541003 (53 bits), p=50566933, q=116909791
  m=1155 (primes<= 11), m0=1, X=m*m0=1155, S=[7, 11], t=2, M=77, rho=0.519, Y=2.000
  lambda0~1958.8, Lambda_R=27704, Lambda_S=1602, L*=55486
  RESULT: factor 50566933  via collision mod p (multipoint gcd)  (0.1s)
  oracle (correct candidate): branch=regular, i in [0,2Lambda]=True, i==Q(k_p) mod ell=True, e* in E_R=True, alpha^e*==giant mod p=True
  giantsteps: regular=1184, skinny=256
  babysteps: sieved |E_R|=28824 of dense 55486 (ratio 0.519, rho=0.519); skinny 3205; plain HH shortest-vector baseline 5959

Trial 3: N=5279305647694681 (53 bits), p=58590607, q=90104983
  m=1155 (primes<= 11), m0=1, X=m*m0=1155, S=[7, 11], t=2, M=77, rho=0.519, Y=2.000
  lambda0~1851.0, Lambda_R=26180, Lambda_S=1514, L*=52438
  RESULT: factor 90104983  via collision mod p (multipoint gcd)  (0.1s)
  oracle (correct candidate): branch=regular, i in [0,2Lambda]=True, i==Q(k_p) mod ell=True, e* in E_R=True, alpha^e*==giant mod p=True
  giantsteps: regular=976, skinny=464
  babysteps: sieved |E_R|=27241 of dense 52438 (ratio 0.519, rho=0.519); skinny 3029; plain HH shortest-vector baseline 5631

Trial 4: N=6304450159758461 (53 bits), p=54282629, q=116141209
  m=1155 (primes<= 11), m0=1, X=m*m0=1155, S=[7, 11], t=2, M=77, rho=0.519, Y=2.000
  lambda0~2022.8, Lambda_R=28609, Lambda_S=1654, L*=57296
  RESULT: factor 116141209  via collision mod p (multipoint gcd)  (0.1s)
  oracle (correct candidate): branch=regular, i in [0,2Lambda]=True, i==Q(k_p) mod ell=True, e* in E_R=True, alpha^e*==giant mod p=True
  giantsteps: regular=1072, skinny=368
  babysteps: sieved |E_R|=29764 of dense 57296 (ratio 0.519, rho=0.519); skinny 3309; plain HH shortest-vector baseline 6153

Trial 5: N=8271617811700609 (53 bits), p=65436391, q=126406999
  m=1155 (primes<= 11), m0=1, X=m*m0=1155, S=[7, 11], t=2, M=77, rho=0.519, Y=2.000
  lambda0~2317.0, Lambda_R=32770, Lambda_S=1894, L*=65618
  RESULT: factor 65436391  via collision mod p (multipoint gcd)  (0.1s)
  oracle (correct candidate): branch=skinny, i in [0,2Lambda]=True, i==Q(k_p) mod ell=True, e* in E_R=None, alpha^e*==giant mod p=True
  giantsteps: regular=976, skinny=464
  babysteps: sieved |E_R|=34087 of dense 65618 (ratio 0.519, rho=0.519); skinny 3789; plain HH shortest-vector baseline 7049

Trial 6: N=4489111155203539 (52 bits), p=35770817, q=125496467
  m=1155 (primes<= 11), m0=1, X=m*m0=1155, S=[7, 11], t=2, M=77, rho=0.519, Y=2.000
  lambda0~1706.9, Lambda_R=24142, Lambda_S=1396, L*=48362
  RESULT: factor 35770817  via collision mod p (multipoint gcd)  (0.1s)
  oracle (correct candidate): branch=regular, i in [0,2Lambda]=True, i==Q(k_p) mod ell=True, e* in E_R=True, alpha^e*==giant mod p=True
  giantsteps: regular=1136, skinny=304
  babysteps: sieved |E_R|=25123 of dense 48362 (ratio 0.519, rho=0.519); skinny 2793; plain HH shortest-vector baseline 5193

Trial 7: N=3008938763473387 (52 bits), p=40326007, q=74615341
  m=1155 (primes<= 11), m0=1, X=m*m0=1155, S=[7, 11], t=2, M=77, rho=0.519, Y=2.000
  lambda0~1397.4, Lambda_R=19765, Lambda_S=1144, L*=39608
  RESULT: factor 40326007  via collision mod p (multipoint gcd)  (0.1s)
  oracle (correct candidate): branch=regular, i in [0,2Lambda]=True, i==Q(k_p) mod ell=True, e* in E_R=True, alpha^e*==giant mod p=True
  giantsteps: regular=1184, skinny=256
  babysteps: sieved |E_R|=20577 of dense 39608 (ratio 0.520, rho=0.519); skinny 2289; plain HH shortest-vector baseline 4253

Trial 8: N=4720574436338549 (53 bits), p=64854233, q=72787453
  m=1155 (primes<= 11), m0=1, X=m*m0=1155, S=[7, 11], t=2, M=77, rho=0.519, Y=2.000
  lambda0~1750.3, Lambda_R=24756, Lambda_S=1432, L*=49590
  RESULT: factor 72787453  via collision mod p (multipoint gcd)  (0.1s)
  oracle (correct candidate): branch=skinny, i in [0,2Lambda]=True, i==Q(k_p) mod ell=True, e* in E_R=None, alpha^e*==giant mod p=True
  giantsteps: regular=1008, skinny=432
  babysteps: sieved |E_R|=25762 of dense 49590 (ratio 0.519, rho=0.519); skinny 2865; plain HH shortest-vector baseline 5325

Trial 9: N=3218774214327599 (52 bits), p=48044869, q=66995171
  m=1155 (primes<= 11), m0=1, X=m*m0=1155, S=[7, 11], t=2, M=77, rho=0.519, Y=2.000
  lambda0~1445.3, Lambda_R=20443, Lambda_S=1183, L*=40964
  RESULT: factor 48044869  via collision mod p (multipoint gcd)  (0.1s)
  oracle (correct candidate): branch=regular, i in [0,2Lambda]=True, i==Q(k_p) mod ell=True, e* in E_R=True, alpha^e*==giant mod p=True
  giantsteps: regular=1120, skinny=320
  babysteps: sieved |E_R|=21280 of dense 40964 (ratio 0.519, rho=0.519); skinny 2367; plain HH shortest-vector baseline 4399

Trial 10: N=4524301815064247 (53 bits), p=45241123, q=100004189
  m=1155 (primes<= 11), m0=1, X=m*m0=1155, S=[7, 11], t=2, M=77, rho=0.519, Y=2.000
  lambda0~1713.6, Lambda_R=24236, Lambda_S=1402, L*=48550
  RESULT: factor 45241123  via collision mod p (multipoint gcd)  (0.1s)
  oracle (correct candidate): branch=regular, i in [0,2Lambda]=True, i==Q(k_p) mod ell=True, e* in E_R=True, alpha^e*==giant mod p=True
  giantsteps: regular=976, skinny=464
  babysteps: sieved |E_R|=25221 of dense 48550 (ratio 0.519, rho=0.519); skinny 2805; plain HH shortest-vector baseline 5215

Trial 11: N=7211139278583601 (53 bits), p=66459083, q=108504947
  m=1155 (primes<= 11), m0=1, X=m*m0=1155, S=[7, 11], t=2, M=77, rho=0.519, Y=2.000
  lambda0~2163.4, Lambda_R=30597, Lambda_S=1769, L*=61272
  RESULT: factor 108504947  via collision mod p (multipoint gcd)  (0.1s)
  oracle (correct candidate): branch=skinny, i in [0,2Lambda]=True, i==Q(k_p) mod ell=True, e* in E_R=None, alpha^e*==giant mod p=True
  giantsteps: regular=976, skinny=464
  babysteps: sieved |E_R|=31830 of dense 61272 (ratio 0.519, rho=0.519); skinny 3539; plain HH shortest-vector baseline 6581

Trial 12: N=2227786928738863 (51 bits), p=37074923, q=60088781
  m=1155 (primes<= 11), m0=1, X=m*m0=1155, S=[7, 11], t=2, M=77, rho=0.519, Y=2.000
  lambda0~1202.4, Lambda_R=17008, Lambda_S=984, L*=34094
  RESULT: factor 37074923  via collision mod p (multipoint gcd)  (0.1s)
  oracle (correct candidate): branch=skinny, i in [0,2Lambda]=True, i==Q(k_p) mod ell=True, e* in E_R=None, alpha^e*==giant mod p=True
  giantsteps: regular=1104, skinny=336
  babysteps: sieved |E_R|=17711 of dense 34094 (ratio 0.519, rho=0.519); skinny 1969; plain HH shortest-vector baseline 3661

Trial 13: N=5365748723053493 (53 bits), p=64029703, q=83800931
  m=1155 (primes<= 11), m0=1, X=m*m0=1155, S=[7, 11], t=2, M=77, rho=0.519, Y=2.000
  lambda0~1866.1, Lambda_R=26394, Lambda_S=1526, L*=52866
  RESULT: factor 83800931  via collision mod p (multipoint gcd)  (0.1s)
  oracle (correct candidate): branch=regular, i in [0,2Lambda]=True, i==Q(k_p) mod ell=True, e* in E_R=True, alpha^e*==giant mod p=True
  giantsteps: regular=1072, skinny=368
  babysteps: sieved |E_R|=27463 of dense 52866 (ratio 0.519, rho=0.519); skinny 3053; plain HH shortest-vector baseline 5677

Trial 14: N=6338425909250671 (53 bits), p=48491407, q=130712353
  m=1155 (primes<= 11), m0=1, X=m*m0=1155, S=[7, 11], t=2, M=77, rho=0.519, Y=2.000
  lambda0~2028.2, Lambda_R=28686, Lambda_S=1659, L*=57450
  RESULT: factor 48491407  via collision mod p (multipoint gcd)  (0.1s)
  oracle (correct candidate): branch=regular, i in [0,2Lambda]=True, i==Q(k_p) mod ell=True, e* in E_R=True, alpha^e*==giant mod p=True
  giantsteps: regular=1088, skinny=352
  babysteps: sieved |E_R|=29844 of dense 57450 (ratio 0.519, rho=0.519); skinny 3319; plain HH shortest-vector baseline 6171

Trial 15: N=3009007223156903 (52 bits), p=43979501, q=68418403
  m=1155 (primes<= 11), m0=1, X=m*m0=1155, S=[7, 11], t=2, M=77, rho=0.519, Y=2.000
  lambda0~1397.5, Lambda_R=19766, Lambda_S=1144, L*=39610
  RESULT: factor 43979501  via collision mod p (multipoint gcd)  (0.1s)
  oracle (correct candidate): branch=regular, i in [0,2Lambda]=True, i==Q(k_p) mod ell=True, e* in E_R=True, alpha^e*==giant mod p=True
  giantsteps: regular=1072, skinny=368
  babysteps: sieved |E_R|=20578 of dense 39610 (ratio 0.520, rho=0.519); skinny 2289; plain HH shortest-vector baseline 4253

Trial 16: N=5197436132510581 (53 bits), p=59273777, q=87685253
  m=1155 (primes<= 11), m0=1, X=m*m0=1155, S=[7, 11], t=2, M=77, rho=0.519, Y=2.000
  lambda0~1836.6, Lambda_R=25976, Lambda_S=1502, L*=52030
  RESULT: factor 87685253  via collision mod p (multipoint gcd)  (0.1s)
  oracle (correct candidate): branch=regular, i in [0,2Lambda]=True, i==Q(k_p) mod ell=True, e* in E_R=True, alpha^e*==giant mod p=True
  giantsteps: regular=976, skinny=464
  babysteps: sieved |E_R|=27028 of dense 52030 (ratio 0.519, rho=0.519); skinny 3005; plain HH shortest-vector baseline 5589

Trial 17: N=4263086317631599 (52 bits), p=44759893, q=95243443
  m=1155 (primes<= 11), m0=1, X=m*m0=1155, S=[7, 11], t=2, M=77, rho=0.519, Y=2.000
  lambda0~1663.4, Lambda_R=23526, Lambda_S=1361, L*=47130
  RESULT: factor 44759893  via collision mod p (multipoint gcd)  (0.1s)
  oracle (correct candidate): branch=regular, i in [0,2Lambda]=True, i==Q(k_p) mod ell=True, e* in E_R=True, alpha^e*==giant mod p=True
  giantsteps: regular=1120, skinny=320
  babysteps: sieved |E_R|=24483 of dense 47130 (ratio 0.519, rho=0.519); skinny 2723; plain HH shortest-vector baseline 5061

Trial 18: N=3457365501648979 (52 bits), p=51053011, q=67721089
  m=1155 (primes<= 11), m0=1, X=m*m0=1155, S=[7, 11], t=2, M=77, rho=0.519, Y=2.000
  lambda0~1498.0, Lambda_R=21187, Lambda_S=1226, L*=42452
  RESULT: factor 67721089  via collision mod p (multipoint gcd)  (0.1s)
  oracle (correct candidate): branch=regular, i in [0,2Lambda]=True, i==Q(k_p) mod ell=True, e* in E_R=True, alpha^e*==giant mod p=True
  giantsteps: regular=1136, skinny=304
  babysteps: sieved |E_R|=22054 of dense 42452 (ratio 0.520, rho=0.519); skinny 2453; plain HH shortest-vector baseline 4559

Trial 19: N=5919642883276093 (53 bits), p=46830101, q=126406793
  m=1155 (primes<= 11), m0=1, X=m*m0=1155, S=[7, 11], t=2, M=77, rho=0.519, Y=2.000
  lambda0~1960.1, Lambda_R=27722, Lambda_S=1603, L*=55522
  RESULT: factor 46830101  via collision mod p (multipoint gcd)  (0.1s)
  oracle (correct candidate): branch=skinny, i in [0,2Lambda]=True, i==Q(k_p) mod ell=True, e* in E_R=None, alpha^e*==giant mod p=True
  giantsteps: regular=1040, skinny=400
  babysteps: sieved |E_R|=28843 of dense 55522 (ratio 0.519, rho=0.519); skinny 3207; plain HH shortest-vector baseline 5963

Trial 20: N=2635936762070921 (52 bits), p=34286459, q=76879819
  m=1155 (primes<= 11), m0=1, X=m*m0=1155, S=[7, 11], t=2, M=77, rho=0.519, Y=2.000
  lambda0~1308.0, Lambda_R=18500, Lambda_S=1070, L*=37078
  RESULT: factor 76879819  via collision mod p (multipoint gcd)  (0.1s)
  oracle (correct candidate): branch=regular, i in [0,2Lambda]=True, i==Q(k_p) mod ell=True, e* in E_R=True, alpha^e*==giant mod p=True
  giantsteps: regular=1120, skinny=320
  babysteps: sieved |E_R|=19261 of dense 37078 (ratio 0.519, rho=0.519); skinny 2141; plain HH shortest-vector baseline 3981

Trial 21: N=2559796118561651 (52 bits), p=39168257, q=65353843
  m=1155 (primes<= 11), m0=1, X=m*m0=1155, S=[7, 11], t=2, M=77, rho=0.519, Y=2.000
  lambda0~1288.9, Lambda_R=18231, Lambda_S=1055, L*=36540
  RESULT: factor 39168257  via collision mod p (multipoint gcd)  (0.1s)
  oracle (correct candidate): branch=skinny, i in [0,2Lambda]=True, i==Q(k_p) mod ell=True, e* in E_R=None, alpha^e*==giant mod p=True
  giantsteps: regular=1072, skinny=368
  babysteps: sieved |E_R|=18982 of dense 36540 (ratio 0.519, rho=0.519); skinny 2111; plain HH shortest-vector baseline 3923

Trial 22: N=4751234498943503 (53 bits), p=55586291, q=85474933
  m=1155 (primes<= 11), m0=1, X=m*m0=1155, S=[7, 11], t=2, M=77, rho=0.519, Y=2.000
  lambda0~1756.0, Lambda_R=24836, Lambda_S=1436, L*=49750
  RESULT: factor 85474933  via collision mod p (multipoint gcd)  (0.1s)
  oracle (correct candidate): branch=skinny, i in [0,2Lambda]=True, i==Q(k_p) mod ell=True, e* in E_R=None, alpha^e*==giant mod p=True
  giantsteps: regular=944, skinny=496
  babysteps: sieved |E_R|=25844 of dense 49750 (ratio 0.519, rho=0.519); skinny 2873; plain HH shortest-vector baseline 5343

Trial 23: N=2939324742037727 (52 bits), p=45173837, q=65066971
  m=1155 (primes<= 11), m0=1, X=m*m0=1155, S=[7, 11], t=2, M=77, rho=0.519, Y=2.000
  lambda0~1381.2, Lambda_R=19535, Lambda_S=1130, L*=39148
  RESULT: factor 45173837  via collision mod p (multipoint gcd)  (0.1s)
  oracle (correct candidate): branch=regular, i in [0,2Lambda]=True, i==Q(k_p) mod ell=True, e* in E_R=True, alpha^e*==giant mod p=True
  giantsteps: regular=944, skinny=496
  babysteps: sieved |E_R|=20338 of dense 39148 (ratio 0.520, rho=0.519); skinny 2261; plain HH shortest-vector baseline 4203

Trial 24: N=3816434467128737 (52 bits), p=47243887, q=80781551
  m=1155 (primes<= 11), m0=1, X=m*m0=1155, S=[7, 11], t=2, M=77, rho=0.519, Y=2.000
  lambda0~1573.8, Lambda_R=22260, Lambda_S=1288, L*=44598
  RESULT: factor 47243887  via collision mod p (multipoint gcd)  (0.1s)
  oracle (correct candidate): branch=skinny, i in [0,2Lambda]=True, i==Q(k_p) mod ell=True, e* in E_R=None, alpha^e*==giant mod p=True
  giantsteps: regular=1072, skinny=368
  babysteps: sieved |E_R|=23168 of dense 44598 (ratio 0.519, rho=0.519); skinny 2577; plain HH shortest-vector baseline 4789

Trial 25: N=3427309439671363 (52 bits), p=34997243, q=97930841
  m=1155 (primes<= 11), m0=1, X=m*m0=1155, S=[7, 11], t=2, M=77, rho=0.519, Y=2.000
  lambda0~1491.4, Lambda_R=21095, Lambda_S=1220, L*=42268
  RESULT: factor 97930841  via collision mod p (multipoint gcd)  (0.1s)
  oracle (correct candidate): branch=regular, i in [0,2Lambda]=True, i==Q(k_p) mod ell=True, e* in E_R=True, alpha^e*==giant mod p=True
  giantsteps: regular=1104, skinny=336
  babysteps: sieved |E_R|=21959 of dense 42268 (ratio 0.520, rho=0.519); skinny 2441; plain HH shortest-vector baseline 4539

25/25 factored.

Trial 1: N=5552894871192127 (53 bits), p=53916839, q=102989993
  m=1155 (primes<= 11), m0=1, X=m*m0=1155, S=[7, 11], t=2, M=77, rho=0.519, Y=2.000
  lambda0~1898.4, Lambda_R=26850, Lambda_S=1553, L*=53778
  RESULT: factor 102989993  via collision mod p (multipoint gcd)  (0.1s)
  oracle (correct candidate): branch=skinny, i in [0,2Lambda]=True, i==Q(k_p) mod ell=True, e* in E_R=None, alpha^e*==giant mod p=True
  giantsteps: regular=1104, skinny=336
  babysteps: sieved |E_R|=27938 of dense 53778 (ratio 0.520, rho=0.519); skinny 3107; plain HH shortest-vector baseline 5775

Trial 2: N=3554155962005521 (52 bits), p=38196923, q=93048227
  m=1155 (primes<= 11), m0=1, X=m*m0=1155, S=[7, 11], t=2, M=77, rho=0.519, Y=2.000
  lambda0~1518.8, Lambda_R=21481, Lambda_S=1243, L*=43040
  RESULT: factor 93048227  via collision mod p (multipoint gcd)  (0.1s)
  oracle (correct candidate): branch=regular, i in [0,2Lambda]=True, i==Q(k_p) mod ell=True, e* in E_R=True, alpha^e*==giant mod p=True
  giantsteps: regular=1088, skinny=352
  babysteps: sieved |E_R|=22359 of dense 43040 (ratio 0.519, rho=0.519); skinny 2487; plain HH shortest-vector baseline 4623

Trial 3: N=7175164350061987 (53 bits), p=58531871, q=122585597
  m=1155 (primes<= 11), m0=1, X=m*m0=1155, S=[7, 11], t=2, M=77, rho=0.519, Y=2.000
  lambda0~2158.0, Lambda_R=30521, Lambda_S=1764, L*=61120
  RESULT: factor 58531871  via collision mod p (multipoint gcd)  (0.1s)
  oracle (correct candidate): branch=skinny, i in [0,2Lambda]=True, i==Q(k_p) mod ell=True, e* in E_R=None, alpha^e*==giant mod p=True
  giantsteps: regular=1040, skinny=400
  babysteps: sieved |E_R|=31751 of dense 61120 (ratio 0.519, rho=0.519); skinny 3529; plain HH shortest-vector baseline 6565

Trial 4: N=2903562850054759 (52 bits), p=41412181, q=70113739
  m=1155 (primes<= 11), m0=1, X=m*m0=1155, S=[7, 11], t=2, M=77, rho=0.519, Y=2.000
  lambda0~1372.8, Lambda_R=19416, Lambda_S=1123, L*=38910
  RESULT: factor 41412181  via collision mod p (multipoint gcd)  (0.1s)
  oracle (correct candidate): branch=regular, i in [0,2Lambda]=True, i==Q(k_p) mod ell=True, e* in E_R=True, alpha^e*==giant mod p=True
  giantsteps: regular=1136, skinny=304
  babysteps: sieved |E_R|=20214 of dense 38910 (ratio 0.520, rho=0.519); skinny 2247; plain HH shortest-vector baseline 4179

Trial 5: N=4257186735709163 (52 bits), p=37865371, q=112429553
  m=1155 (primes<= 11), m0=1, X=m*m0=1155, S=[7, 11], t=2, M=77, rho=0.519, Y=2.000
  lambda0~1662.2, Lambda_R=23510, Lambda_S=1360, L*=47098
  RESULT: factor 112429553  via exact match + Lemma 2.4  (0.0s)
  oracle (correct candidate): branch=regular, i in [0,2Lambda]=True, i==Q(k_p) mod ell=True, e* in E_R=True, alpha^e*==giant mod p=True
  giantsteps: regular=1168, skinny=272
  babysteps: sieved |E_R|=24466 of dense 47098 (ratio 0.519, rho=0.519); skinny 2721; plain HH shortest-vector baseline 5059

Trial 6: N=5032035592089937 (53 bits), p=56043391, q=89788207
  m=1155 (primes<= 11), m0=1, X=m*m0=1155, S=[7, 11], t=2, M=77, rho=0.519, Y=2.000
  lambda0~1807.2, Lambda_R=25560, Lambda_S=1478, L*=51198
  RESULT: factor 89788207  via collision mod p (multipoint gcd)  (0.1s)
  oracle (correct candidate): branch=skinny, i in [0,2Lambda]=True, i==Q(k_p) mod ell=True, e* in E_R=None, alpha^e*==giant mod p=True
  giantsteps: regular=1104, skinny=336
  babysteps: sieved |E_R|=26597 of dense 51198 (ratio 0.519, rho=0.519); skinny 2957; plain HH shortest-vector baseline 5499

Trial 7: N=3358315011086089 (52 bits), p=54727823, q=61363943
  m=1155 (primes<= 11), m0=1, X=m*m0=1155, S=[7, 11], t=2, M=77, rho=0.519, Y=2.000
  lambda0~1476.3, Lambda_R=20881, Lambda_S=1208, L*=41840
  RESULT: factor 61363943  via collision mod p (multipoint gcd)  (0.1s)
  oracle (correct candidate): branch=regular, i in [0,2Lambda]=True, i==Q(k_p) mod ell=True, e* in E_R=True, alpha^e*==giant mod p=True
  giantsteps: regular=1120, skinny=320
  babysteps: sieved |E_R|=21736 of dense 41840 (ratio 0.520, rho=0.519); skinny 2417; plain HH shortest-vector baseline 4493

Trial 8: N=3944195720780111 (52 bits), p=60927283, q=64736117
  m=1155 (primes<= 11), m0=1, X=m*m0=1155, S=[7, 11], t=2, M=77, rho=0.519, Y=2.000
  lambda0~1599.9, Lambda_R=22629, Lambda_S=1309, L*=45336
  RESULT: factor 60927283  via collision mod p (multipoint gcd)  (0.1s)
  oracle (correct candidate): branch=regular, i in [0,2Lambda]=True, i==Q(k_p) mod ell=True, e* in E_R=True, alpha^e*==giant mod p=True
  giantsteps: regular=1168, skinny=272
  babysteps: sieved |E_R|=23551 of dense 45336 (ratio 0.519, rho=0.519); skinny 2619; plain HH shortest-vector baseline 4869

Trial 9: N=2426480888550497 (52 bits), p=45905471, q=52858207
  m=1155 (primes<= 11), m0=1, X=m*m0=1155, S=[7, 11], t=2, M=77, rho=0.519, Y=2.000
  lambda0~1254.9, Lambda_R=17750, Lambda_S=1027, L*=35578
  RESULT: factor 52858207  via collision mod p (multipoint gcd)  (0.1s)
  oracle (correct candidate): branch=regular, i in [0,2Lambda]=True, i==Q(k_p) mod ell=True, e* in E_R=True, alpha^e*==giant mod p=True
  giantsteps: regular=1168, skinny=272
  babysteps: sieved |E_R|=18482 of dense 35578 (ratio 0.519, rho=0.519); skinny 2055; plain HH shortest-vector baseline 3821

Trial 10: N=2756308074205177 (52 bits), p=51484001, q=53537177
  m=1155 (primes<= 11), m0=1, X=m*m0=1155, S=[7, 11], t=2, M=77, rho=0.519, Y=2.000
  lambda0~1337.5, Lambda_R=18917, Lambda_S=1095, L*=37912
  RESULT: factor 53537177  via Lemma 3.11 certification  (0.0s)

Trial 11: N=5070780998493751 (53 bits), p=41125213, q=123301027
  m=1155 (primes<= 11), m0=1, X=m*m0=1155, S=[7, 11], t=2, M=77, rho=0.519, Y=2.000
  lambda0~1814.1, Lambda_R=25658, Lambda_S=1484, L*=51394
  RESULT: factor 41125213  via collision mod p (multipoint gcd)  (0.1s)
  oracle (correct candidate): branch=regular, i in [0,2Lambda]=True, i==Q(k_p) mod ell=True, e* in E_R=True, alpha^e*==giant mod p=True
  giantsteps: regular=1136, skinny=304
  babysteps: sieved |E_R|=26699 of dense 51394 (ratio 0.519, rho=0.519); skinny 2969; plain HH shortest-vector baseline 5519

Trial 12: N=2734235546384623 (52 bits), p=37568849, q=72779327
  m=1155 (primes<= 11), m0=1, X=m*m0=1155, S=[7, 11], t=2, M=77, rho=0.519, Y=2.000
  lambda0~1332.1, Lambda_R=18842, Lambda_S=1090, L*=37762
  RESULT: factor 37568849  via collision mod p (multipoint gcd)  (0.1s)
  oracle (correct candidate): branch=skinny, i in [0,2Lambda]=True, i==Q(k_p) mod ell=True, e* in E_R=None, alpha^e*==giant mod p=True
  giantsteps: regular=1104, skinny=336
  babysteps: sieved |E_R|=19618 of dense 37762 (ratio 0.520, rho=0.519); skinny 2181; plain HH shortest-vector baseline 4055

Trial 13: N=5179090302841823 (53 bits), p=56862271, q=91081313
  m=1155 (primes<= 11), m0=1, X=m*m0=1155, S=[7, 11], t=2, M=77, rho=0.519, Y=2.000
  lambda0~1833.4, Lambda_R=25930, Lambda_S=1499, L*=51938
  RESULT: factor 56862271  via collision mod p (multipoint gcd)  (0.1s)
  oracle (correct candidate): branch=skinny, i in [0,2Lambda]=True, i==Q(k_p) mod ell=True, e* in E_R=None, alpha^e*==giant mod p=True
  giantsteps: regular=1168, skinny=272
  babysteps: sieved |E_R|=26981 of dense 51938 (ratio 0.519, rho=0.519); skinny 2999; plain HH shortest-vector baseline 5579

Trial 14: N=3370469385172639 (52 bits), p=42157697, q=79949087
  m=1155 (primes<= 11), m0=1, X=m*m0=1155, S=[7, 11], t=2, M=77, rho=0.519, Y=2.000
  lambda0~1479.0, Lambda_R=20919, Lambda_S=1210, L*=41916
  RESULT: factor 79949087  via collision mod p (multipoint gcd)  (0.1s)
  oracle (correct candidate): branch=regular, i in [0,2Lambda]=True, i==Q(k_p) mod ell=True, e* in E_R=True, alpha^e*==giant mod p=True
  giantsteps: regular=1136, skinny=304
  babysteps: sieved |E_R|=21776 of dense 41916 (ratio 0.520, rho=0.519); skinny 2421; plain HH shortest-vector baseline 4501

Trial 15: N=4943253682415641 (53 bits), p=62211323, q=79459067
  m=1155 (primes<= 11), m0=1, X=m*m0=1155, S=[7, 11], t=2, M=77, rho=0.519, Y=2.000
  lambda0~1791.2, Lambda_R=25333, Lambda_S=1465, L*=50744
  RESULT: factor 79459067  via collision mod p (multipoint gcd)  (0.1s)
  oracle (correct candidate): branch=skinny, i in [0,2Lambda]=True, i==Q(k_p) mod ell=True, e* in E_R=None, alpha^e*==giant mod p=True
  giantsteps: regular=1120, skinny=320
  babysteps: sieved |E_R|=26361 of dense 50744 (ratio 0.519, rho=0.519); skinny 2931; plain HH shortest-vector baseline 5449

Trial 16: N=1553081818956247 (51 bits), p=34025077, q=45645211
  m=1155 (primes<= 11), m0=1, X=m*m0=1155, S=[7, 11], t=2, M=77, rho=0.519, Y=2.000
  lambda0~1004.0, Lambda_R=14201, Lambda_S=822, L*=28480
  RESULT: factor 34025077  via collision mod p (multipoint gcd)  (0.1s)
  oracle (correct candidate): branch=regular, i in [0,2Lambda]=True, i==Q(k_p) mod ell=True, e* in E_R=True, alpha^e*==giant mod p=True
  giantsteps: regular=1184, skinny=256
  babysteps: sieved |E_R|=14795 of dense 28480 (ratio 0.519, rho=0.519); skinny 1645; plain HH shortest-vector baseline 3057

Trial 17: N=3629996702256161 (52 bits), p=44985319, q=80692919
  m=1155 (primes<= 11), m0=1, X=m*m0=1155, S=[7, 11], t=2, M=77, rho=0.519, Y=2.000
  lambda0~1534.9, Lambda_R=21709, Lambda_S=1256, L*=43496
  RESULT: factor 44985319  via collision mod p (multipoint gcd)  (0.1s)
  oracle (correct candidate): branch=regular, i in [0,2Lambda]=True, i==Q(k_p) mod ell=True, e* in E_R=True, alpha^e*==giant mod p=True
  giantsteps: regular=1008, skinny=432
  babysteps: sieved |E_R|=22596 of dense 43496 (ratio 0.519, rho=0.519); skinny 2513; plain HH shortest-vector baseline 4671

Trial 18: N=6907476179162701 (53 bits), p=54244537, q=127339573
  m=1155 (primes<= 11), m0=1, X=m*m0=1155, S=[7, 11], t=2, M=77, rho=0.519, Y=2.000
  lambda0~2117.3, Lambda_R=29946, Lambda_S=1731, L*=59970
  RESULT: factor 54244537  via collision mod p (multipoint gcd)  (0.1s)
  oracle (correct candidate): branch=regular, i in [0,2Lambda]=True, i==Q(k_p) mod ell=True, e* in E_R=True, alpha^e*==giant mod p=True
  giantsteps: regular=1136, skinny=304
  babysteps: sieved |E_R|=31154 of dense 59970 (ratio 0.519, rho=0.519); skinny 3463; plain HH shortest-vector baseline 6441

Trial 19: N=6016758164127157 (53 bits), p=54204443, q=111001199
  m=1155 (primes<= 11), m0=1, X=m*m0=1155, S=[7, 11], t=2, M=77, rho=0.519, Y=2.000
  lambda0~1976.1, Lambda_R=27949, Lambda_S=1616, L*=55976
  RESULT: factor 111001199  via collision mod p (multipoint gcd)  (0.1s)
  oracle (correct candidate): branch=regular, i in [0,2Lambda]=True, i==Q(k_p) mod ell=True, e* in E_R=True, alpha^e*==giant mod p=True
  giantsteps: regular=1184, skinny=256
  babysteps: sieved |E_R|=29079 of dense 55976 (ratio 0.519, rho=0.519); skinny 3233; plain HH shortest-vector baseline 6013

Trial 20: N=3367212768922459 (52 bits), p=46261427, q=72786617
  m=1155 (primes<= 11), m0=1, X=m*m0=1155, S=[7, 11], t=2, M=77, rho=0.519, Y=2.000
  lambda0~1478.3, Lambda_R=20909, Lambda_S=1210, L*=41896
  RESULT: factor 72786617  via collision mod p (multipoint gcd)  (0.1s)
  oracle (correct candidate): branch=regular, i in [0,2Lambda]=True, i==Q(k_p) mod ell=True, e* in E_R=True, alpha^e*==giant mod p=True
  giantsteps: regular=1136, skinny=304
  babysteps: sieved |E_R|=21764 of dense 41896 (ratio 0.519, rho=0.519); skinny 2421; plain HH shortest-vector baseline 4499

Trial 21: N=8227091521453979 (53 bits), p=66047561, q=124563139
  m=1155 (primes<= 11), m0=1, X=m*m0=1155, S=[7, 11], t=2, M=77, rho=0.519, Y=2.000
  lambda0~2310.7, Lambda_R=32681, Lambda_S=1889, L*=65440
  RESULT: factor 66047561  via collision mod p (multipoint gcd)  (0.1s)
  oracle (correct candidate): branch=regular, i in [0,2Lambda]=True, i==Q(k_p) mod ell=True, e* in E_R=True, alpha^e*==giant mod p=True
  giantsteps: regular=1168, skinny=272
  babysteps: sieved |E_R|=33995 of dense 65440 (ratio 0.519, rho=0.519); skinny 3779; plain HH shortest-vector baseline 7029

Trial 22: N=2750166925518307 (52 bits), p=46895071, q=58645117
  m=1155 (primes<= 11), m0=1, X=m*m0=1155, S=[7, 11], t=2, M=77, rho=0.519, Y=2.000
  lambda0~1336.0, Lambda_R=18896, Lambda_S=1093, L*=37870
  RESULT: factor 46895071  via exact match + Lemma 2.4  (0.0s)
  oracle (correct candidate): branch=skinny, i in [0,2Lambda]=True, i==Q(k_p) mod ell=True, e* in E_R=None, alpha^e*==giant mod p=True
  giantsteps: regular=1104, skinny=336
  babysteps: sieved |E_R|=19673 of dense 37870 (ratio 0.519, rho=0.519); skinny 2187; plain HH shortest-vector baseline 4067

Trial 23: N=3079420191152309 (52 bits), p=53443667, q=57619927
  m=1155 (primes<= 11), m0=1, X=m*m0=1155, S=[7, 11], t=2, M=77, rho=0.519, Y=2.000
  lambda0~1413.7, Lambda_R=19995, Lambda_S=1157, L*=40068
  RESULT: factor 57619927  via collision mod p (multipoint gcd)  (0.1s)
  oracle (correct candidate): branch=regular, i in [0,2Lambda]=True, i==Q(k_p) mod ell=True, e* in E_R=True, alpha^e*==giant mod p=True
  giantsteps: regular=1120, skinny=320
  babysteps: sieved |E_R|=20816 of dense 40068 (ratio 0.520, rho=0.519); skinny 2315; plain HH shortest-vector baseline 4303

Trial 24: N=4105735248032459 (52 bits), p=40773713, q=100695643
  m=1155 (primes<= 11), m0=1, X=m*m0=1155, S=[7, 11], t=2, M=77, rho=0.519, Y=2.000
  lambda0~1632.4, Lambda_R=23088, Lambda_S=1335, L*=46254
  RESULT: factor 40773713  via collision mod p (multipoint gcd)  (0.1s)
  oracle (correct candidate): branch=regular, i in [0,2Lambda]=True, i==Q(k_p) mod ell=True, e* in E_R=True, alpha^e*==giant mod p=True
  giantsteps: regular=1008, skinny=432
  babysteps: sieved |E_R|=24028 of dense 46254 (ratio 0.519, rho=0.519); skinny 2671; plain HH shortest-vector baseline 4967

Trial 25: N=4796542885836817 (53 bits), p=41283937, q=116184241
  m=1155 (primes<= 11), m0=1, X=m*m0=1155, S=[7, 11], t=2, M=77, rho=0.519, Y=2.000
  lambda0~1764.4, Lambda_R=24955, Lambda_S=1443, L*=49988
  RESULT: factor 116184241  via collision mod p (multipoint gcd)  (0.1s)
  oracle (correct candidate): branch=regular, i in [0,2Lambda]=True, i==Q(k_p) mod ell=True, e* in E_R=True, alpha^e*==giant mod p=True
  giantsteps: regular=1040, skinny=400
  babysteps: sieved |E_R|=25968 of dense 49988 (ratio 0.519, rho=0.519); skinny 2887; plain HH shortest-vector baseline 5369

25/25 factored.

Trial 1: N=4675864138907651 (53 bits), p=41796439, q=111872309
  m=1155 (primes<= 11), m0=1, X=m*m0=1155, S=[7, 11], t=2, M=77, rho=0.519, Y=2.000
  lambda0~1742.0, Lambda_R=24639, Lambda_S=1425, L*=49356
  RESULT: factor 41796439  via collision mod p (multipoint gcd)  (0.1s)
  oracle (correct candidate): branch=regular, i in [0,2Lambda]=True, i==Q(k_p) mod ell=True, e* in E_R=True, alpha^e*==giant mod p=True
  giantsteps: regular=1072, skinny=368
  babysteps: sieved |E_R|=25640 of dense 49356 (ratio 0.519, rho=0.519); skinny 2851; plain HH shortest-vector baseline 5301

Trial 2: N=4641704538547477 (53 bits), p=51818009, q=89577053
  m=1155 (primes<= 11), m0=1, X=m*m0=1155, S=[7, 11], t=2, M=77, rho=0.519, Y=2.000
  lambda0~1735.7, Lambda_R=24549, Lambda_S=1420, L*=49176
  RESULT: factor 89577053  via collision mod p (multipoint gcd)  (0.1s)
  oracle (correct candidate): branch=regular, i in [0,2Lambda]=True, i==Q(k_p) mod ell=True, e* in E_R=True, alpha^e*==giant mod p=True
  giantsteps: regular=1104, skinny=336
  babysteps: sieved |E_R|=25546 of dense 49176 (ratio 0.519, rho=0.519); skinny 2841; plain HH shortest-vector baseline 5281

Trial 3: N=5193505977151763 (53 bits), p=65592533, q=79178311
  m=1155 (primes<= 11), m0=1, X=m*m0=1155, S=[7, 11], t=2, M=77, rho=0.519, Y=2.000
  lambda0~1835.9, Lambda_R=25967, Lambda_S=1502, L*=52012
  RESULT: factor 79178311  via collision mod p (multipoint gcd)  (0.1s)
  oracle (correct candidate): branch=regular, i in [0,2Lambda]=True, i==Q(k_p) mod ell=True, e* in E_R=True, alpha^e*==giant mod p=True
  giantsteps: regular=976, skinny=464
  babysteps: sieved |E_R|=27020 of dense 52012 (ratio 0.519, rho=0.519); skinny 3005; plain HH shortest-vector baseline 5587

Trial 4: N=5219472437925209 (53 bits), p=39769591, q=131242799
  m=1155 (primes<= 11), m0=1, X=m*m0=1155, S=[7, 11], t=2, M=77, rho=0.519, Y=2.000
  lambda0~1840.5, Lambda_R=26031, Lambda_S=1505, L*=52140
  RESULT: factor 39769591  via collision mod p (multipoint gcd)  (0.1s)
  oracle (correct candidate): branch=regular, i in [0,2Lambda]=True, i==Q(k_p) mod ell=True, e* in E_R=True, alpha^e*==giant mod p=True
  giantsteps: regular=1072, skinny=368
  babysteps: sieved |E_R|=27086 of dense 52140 (ratio 0.519, rho=0.519); skinny 3011; plain HH shortest-vector baseline 5599

Trial 5: N=3930331505819749 (52 bits), p=61487687, q=63920627
  m=1155 (primes<= 11), m0=1, X=m*m0=1155, S=[7, 11], t=2, M=77, rho=0.519, Y=2.000
  lambda0~1597.1, Lambda_R=22589, Lambda_S=1307, L*=45256
  RESULT: factor 63920627  via collision mod p (multipoint gcd)  (0.1s)
  oracle (correct candidate): branch=regular, i in [0,2Lambda]=True, i==Q(k_p) mod ell=True, e* in E_R=True, alpha^e*==giant mod p=True
  giantsteps: regular=1136, skinny=304
  babysteps: sieved |E_R|=23510 of dense 45256 (ratio 0.519, rho=0.519); skinny 2615; plain HH shortest-vector baseline 4861

Trial 6: N=4198043948637157 (52 bits), p=45538789, q=92186113
  m=1155 (primes<= 11), m0=1, X=m*m0=1155, S=[7, 11], t=2, M=77, rho=0.519, Y=2.000
  lambda0~1650.6, Lambda_R=23346, Lambda_S=1350, L*=46770
  RESULT: factor 92186113  via collision mod p (multipoint gcd)  (0.1s)
  oracle (correct candidate): branch=skinny, i in [0,2Lambda]=True, i==Q(k_p) mod ell=True, e* in E_R=None, alpha^e*==giant mod p=True
  giantsteps: regular=1040, skinny=400
  babysteps: sieved |E_R|=24298 of dense 46770 (ratio 0.520, rho=0.519); skinny 2701; plain HH shortest-vector baseline 5023

Trial 7: N=2601086701183471 (52 bits), p=36621457, q=71026303
  m=1155 (primes<= 11), m0=1, X=m*m0=1155, S=[7, 11], t=2, M=77, rho=0.519, Y=2.000
  lambda0~1299.3, Lambda_R=18377, Lambda_S=1063, L*=36832
  RESULT: factor 36621457  via collision mod p (multipoint gcd)  (0.1s)
  oracle (correct candidate): branch=regular, i in [0,2Lambda]=True, i==Q(k_p) mod ell=True, e* in E_R=True, alpha^e*==giant mod p=True
  giantsteps: regular=1136, skinny=304
  babysteps: sieved |E_R|=19135 of dense 36832 (ratio 0.520, rho=0.519); skinny 2127; plain HH shortest-vector baseline 3955

Trial 8: N=5417811407472979 (53 bits), p=60547811, q=89479889
  m=1155 (primes<= 11), m0=1, X=m*m0=1155, S=[7, 11], t=2, M=77, rho=0.519, Y=2.000
  lambda0~1875.2, Lambda_R=26521, Lambda_S=1534, L*=53120
  RESULT: factor 60547811  via collision mod p (multipoint gcd)  (0.1s)
  oracle (correct candidate): branch=regular, i in [0,2Lambda]=True, i==Q(k_p) mod ell=True, e* in E_R=True, alpha^e*==giant mod p=True
  giantsteps: regular=976, skinny=464
  babysteps: sieved |E_R|=27595 of dense 53120 (ratio 0.519, rho=0.519); skinny 3069; plain HH shortest-vector baseline 5705

Trial 9: N=6901684737712693 (53 bits), p=64930003, q=106294231
  m=1155 (primes<= 11), m0=1, X=m*m0=1155, S=[7, 11], t=2, M=77, rho=0.519, Y=2.000
  lambda0~2116.4, Lambda_R=29933, Lambda_S=1731, L*=59944
  RESULT: factor 106294231  via Lemma 3.11 certification  (0.0s)

Trial 10: N=2480437661890957 (52 bits), p=34420079, q=72063683
  m=1155 (primes<= 11), m0=1, X=m*m0=1155, S=[7, 11], t=2, M=77, rho=0.519, Y=2.000
  lambda0~1268.8, Lambda_R=17946, Lambda_S=1038, L*=35970
  RESULT: factor 34420079  via collision mod p (multipoint gcd)  (0.1s)
  oracle (correct candidate): branch=regular, i in [0,2Lambda]=True, i==Q(k_p) mod ell=True, e* in E_R=True, alpha^e*==giant mod p=True
  giantsteps: regular=1184, skinny=256
  babysteps: sieved |E_R|=18686 of dense 35970 (ratio 0.519, rho=0.519); skinny 2077; plain HH shortest-vector baseline 3863

Trial 11: N=5604525519467929 (53 bits), p=42226969, q=132723841
  m=1155 (primes<= 11), m0=1, X=m*m0=1155, S=[7, 11], t=2, M=77, rho=0.519, Y=2.000
  lambda0~1907.2, Lambda_R=26974, Lambda_S=1560, L*=54026
  RESULT: factor 42226969  via collision mod p (multipoint gcd)  (0.1s)
  oracle (correct candidate): branch=regular, i in [0,2Lambda]=True, i==Q(k_p) mod ell=True, e* in E_R=True, alpha^e*==giant mod p=True
  giantsteps: regular=1120, skinny=320
  babysteps: sieved |E_R|=28065 of dense 54026 (ratio 0.519, rho=0.519); skinny 3121; plain HH shortest-vector baseline 5803

Trial 12: N=4691112507072053 (53 bits), p=42737173, q=109766561
  m=1155 (primes<= 11), m0=1, X=m*m0=1155, S=[7, 11], t=2, M=77, rho=0.519, Y=2.000
  lambda0~1744.9, Lambda_R=24679, Lambda_S=1427, L*=49436
  RESULT: factor 109766561  via collision mod p (multipoint gcd)  (0.1s)
  oracle (correct candidate): branch=skinny, i in [0,2Lambda]=True, i==Q(k_p) mod ell=True, e* in E_R=None, alpha^e*==giant mod p=True
  giantsteps: regular=976, skinny=464
  babysteps: sieved |E_R|=25682 of dense 49436 (ratio 0.519, rho=0.519); skinny 2855; plain HH shortest-vector baseline 5309

Trial 13: N=2286060648673723 (52 bits), p=46316903, q=49356941
  m=1155 (primes<= 11), m0=1, X=m*m0=1155, S=[7, 11], t=2, M=77, rho=0.519, Y=2.000
  lambda0~1218.1, Lambda_R=17229, Lambda_S=997, L*=34536
  RESULT: factor 46316903  via collision mod p (multipoint gcd)  (0.1s)
  oracle (correct candidate): branch=skinny, i in [0,2Lambda]=True, i==Q(k_p) mod ell=True, e* in E_R=None, alpha^e*==giant mod p=True
  giantsteps: regular=1040, skinny=400
  babysteps: sieved |E_R|=17941 of dense 34536 (ratio 0.519, rho=0.519); skinny 1995; plain HH shortest-vector baseline 3709

Trial 14: N=3465433669151683 (52 bits), p=47548999, q=72881317
  m=1155 (primes<= 11), m0=1, X=m*m0=1155, S=[7, 11], t=2, M=77, rho=0.519, Y=2.000
  lambda0~1499.7, Lambda_R=21212, Lambda_S=1227, L*=42502
  RESULT: factor 47548999  via collision mod p (multipoint gcd)  (0.1s)
  oracle (correct candidate): branch=regular, i in [0,2Lambda]=True, i==Q(k_p) mod ell=True, e* in E_R=True, alpha^e*==giant mod p=True
  giantsteps: regular=1040, skinny=400
  babysteps: sieved |E_R|=22080 of dense 42502 (ratio 0.520, rho=0.519); skinny 2455; plain HH shortest-vector baseline 4565

Trial 15: N=1791749085956173 (51 bits), p=37799431, q=47401483
  m=1155 (primes<= 11), m0=1, X=m*m0=1155, S=[7, 11], t=2, M=77, rho=0.519, Y=2.000
  lambda0~1078.4, Lambda_R=15253, Lambda_S=883, L*=30584
  RESULT: factor 37799431  via collision mod p (multipoint gcd)  (0.1s)
  oracle (correct candidate): branch=regular, i in [0,2Lambda]=True, i==Q(k_p) mod ell=True, e* in E_R=True, alpha^e*==giant mod p=True
  giantsteps: regular=1104, skinny=336
  babysteps: sieved |E_R|=15888 of dense 30584 (ratio 0.519, rho=0.519); skinny 1767; plain HH shortest-vector baseline 3283

Trial 16: N=3915346178486257 (52 bits), p=43762717, q=89467621
  m=1155 (primes<= 11), m0=1, X=m*m0=1155, S=[7, 11], t=2, M=77, rho=0.519, Y=2.000
  lambda0~1594.1, Lambda_R=22546, Lambda_S=1304, L*=45170
  RESULT: factor 89467621  via collision mod p (multipoint gcd)  (0.1s)
  oracle (correct candidate): branch=skinny, i in [0,2Lambda]=True, i==Q(k_p) mod ell=True, e* in E_R=None, alpha^e*==giant mod p=True
  giantsteps: regular=1104, skinny=336
  babysteps: sieved |E_R|=23464 of dense 45170 (ratio 0.519, rho=0.519); skinny 2609; plain HH shortest-vector baseline 4851

Trial 17: N=2161717574681983 (51 bits), p=34505717, q=62648099
  m=1155 (primes<= 11), m0=1, X=m*m0=1155, S=[7, 11], t=2, M=77, rho=0.519, Y=2.000
  lambda0~1184.5, Lambda_R=16754, Lambda_S=970, L*=33586
  RESULT: factor 34505717  via collision mod p (multipoint gcd)  (0.1s)
  oracle (correct candidate): branch=regular, i in [0,2Lambda]=True, i==Q(k_p) mod ell=True, e* in E_R=True, alpha^e*==giant mod p=True
  giantsteps: regular=1184, skinny=256
  babysteps: sieved |E_R|=17447 of dense 33586 (ratio 0.519, rho=0.519); skinny 1941; plain HH shortest-vector baseline 3607

Trial 18: N=5509205289232559 (53 bits), p=47152627, q=116837717
  m=1155 (primes<= 11), m0=1, X=m*m0=1155, S=[7, 11], t=2, M=77, rho=0.519, Y=2.000
  lambda0~1890.9, Lambda_R=26744, Lambda_S=1546, L*=53566
  RESULT: factor 47152627  via collision mod p (multipoint gcd)  (0.1s)
  oracle (correct candidate): branch=regular, i in [0,2Lambda]=True, i==Q(k_p) mod ell=True, e* in E_R=True, alpha^e*==giant mod p=True
  giantsteps: regular=1008, skinny=432
  babysteps: sieved |E_R|=27826 of dense 53566 (ratio 0.519, rho=0.519); skinny 3093; plain HH shortest-vector baseline 5753

Trial 19: N=6547387583315977 (53 bits), p=52641263, q=124377479
  m=1155 (primes<= 11), m0=1, X=m*m0=1155, S=[7, 11], t=2, M=77, rho=0.519, Y=2.000
  lambda0~2061.4, Lambda_R=29155, Lambda_S=1686, L*=58388
  RESULT: factor 124377479  via collision mod p (multipoint gcd)  (0.1s)
  oracle (correct candidate): branch=regular, i in [0,2Lambda]=True, i==Q(k_p) mod ell=True, e* in E_R=True, alpha^e*==giant mod p=True
  giantsteps: regular=1184, skinny=256
  babysteps: sieved |E_R|=30332 of dense 58388 (ratio 0.519, rho=0.519); skinny 3373; plain HH shortest-vector baseline 6271

Trial 20: N=3582007851708823 (52 bits), p=43813877, q=81755099
  m=1155 (primes<= 11), m0=1, X=m*m0=1155, S=[7, 11], t=2, M=77, rho=0.519, Y=2.000
  lambda0~1524.7, Lambda_R=21565, Lambda_S=1247, L*=43208
  RESULT: factor 81755099  via collision mod p (multipoint gcd)  (0.1s)
  oracle (correct candidate): branch=regular, i in [0,2Lambda]=True, i==Q(k_p) mod ell=True, e* in E_R=True, alpha^e*==giant mod p=True
  giantsteps: regular=1040, skinny=400
  babysteps: sieved |E_R|=22446 of dense 43208 (ratio 0.519, rho=0.519); skinny 2495; plain HH shortest-vector baseline 4641

Trial 21: N=6150935801199719 (53 bits), p=50914093, q=120810083
  m=1155 (primes<= 11), m0=1, X=m*m0=1155, S=[7, 11], t=2, M=77, rho=0.519, Y=2.000
  lambda0~1998.0, Lambda_R=28259, Lambda_S=1634, L*=56596
  RESULT: factor 50914093  via collision mod p (multipoint gcd)  (0.1s)
  oracle (correct candidate): branch=regular, i in [0,2Lambda]=True, i==Q(k_p) mod ell=True, e* in E_R=True, alpha^e*==giant mod p=True
  giantsteps: regular=1008, skinny=432
  babysteps: sieved |E_R|=29401 of dense 56596 (ratio 0.519, rho=0.519); skinny 3269; plain HH shortest-vector baseline 6079

Trial 22: N=5207782255891247 (53 bits), p=59999917, q=86796491
  m=1155 (primes<= 11), m0=1, X=m*m0=1155, S=[7, 11], t=2, M=77, rho=0.519, Y=2.000
  lambda0~1838.5, Lambda_R=26002, Lambda_S=1504, L*=52082
  RESULT: factor 59999917  via collision mod p (multipoint gcd)  (0.1s)
  oracle (correct candidate): branch=regular, i in [0,2Lambda]=True, i==Q(k_p) mod ell=True, e* in E_R=True, alpha^e*==giant mod p=True
  giantsteps: regular=944, skinny=496
  babysteps: sieved |E_R|=27057 of dense 52082 (ratio 0.520, rho=0.519); skinny 3009; plain HH shortest-vector baseline 5593

Trial 23: N=6461262448297729 (53 bits), p=51066791, q=126525719
  m=1155 (primes<= 11), m0=1, X=m*m0=1155, S=[7, 11], t=2, M=77, rho=0.519, Y=2.000
  lambda0~2047.8, Lambda_R=28963, Lambda_S=1675, L*=58004
  RESULT: factor 126525719  via collision mod p (multipoint gcd)  (0.1s)
  oracle (correct candidate): branch=regular, i in [0,2Lambda]=True, i==Q(k_p) mod ell=True, e* in E_R=True, alpha^e*==giant mod p=True
  giantsteps: regular=1136, skinny=304
  babysteps: sieved |E_R|=30133 of dense 58004 (ratio 0.519, rho=0.519); skinny 3351; plain HH shortest-vector baseline 6229

Trial 24: N=6066004290300403 (53 bits), p=48685271, q=124596293
  m=1155 (primes<= 11), m0=1, X=m*m0=1155, S=[7, 11], t=2, M=77, rho=0.519, Y=2.000
  lambda0~1984.2, Lambda_R=28063, Lambda_S=1623, L*=56204
  RESULT: factor 48685271  via collision mod p (multipoint gcd)  (0.1s)
  oracle (correct candidate): branch=regular, i in [0,2Lambda]=True, i==Q(k_p) mod ell=True, e* in E_R=True, alpha^e*==giant mod p=True
  giantsteps: regular=1104, skinny=336
  babysteps: sieved |E_R|=29198 of dense 56204 (ratio 0.520, rho=0.519); skinny 3247; plain HH shortest-vector baseline 6037

Trial 25: N=6309307228214219 (53 bits), p=48282763, q=130674113
  m=1155 (primes<= 11), m0=1, X=m*m0=1155, S=[7, 11], t=2, M=77, rho=0.519, Y=2.000
  lambda0~2023.6, Lambda_R=28620, Lambda_S=1655, L*=57318
  RESULT: factor 48282763  via collision mod p (multipoint gcd)  (0.1s)
  oracle (correct candidate): branch=regular, i in [0,2Lambda]=True, i==Q(k_p) mod ell=True, e* in E_R=True, alpha^e*==giant mod p=True
  giantsteps: regular=1168, skinny=272
  babysteps: sieved |E_R|=29777 of dense 57318 (ratio 0.520, rho=0.519); skinny 3311; plain HH shortest-vector baseline 6157

25/25 factored.

Trial 1: N=5061473722724521 (53 bits), p=41653697, q=121513193
  m=1155 (primes<= 11), m0=1, X=m*m0=1155, S=[7, 11], t=2, M=77, rho=0.519, Y=2.000
  lambda0~1812.4, Lambda_R=25634, Lambda_S=1482, L*=51346
  RESULT: factor 41653697  via collision mod p (multipoint gcd)  (0.1s)
  oracle (correct candidate): branch=skinny, i in [0,2Lambda]=True, i==Q(k_p) mod ell=True, e* in E_R=None, alpha^e*==giant mod p=True
  giantsteps: regular=976, skinny=464
  babysteps: sieved |E_R|=26674 of dense 51346 (ratio 0.519, rho=0.519); skinny 2965; plain HH shortest-vector baseline 5515

Trial 2: N=2760854706857183 (52 bits), p=51032077, q=54100379
  m=1155 (primes<= 11), m0=1, X=m*m0=1155, S=[7, 11], t=2, M=77, rho=0.519, Y=2.000
  lambda0~1338.6, Lambda_R=18933, Lambda_S=1095, L*=37944
  RESULT: factor 54100379  via collision mod p (multipoint gcd)  (0.1s)
  oracle (correct candidate): branch=regular, i in [0,2Lambda]=True, i==Q(k_p) mod ell=True, e* in E_R=True, alpha^e*==giant mod p=True
  giantsteps: regular=976, skinny=464
  babysteps: sieved |E_R|=19711 of dense 37944 (ratio 0.519, rho=0.519); skinny 2191; plain HH shortest-vector baseline 4075

Trial 3: N=3334053452545369 (52 bits), p=44192479, q=75443911
  m=1155 (primes<= 11), m0=1, X=m*m0=1155, S=[7, 11], t=2, M=77, rho=0.519, Y=2.000
  lambda0~1471.0, Lambda_R=20806, Lambda_S=1204, L*=41690
  RESULT: factor 44192479  via collision mod p (multipoint gcd)  (0.1s)
  oracle (correct candidate): branch=skinny, i in [0,2Lambda]=True, i==Q(k_p) mod ell=True, e* in E_R=None, alpha^e*==giant mod p=True
  giantsteps: regular=976, skinny=464
  babysteps: sieved |E_R|=21658 of dense 41690 (ratio 0.520, rho=0.519); skinny 2409; plain HH shortest-vector baseline 4477

Trial 4: N=8509832796973549 (53 bits), p=66659423, q=127661363
  m=1155 (primes<= 11), m0=1, X=m*m0=1155, S=[7, 11], t=2, M=77, rho=0.519, Y=2.000
  lambda0~2350.1, Lambda_R=33238, Lambda_S=1921, L*=66554
  RESULT: factor 127661363  via collision mod p (multipoint gcd)  (0.1s)
  oracle (correct candidate): branch=regular, i in [0,2Lambda]=True, i==Q(k_p) mod ell=True, e* in E_R=True, alpha^e*==giant mod p=True
  giantsteps: regular=1120, skinny=320
  babysteps: sieved |E_R|=34575 of dense 66554 (ratio 0.520, rho=0.519); skinny 3843; plain HH shortest-vector baseline 7149

Trial 5: N=5135074509251923 (53 bits), p=65779667, q=78064769
  m=1155 (primes<= 11), m0=1, X=m*m0=1155, S=[7, 11], t=2, M=77, rho=0.519, Y=2.000
  lambda0~1825.6, Lambda_R=25820, Lambda_S=1493, L*=51718
  RESULT: factor 65779667  via collision mod p (multipoint gcd)  (0.1s)
  oracle (correct candidate): branch=regular, i in [0,2Lambda]=True, i==Q(k_p) mod ell=True, e* in E_R=True, alpha^e*==giant mod p=True
  giantsteps: regular=1040, skinny=400
  babysteps: sieved |E_R|=26866 of dense 51718 (ratio 0.519, rho=0.519); skinny 2987; plain HH shortest-vector baseline 5555

Trial 6: N=5449631172083717 (53 bits), p=62995991, q=86507587
  m=1155 (primes<= 11), m0=1, X=m*m0=1155, S=[7, 11], t=2, M=77, rho=0.519, Y=2.000
  lambda0~1880.7, Lambda_R=26599, Lambda_S=1538, L*=53276
  RESULT: factor 86507587  via collision mod p (multipoint gcd)  (0.1s)
  oracle (correct candidate): branch=skinny, i in [0,2Lambda]=True, i==Q(k_p) mod ell=True, e* in E_R=None, alpha^e*==giant mod p=True
  giantsteps: regular=1072, skinny=368
  babysteps: sieved |E_R|=27676 of dense 53276 (ratio 0.519, rho=0.519); skinny 3077; plain HH shortest-vector baseline 5721

Trial 7: N=4525842414495749 (53 bits), p=61281193, q=73853693
  m=1155 (primes<= 11), m0=1, X=m*m0=1155, S=[7, 11], t=2, M=77, rho=0.519, Y=2.000
  lambda0~1713.9, Lambda_R=24240, Lambda_S=1402, L*=48558
  RESULT: factor 73853693  via collision mod p (multipoint gcd)  (0.1s)
  oracle (correct candidate): branch=regular, i in [0,2Lambda]=True, i==Q(k_p) mod ell=True, e* in E_R=True, alpha^e*==giant mod p=True
  giantsteps: regular=1072, skinny=368
  babysteps: sieved |E_R|=25224 of dense 48558 (ratio 0.519, rho=0.519); skinny 2805; plain HH shortest-vector baseline 5215

Trial 8: N=5527947000388511 (53 bits), p=58188593, q=95000527
  m=1155 (primes<= 11), m0=1, X=m*m0=1155, S=[7, 11], t=2, M=77, rho=0.519, Y=2.000
  lambda0~1894.1, Lambda_R=26789, Lambda_S=1549, L*=53656
  RESULT: factor 95000527  via collision mod p (multipoint gcd)  (0.1s)
  oracle (correct candidate): branch=regular, i in [0,2Lambda]=True, i==Q(k_p) mod ell=True, e* in E_R=True, alpha^e*==giant mod p=True
  giantsteps: regular=1008, skinny=432
  babysteps: sieved |E_R|=27874 of dense 53656 (ratio 0.519, rho=0.519); skinny 3099; plain HH shortest-vector baseline 5763

Trial 9: N=4618094082494339 (53 bits), p=35787467, q=129042217
  m=1155 (primes<= 11), m0=1, X=m*m0=1155, S=[7, 11], t=2, M=77, rho=0.519, Y=2.000
  lambda0~1731.2, Lambda_R=24486, Lambda_S=1416, L*=49050
  RESULT: factor 35787467  via collision mod p (multipoint gcd)  (0.1s)
  oracle (correct candidate): branch=regular, i in [0,2Lambda]=True, i==Q(k_p) mod ell=True, e* in E_R=True, alpha^e*==giant mod p=True
  giantsteps: regular=1008, skinny=432
  babysteps: sieved |E_R|=25481 of dense 49050 (ratio 0.519, rho=0.519); skinny 2833; plain HH shortest-vector baseline 5267

Trial 10: N=5270443437590827 (53 bits), p=57299213, q=91981079
  m=1155 (primes<= 11), m0=1, X=m*m0=1155, S=[7, 11], t=2, M=77, rho=0.519, Y=2.000
  lambda0~1849.5, Lambda_R=26158, Lambda_S=1513, L*=52394
  RESULT: factor 57299213  via collision mod p (multipoint gcd)  (0.1s)
  oracle (correct candidate): branch=regular, i in [0,2Lambda]=True, i==Q(k_p) mod ell=True, e* in E_R=True, alpha^e*==giant mod p=True
  giantsteps: regular=1040, skinny=400
  babysteps: sieved |E_R|=27218 of dense 52394 (ratio 0.519, rho=0.519); skinny 3027; plain HH shortest-vector baseline 5627

Trial 11: N=4186725381854473 (52 bits), p=56802553, q=73706641
  m=1155 (primes<= 11), m0=1, X=m*m0=1155, S=[7, 11], t=2, M=77, rho=0.519, Y=2.000
  lambda0~1648.4, Lambda_R=23314, Lambda_S=1348, L*=46706
  RESULT: factor 73706641  via collision mod p (multipoint gcd)  (0.1s)
  oracle (correct candidate): branch=skinny, i in [0,2Lambda]=True, i==Q(k_p) mod ell=True, e* in E_R=None, alpha^e*==giant mod p=True
  giantsteps: regular=1184, skinny=256
  babysteps: sieved |E_R|=24263 of dense 46706 (ratio 0.519, rho=0.519); skinny 2697; plain HH shortest-vector baseline 5017

Trial 12: N=4317917389666039 (52 bits), p=63959509, q=67510171
  m=1155 (primes<= 11), m0=1, X=m*m0=1155, S=[7, 11], t=2, M=77, rho=0.519, Y=2.000
  lambda0~1674.0, Lambda_R=23677, Lambda_S=1369, L*=47432
  RESULT: factor 67510171  via collision mod p (multipoint gcd)  (0.1s)
  oracle (correct candidate): branch=skinny, i in [0,2Lambda]=True, i==Q(k_p) mod ell=True, e* in E_R=None, alpha^e*==giant mod p=True
  giantsteps: regular=1088, skinny=352
  babysteps: sieved |E_R|=24640 of dense 47432 (ratio 0.519, rho=0.519); skinny 2739; plain HH shortest-vector baseline 5093

Trial 13: N=6470854591541779 (53 bits), p=64260743, q=100696853
  m=1155 (primes<= 11), m0=1, X=m*m0=1155, S=[7, 11], t=2, M=77, rho=0.519, Y=2.000
  lambda0~2049.3, Lambda_R=28984, Lambda_S=1676, L*=58046
  RESULT: factor 64260743  via collision mod p (multipoint gcd)  (0.1s)
  oracle (correct candidate): branch=regular, i in [0,2Lambda]=True, i==Q(k_p) mod ell=True, e* in E_R=True, alpha^e*==giant mod p=True
  giantsteps: regular=1120, skinny=320
  babysteps: sieved |E_R|=30155 of dense 58046 (ratio 0.520, rho=0.519); skinny 3353; plain HH shortest-vector baseline 6235

Trial 14: N=5734899895237181 (53 bits), p=45153809, q=127008109
  m=1155 (primes<= 11), m0=1, X=m*m0=1155, S=[7, 11], t=2, M=77, rho=0.519, Y=2.000
  lambda0~1929.3, Lambda_R=27286, Lambda_S=1578, L*=54650
  RESULT: factor 127008109  via collision mod p (multipoint gcd)  (0.1s)
  oracle (correct candidate): branch=regular, i in [0,2Lambda]=True, i==Q(k_p) mod ell=True, e* in E_R=True, alpha^e*==giant mod p=True
  giantsteps: regular=1120, skinny=320
  babysteps: sieved |E_R|=28390 of dense 54650 (ratio 0.519, rho=0.519); skinny 3157; plain HH shortest-vector baseline 5869

Trial 15: N=3158697107201707 (52 bits), p=50266253, q=62839319
  m=1155 (primes<= 11), m0=1, X=m*m0=1155, S=[7, 11], t=2, M=77, rho=0.519, Y=2.000
  lambda0~1431.8, Lambda_R=20251, Lambda_S=1172, L*=40580
  RESULT: factor 50266253  via collision mod p (multipoint gcd)  (0.1s)
  oracle (correct candidate): branch=regular, i in [0,2Lambda]=True, i==Q(k_p) mod ell=True, e* in E_R=True, alpha^e*==giant mod p=True
  giantsteps: regular=1104, skinny=336
  babysteps: sieved |E_R|=21081 of dense 40580 (ratio 0.519, rho=0.519); skinny 2345; plain HH shortest-vector baseline 4357

Trial 16: N=8796171526662449 (53 bits), p=66555947, q=132162067
  m=1155 (primes<= 11), m0=1, X=m*m0=1155, S=[7, 11], t=2, M=77, rho=0.519, Y=2.000
  lambda0~2389.3, Lambda_R=33793, Lambda_S=1953, L*=67664
  RESULT: factor 132162067  via collision mod p (multipoint gcd)  (0.1s)
  oracle (correct candidate): branch=regular, i in [0,2Lambda]=True, i==Q(k_p) mod ell=True, e* in E_R=True, alpha^e*==giant mod p=True
  giantsteps: regular=1008, skinny=432
  babysteps: sieved |E_R|=35150 of dense 67664 (ratio 0.519, rho=0.519); skinny 3907; plain HH shortest-vector baseline 7267

Trial 17: N=4995481779344123 (53 bits), p=45041779, q=110907737
  m=1155 (primes<= 11), m0=1, X=m*m0=1155, S=[7, 11], t=2, M=77, rho=0.519, Y=2.000
  lambda0~1800.6, Lambda_R=25467, Lambda_S=1473, L*=51012
  RESULT: factor 45041779  via collision mod p (multipoint gcd)  (0.1s)
  oracle (correct candidate): branch=regular, i in [0,2Lambda]=True, i==Q(k_p) mod ell=True, e* in E_R=True, alpha^e*==giant mod p=True
  giantsteps: regular=1168, skinny=272
  babysteps: sieved |E_R|=26501 of dense 51012 (ratio 0.520, rho=0.519); skinny 2947; plain HH shortest-vector baseline 5479

Trial 18: N=7480182640881637 (53 bits), p=66277823, q=112861019
  m=1155 (primes<= 11), m0=1, X=m*m0=1155, S=[7, 11], t=2, M=77, rho=0.519, Y=2.000
  lambda0~2203.3, Lambda_R=31163, Lambda_S=1802, L*=62404
  RESULT: factor 66277823  via collision mod p (multipoint gcd)  (0.1s)
  oracle (correct candidate): branch=skinny, i in [0,2Lambda]=True, i==Q(k_p) mod ell=True, e* in E_R=None, alpha^e*==giant mod p=True
  giantsteps: regular=1104, skinny=336
  babysteps: sieved |E_R|=32418 of dense 62404 (ratio 0.519, rho=0.519); skinny 3605; plain HH shortest-vector baseline 6703

Trial 19: N=2056652639775709 (51 bits), p=43751789, q=47007281
  m=1155 (primes<= 11), m0=1, X=m*m0=1155, S=[7, 11], t=2, M=77, rho=0.519, Y=2.000
  lambda0~1155.3, Lambda_R=16341, Lambda_S=946, L*=32760
  RESULT: factor 47007281  via collision mod p (multipoint gcd)  (0.1s)
  oracle (correct candidate): branch=regular, i in [0,2Lambda]=True, i==Q(k_p) mod ell=True, e* in E_R=True, alpha^e*==giant mod p=True
  giantsteps: regular=1120, skinny=320
  babysteps: sieved |E_R|=17019 of dense 32760 (ratio 0.520, rho=0.519); skinny 1893; plain HH shortest-vector baseline 3517

Trial 20: N=5862179034650173 (53 bits), p=59485103, q=98548691
  m=1155 (primes<= 11), m0=1, X=m*m0=1155, S=[7, 11], t=2, M=77, rho=0.519, Y=2.000
  lambda0~1950.5, Lambda_R=27587, Lambda_S=1595, L*=55252
  RESULT: factor 59485103  via collision mod p (multipoint gcd)  (0.1s)
  oracle (correct candidate): branch=regular, i in [0,2Lambda]=True, i==Q(k_p) mod ell=True, e* in E_R=True, alpha^e*==giant mod p=True
  giantsteps: regular=1104, skinny=336
  babysteps: sieved |E_R|=28703 of dense 55252 (ratio 0.519, rho=0.519); skinny 3191; plain HH shortest-vector baseline 5935

Trial 21: N=4871021442733037 (53 bits), p=59512099, q=81849263
  m=1155 (primes<= 11), m0=1, X=m*m0=1155, S=[7, 11], t=2, M=77, rho=0.519, Y=2.000
  lambda0~1778.0, Lambda_R=25148, Lambda_S=1454, L*=50374
  RESULT: factor 59512099  via collision mod p (multipoint gcd)  (0.1s)
  oracle (correct candidate): branch=regular, i in [0,2Lambda]=True, i==Q(k_p) mod ell=True, e* in E_R=True, alpha^e*==giant mod p=True
  giantsteps: regular=1168, skinny=272
  babysteps: sieved |E_R|=26169 of dense 50374 (ratio 0.519, rho=0.519); skinny 2909; plain HH shortest-vector baseline 5411

Trial 22: N=3981094963196749 (52 bits), p=38537579, q=103304231
  m=1155 (primes<= 11), m0=1, X=m*m0=1155, S=[7, 11], t=2, M=77, rho=0.519, Y=2.000
  lambda0~1607.4, Lambda_R=22735, Lambda_S=1315, L*=45548
  RESULT: factor 38537579  via collision mod p (multipoint gcd)  (0.1s)
  oracle (correct candidate): branch=regular, i in [0,2Lambda]=True, i==Q(k_p) mod ell=True, e* in E_R=True, alpha^e*==giant mod p=True
  giantsteps: regular=1120, skinny=320
  babysteps: sieved |E_R|=23661 of dense 45548 (ratio 0.519, rho=0.519); skinny 2631; plain HH shortest-vector baseline 4891

Trial 23: N=4434116969696291 (52 bits), p=38035099, q=116579609
  m=1155 (primes<= 11), m0=1, X=m*m0=1155, S=[7, 11], t=2, M=77, rho=0.519, Y=2.000
  lambda0~1696.4, Lambda_R=23993, Lambda_S=1388, L*=48064
  RESULT: factor 38035099  via collision mod p (multipoint gcd)  (0.1s)
  oracle (correct candidate): branch=regular, i in [0,2Lambda]=True, i==Q(k_p) mod ell=True, e* in E_R=True, alpha^e*==giant mod p=True
  giantsteps: regular=1168, skinny=272
  babysteps: sieved |E_R|=24969 of dense 48064 (ratio 0.519, rho=0.519); skinny 2777; plain HH shortest-vector baseline 5161

Trial 24: N=7216308581179507 (53 bits), p=57260347, q=126026281
  m=1155 (primes<= 11), m0=1, X=m*m0=1155, S=[7, 11], t=2, M=77, rho=0.519, Y=2.000
  lambda0~2164.1, Lambda_R=30608, Lambda_S=1770, L*=61294
  RESULT: factor 57260347  via collision mod p (multipoint gcd)  (0.1s)
  oracle (correct candidate): branch=regular, i in [0,2Lambda]=True, i==Q(k_p) mod ell=True, e* in E_R=True, alpha^e*==giant mod p=True
  giantsteps: regular=1184, skinny=256
  babysteps: sieved |E_R|=31842 of dense 61294 (ratio 0.519, rho=0.519); skinny 3541; plain HH shortest-vector baseline 6583

Trial 25: N=8523326098151311 (53 bits), p=66334399, q=128490289
  m=1155 (primes<= 11), m0=1, X=m*m0=1155, S=[7, 11], t=2, M=77, rho=0.519, Y=2.000
  lambda0~2352.0, Lambda_R=33264, Lambda_S=1923, L*=66606
  RESULT: factor 66334399  via collision mod p (multipoint gcd)  (0.1s)
  oracle (correct candidate): branch=regular, i in [0,2Lambda]=True, i==Q(k_p) mod ell=True, e* in E_R=True, alpha^e*==giant mod p=True
  giantsteps: regular=1120, skinny=320
  babysteps: sieved |E_R|=34601 of dense 66606 (ratio 0.519, rho=0.519); skinny 3847; plain HH shortest-vector baseline 7155

25/25 factored.

Trial 1: N=4282767812684083 (52 bits), p=35121071, q=121942973
  m=1155 (primes<= 11), m0=1, X=m*m0=1155, S=[7, 11], t=2, M=77, rho=0.519, Y=2.000
  lambda0~1667.2, Lambda_R=23580, Lambda_S=1364, L*=47238
  RESULT: factor 35121071  via collision mod p (multipoint gcd)  (0.1s)
  oracle (correct candidate): branch=regular, i in [0,2Lambda]=True, i==Q(k_p) mod ell=True, e* in E_R=True, alpha^e*==giant mod p=True
  giantsteps: regular=1104, skinny=336
  babysteps: sieved |E_R|=24540 of dense 47238 (ratio 0.519, rho=0.519); skinny 2729; plain HH shortest-vector baseline 5073

Trial 2: N=3370039711733603 (52 bits), p=37032887, q=91001269
  m=1155 (primes<= 11), m0=1, X=m*m0=1155, S=[7, 11], t=2, M=77, rho=0.519, Y=2.000
  lambda0~1478.9, Lambda_R=20918, Lambda_S=1210, L*=41914
  RESULT: factor 91001269  via collision mod p (multipoint gcd)  (0.1s)
  oracle (correct candidate): branch=regular, i in [0,2Lambda]=True, i==Q(k_p) mod ell=True, e* in E_R=True, alpha^e*==giant mod p=True
  giantsteps: regular=976, skinny=464
  babysteps: sieved |E_R|=21775 of dense 41914 (ratio 0.520, rho=0.519); skinny 2421; plain HH shortest-vector baseline 4501

Trial 3: N=4758508847877931 (53 bits), p=64250357, q=74061983
  m=1155 (primes<= 11), m0=1, X=m*m0=1155, S=[7, 11], t=2, M=77, rho=0.519, Y=2.000
  lambda0~1757.4, Lambda_R=24855, Lambda_S=1437, L*=49788
  RESULT: factor 74061983  via collision mod p (multipoint gcd)  (0.1s)
  oracle (correct candidate): branch=skinny, i in [0,2Lambda]=True, i==Q(k_p) mod ell=True, e* in E_R=None, alpha^e*==giant mod p=True
  giantsteps: regular=1088, skinny=352
  babysteps: sieved |E_R|=25864 of dense 49788 (ratio 0.519, rho=0.519); skinny 2875; plain HH shortest-vector baseline 5347

Trial 4: N=2733776571738517 (52 bits), p=40842541, q=66934537
  m=1155 (primes<= 11), m0=1, X=m*m0=1155, S=[7, 11], t=2, M=77, rho=0.519, Y=2.000
  lambda0~1332.0, Lambda_R=18840, Lambda_S=1090, L*=37758
  RESULT: factor 40842541  via collision mod p (multipoint gcd)  (0.1s)
  oracle (correct candidate): branch=regular, i in [0,2Lambda]=True, i==Q(k_p) mod ell=True, e* in E_R=True, alpha^e*==giant mod p=True
  giantsteps: regular=1104, skinny=336
  babysteps: sieved |E_R|=19616 of dense 37758 (ratio 0.520, rho=0.519); skinny 2181; plain HH shortest-vector baseline 4055

Trial 5: N=5310877248150839 (53 bits), p=48747499, q=108946661
  m=1155 (primes<= 11), m0=1, X=m*m0=1155, S=[7, 11], t=2, M=77, rho=0.519, Y=2.000
  lambda0~1856.6, Lambda_R=26258, Lambda_S=1518, L*=52594
  RESULT: factor 108946661  via collision mod p (multipoint gcd)  (0.1s)
  oracle (correct candidate): branch=regular, i in [0,2Lambda]=True, i==Q(k_p) mod ell=True, e* in E_R=True, alpha^e*==giant mod p=True
  giantsteps: regular=1072, skinny=368
  babysteps: sieved |E_R|=27322 of dense 52594 (ratio 0.519, rho=0.519); skinny 3037; plain HH shortest-vector baseline 5649

Trial 6: N=1840535673136229 (51 bits), p=40223257, q=45757997
  m=1155 (primes<= 11), m0=1, X=m*m0=1155, S=[7, 11], t=2, M=77, rho=0.519, Y=2.000
  lambda0~1092.9, Lambda_R=15459, Lambda_S=895, L*=30996
  RESULT: factor 45757997  via collision mod p (multipoint gcd)  (0.1s)
  oracle (correct candidate): branch=regular, i in [0,2Lambda]=True, i==Q(k_p) mod ell=True, e* in E_R=True, alpha^e*==giant mod p=True
  giantsteps: regular=1168, skinny=272
  babysteps: sieved |E_R|=16102 of dense 30996 (ratio 0.519, rho=0.519); skinny 1791; plain HH shortest-vector baseline 3327

Trial 7: N=3228946326462959 (52 bits), p=42606827, q=75784717
  m=1155 (primes<= 11), m0=1, X=m*m0=1155, S=[7, 11], t=2, M=77, rho=0.519, Y=2.000
  lambda0~1447.6, Lambda_R=20475, Lambda_S=1184, L*=41028
  RESULT: factor 42606827  via collision mod p (multipoint gcd)  (0.1s)
  oracle (correct candidate): branch=skinny, i in [0,2Lambda]=True, i==Q(k_p) mod ell=True, e* in E_R=None, alpha^e*==giant mod p=True
  giantsteps: regular=1120, skinny=320
  babysteps: sieved |E_R|=21314 of dense 41028 (ratio 0.519, rho=0.519); skinny 2369; plain HH shortest-vector baseline 4405

Trial 8: N=2988459880093309 (52 bits), p=46270033, q=64587373
  m=1155 (primes<= 11), m0=1, X=m*m0=1155, S=[7, 11], t=2, M=77, rho=0.519, Y=2.000
  lambda0~1392.7, Lambda_R=19698, Lambda_S=1140, L*=39474
  RESULT: factor 46270033  via collision mod p (multipoint gcd)  (0.1s)
  oracle (correct candidate): branch=regular, i in [0,2Lambda]=True, i==Q(k_p) mod ell=True, e* in E_R=True, alpha^e*==giant mod p=True
  giantsteps: regular=1120, skinny=320
  babysteps: sieved |E_R|=20506 of dense 39474 (ratio 0.519, rho=0.519); skinny 2281; plain HH shortest-vector baseline 4239

Trial 9: N=3371998136806763 (52 bits), p=51988331, q=64860673
  m=1155 (primes<= 11), m0=1, X=m*m0=1155, S=[7, 11], t=2, M=77, rho=0.519, Y=2.000
  lambda0~1479.3, Lambda_R=20924, Lambda_S=1210, L*=41926
  RESULT: factor 64860673  via collision mod p (multipoint gcd)  (0.1s)
  oracle (correct candidate): branch=regular, i in [0,2Lambda]=True, i==Q(k_p) mod ell=True, e* in E_R=True, alpha^e*==giant mod p=True
  giantsteps: regular=944, skinny=496
  babysteps: sieved |E_R|=21781 of dense 41926 (ratio 0.520, rho=0.519); skinny 2421; plain HH shortest-vector baseline 4503

Trial 10: N=3461605726464521 (52 bits), p=53970641, q=64138681
  m=1155 (primes<= 11), m0=1, X=m*m0=1155, S=[7, 11], t=2, M=77, rho=0.519, Y=2.000
  lambda0~1498.9, Lambda_R=21200, Lambda_S=1226, L*=42478
  RESULT: factor 64138681  via collision mod p (multipoint gcd)  (0.1s)
  oracle (correct candidate): branch=regular, i in [0,2Lambda]=True, i==Q(k_p) mod ell=True, e* in E_R=True, alpha^e*==giant mod p=True
  giantsteps: regular=1168, skinny=272
  babysteps: sieved |E_R|=22066 of dense 42478 (ratio 0.519, rho=0.519); skinny 2453; plain HH shortest-vector baseline 4561

Trial 11: N=2790765495911213 (52 bits), p=45516203, q=61313671
  m=1155 (primes<= 11), m0=1, X=m*m0=1155, S=[7, 11], t=2, M=77, rho=0.519, Y=2.000
  lambda0~1345.8, Lambda_R=19035, Lambda_S=1101, L*=38148
  RESULT: factor 61313671  via collision mod p (multipoint gcd)  (0.1s)
  oracle (correct candidate): branch=skinny, i in [0,2Lambda]=True, i==Q(k_p) mod ell=True, e* in E_R=None, alpha^e*==giant mod p=True
  giantsteps: regular=944, skinny=496
  babysteps: sieved |E_R|=19818 of dense 38148 (ratio 0.520, rho=0.519); skinny 2203; plain HH shortest-vector baseline 4097

Trial 12: N=5814124930976471 (53 bits), p=47408003, q=122640157
  m=1155 (primes<= 11), m0=1, X=m*m0=1155, S=[7, 11], t=2, M=77, rho=0.519, Y=2.000
  lambda0~1942.5, Lambda_R=27474, Lambda_S=1589, L*=55026
  RESULT: factor 47408003  via collision mod p (multipoint gcd)  (0.1s)
  oracle (correct candidate): branch=regular, i in [0,2Lambda]=True, i==Q(k_p) mod ell=True, e* in E_R=True, alpha^e*==giant mod p=True
  giantsteps: regular=1072, skinny=368
  babysteps: sieved |E_R|=28584 of dense 55026 (ratio 0.519, rho=0.519); skinny 3179; plain HH shortest-vector baseline 5911

Trial 13: N=4869066354729329 (53 bits), p=43424779, q=112126451
  m=1155 (primes<= 11), m0=1, X=m*m0=1155, S=[7, 11], t=2, M=77, rho=0.519, Y=2.000
  lambda0~1777.7, Lambda_R=25142, Lambda_S=1454, L*=50362
  RESULT: factor 112126451  via collision mod p (multipoint gcd)  (0.1s)
  oracle (correct candidate): branch=skinny, i in [0,2Lambda]=True, i==Q(k_p) mod ell=True, e* in E_R=None, alpha^e*==giant mod p=True
  giantsteps: regular=1120, skinny=320
  babysteps: sieved |E_R|=26162 of dense 50362 (ratio 0.519, rho=0.519); skinny 2909; plain HH shortest-vector baseline 5409

Trial 14: N=4938657115291301 (53 bits), p=38007259, q=129939839
  m=1155 (primes<= 11), m0=1, X=m*m0=1155, S=[7, 11], t=2, M=77, rho=0.519, Y=2.000
  lambda0~1790.3, Lambda_R=25321, Lambda_S=1464, L*=50720
  RESULT: factor 129939839  via collision mod p (multipoint gcd)  (0.1s)
  oracle (correct candidate): branch=regular, i in [0,2Lambda]=True, i==Q(k_p) mod ell=True, e* in E_R=True, alpha^e*==giant mod p=True
  giantsteps: regular=1008, skinny=432
  babysteps: sieved |E_R|=26348 of dense 50720 (ratio 0.519, rho=0.519); skinny 2929; plain HH shortest-vector baseline 5447

Trial 15: N=3511184165411149 (52 bits), p=36468763, q=96279223
  m=1155 (primes<= 11), m0=1, X=m*m0=1155, S=[7, 11], t=2, M=77, rho=0.519, Y=2.000
  lambda0~1509.6, Lambda_R=21351, Lambda_S=1235, L*=42780
  RESULT: factor 96279223  via collision mod p (multipoint gcd)  (0.1s)
  oracle (correct candidate): branch=regular, i in [0,2Lambda]=True, i==Q(k_p) mod ell=True, e* in E_R=True, alpha^e*==giant mod p=True
  giantsteps: regular=1120, skinny=320
  babysteps: sieved |E_R|=22224 of dense 42780 (ratio 0.519, rho=0.519); skinny 2471; plain HH shortest-vector baseline 4595

Trial 16: N=4230688930939831 (52 bits), p=54175861, q=78091771
  m=1155 (primes<= 11), m0=1, X=m*m0=1155, S=[7, 11], t=2, M=77, rho=0.519, Y=2.000
  lambda0~1657.0, Lambda_R=23437, Lambda_S=1355, L*=46952
  RESULT: factor 54175861  via collision mod p (multipoint gcd)  (0.1s)
  oracle (correct candidate): branch=regular, i in [0,2Lambda]=True, i==Q(k_p) mod ell=True, e* in E_R=True, alpha^e*==giant mod p=True
  giantsteps: regular=1120, skinny=320
  babysteps: sieved |E_R|=24391 of dense 46952 (ratio 0.519, rho=0.519); skinny 2711; plain HH shortest-vector baseline 5043

Trial 17: N=2860558111836877 (52 bits), p=48905827, q=58491151
  m=1155 (primes<= 11), m0=1, X=m*m0=1155, S=[7, 11], t=2, M=77, rho=0.519, Y=2.000
  lambda0~1362.5, Lambda_R=19272, Lambda_S=1115, L*=38622
  RESULT: factor 58491151  via collision mod p (multipoint gcd)  (0.1s)
  oracle (correct candidate): branch=skinny, i in [0,2Lambda]=True, i==Q(k_p) mod ell=True, e* in E_R=None, alpha^e*==giant mod p=True
  giantsteps: regular=1104, skinny=336
  babysteps: sieved |E_R|=20064 of dense 38622 (ratio 0.519, rho=0.519); skinny 2231; plain HH shortest-vector baseline 4147

Trial 18: N=2422451584897087 (52 bits), p=33613351, q=72068137
  m=1155 (primes<= 11), m0=1, X=m*m0=1155, S=[7, 11], t=2, M=77, rho=0.519, Y=2.000
  lambda0~1253.9, Lambda_R=17735, Lambda_S=1026, L*=35548
  RESULT: factor 33613351  via collision mod p (multipoint gcd)  (0.1s)
  oracle (correct candidate): branch=regular, i in [0,2Lambda]=True, i==Q(k_p) mod ell=True, e* in E_R=True, alpha^e*==giant mod p=True
  giantsteps: regular=1104, skinny=336
  babysteps: sieved |E_R|=18466 of dense 35548 (ratio 0.519, rho=0.519); skinny 2053; plain HH shortest-vector baseline 3817

Trial 19: N=1687297077344701 (51 bits), p=33584801, q=50239901
  m=1155 (primes<= 11), m0=1, X=m*m0=1155, S=[7, 11], t=2, M=77, rho=0.519, Y=2.000
  lambda0~1046.5, Lambda_R=14802, Lambda_S=857, L*=29682
  RESULT: factor 33584801  via collision mod p (multipoint gcd)  (0.1s)
  oracle (correct candidate): branch=skinny, i in [0,2Lambda]=True, i==Q(k_p) mod ell=True, e* in E_R=None, alpha^e*==giant mod p=True
  giantsteps: regular=976, skinny=464
  babysteps: sieved |E_R|=15420 of dense 29682 (ratio 0.520, rho=0.519); skinny 1715; plain HH shortest-vector baseline 3187

Trial 20: N=7474451138928199 (53 bits), p=58950751, q=126791449
  m=1155 (primes<= 11), m0=1, X=m*m0=1155, S=[7, 11], t=2, M=77, rho=0.519, Y=2.000
  lambda0~2202.5, Lambda_R=31151, Lambda_S=1801, L*=62380
  RESULT: factor 58950751  via collision mod p (multipoint gcd)  (0.1s)
  oracle (correct candidate): branch=regular, i in [0,2Lambda]=True, i==Q(k_p) mod ell=True, e* in E_R=True, alpha^e*==giant mod p=True
  giantsteps: regular=1120, skinny=320
  babysteps: sieved |E_R|=32406 of dense 62380 (ratio 0.519, rho=0.519); skinny 3603; plain HH shortest-vector baseline 6701

Trial 21: N=4192478861741147 (52 bits), p=45446981, q=92249887
  m=1155 (primes<= 11), m0=1, X=m*m0=1155, S=[7, 11], t=2, M=77, rho=0.519, Y=2.000
  lambda0~1649.5, Lambda_R=23330, Lambda_S=1349, L*=46738
  RESULT: factor 45446981  via collision mod p (multipoint gcd)  (0.1s)
  oracle (correct candidate): branch=regular, i in [0,2Lambda]=True, i==Q(k_p) mod ell=True, e* in E_R=True, alpha^e*==giant mod p=True
  giantsteps: regular=976, skinny=464
  babysteps: sieved |E_R|=24280 of dense 46738 (ratio 0.519, rho=0.519); skinny 2699; plain HH shortest-vector baseline 5019

Trial 22: N=3031647938244439 (52 bits), p=40291673, q=75242543
  m=1155 (primes<= 11), m0=1, X=m*m0=1155, S=[7, 11], t=2, M=77, rho=0.519, Y=2.000
  lambda0~1402.7, Lambda_R=19840, Lambda_S=1148, L*=39758
  RESULT: factor 40291673  via collision mod p (multipoint gcd)  (0.1s)
  oracle (correct candidate): branch=skinny, i in [0,2Lambda]=True, i==Q(k_p) mod ell=True, e* in E_R=None, alpha^e*==giant mod p=True
  giantsteps: regular=1120, skinny=320
  babysteps: sieved |E_R|=20655 of dense 39758 (ratio 0.520, rho=0.519); skinny 2297; plain HH shortest-vector baseline 4269

Trial 23: N=3804084052291261 (52 bits), p=39251803, q=96914887
  m=1155 (primes<= 11), m0=1, X=m*m0=1155, S=[7, 11], t=2, M=77, rho=0.519, Y=2.000
  lambda0~1571.3, Lambda_R=22224, Lambda_S=1285, L*=44526
  RESULT: factor 39251803  via collision mod p (multipoint gcd)  (0.1s)
  oracle (correct candidate): branch=regular, i in [0,2Lambda]=True, i==Q(k_p) mod ell=True, e* in E_R=True, alpha^e*==giant mod p=True
  giantsteps: regular=1136, skinny=304
  babysteps: sieved |E_R|=23131 of dense 44526 (ratio 0.519, rho=0.519); skinny 2571; plain HH shortest-vector baseline 4781

Trial 24: N=2283006955888739 (52 bits), p=40558117, q=56289767
  m=1155 (primes<= 11), m0=1, X=m*m0=1155, S=[7, 11], t=2, M=77, rho=0.519, Y=2.000
  lambda0~1217.3, Lambda_R=17217, Lambda_S=996, L*=34512
  RESULT: factor 40558117  via collision mod p (multipoint gcd)  (0.1s)
  oracle (correct candidate): branch=regular, i in [0,2Lambda]=True, i==Q(k_p) mod ell=True, e* in E_R=True, alpha^e*==giant mod p=True
  giantsteps: regular=1168, skinny=272
  babysteps: sieved |E_R|=17929 of dense 34512 (ratio 0.520, rho=0.519); skinny 1993; plain HH shortest-vector baseline 3705

Trial 25: N=5435785867057669 (53 bits), p=48965419, q=111012751
  m=1155 (primes<= 11), m0=1, X=m*m0=1155, S=[7, 11], t=2, M=77, rho=0.519, Y=2.000
  lambda0~1878.3, Lambda_R=26565, Lambda_S=1536, L*=53208
  RESULT: factor 111012751  via Lemma 3.11 certification  (0.0s)

25/25 factored.
